Country,Age,Sex,Year,Life Expectancy
Argentina,0 years,Total,2000,73.9
Argentina,0 years,Total,2000,-6.8
Argentina,0 years,Total,2000,6.8
Argentina,0 years,Total,2001,74.2
Argentina,0 years,Total,2001,-7
Argentina,0 years,Total,2001,7
Argentina,0 years,Total,2002,74.3
Argentina,0 years,Total,2002,-7.2
Argentina,0 years,Total,2002,7.2
Argentina,0 years,Total,2003,74.3
Argentina,0 years,Total,2003,-7
Argentina,0 years,Total,2003,7
Argentina,0 years,Total,2004,74.9
Argentina,0 years,Total,2004,-6.7
Argentina,0 years,Total,2004,6.7
Argentina,0 years,Total,2005,75.2
Argentina,0 years,Total,2005,-6.9
Argentina,0 years,Total,2005,6.9
Argentina,0 years,Total,2006,75.3
Argentina,0 years,Total,2006,-6.4
Argentina,0 years,Total,2006,6.4
Argentina,0 years,Total,2007,74.8
Argentina,0 years,Total,2007,-6.4
Argentina,0 years,Total,2007,6.4
Argentina,0 years,Total,2008,75.4
Argentina,0 years,Total,2008,-6.4
Argentina,0 years,Total,2008,6.4
Argentina,0 years,Total,2009,75.6
Argentina,0 years,Total,2009,-6.1
Argentina,0 years,Total,2009,6.1
Argentina,0 years,Total,2010,75.7
Argentina,0 years,Total,2010,-6.2
Argentina,0 years,Total,2010,6.2
Argentina,0 years,Total,2011,76.1
Argentina,0 years,Total,2011,-6.7
Argentina,0 years,Total,2011,6.7
Argentina,0 years,Total,2012,75.8
Argentina,0 years,Total,2012,-5.8
Argentina,0 years,Total,2012,5.8
Argentina,0 years,Total,2013,75.8
Argentina,0 years,Total,2013,-5.7
Argentina,0 years,Total,2013,5.7
Argentina,0 years,Total,2014,76.3
Argentina,0 years,Total,2014,-5.8
Argentina,0 years,Total,2014,5.8
Argentina,0 years,Total,2015,76.6
Argentina,0 years,Total,2015,-6.4
Argentina,0 years,Total,2015,6.4
Argentina,0 years,Total,2016,76.1
Argentina,0 years,Total,2016,-6.1
Argentina,0 years,Total,2016,6.1
Argentina,0 years,Total,2017,76.5
Argentina,0 years,Total,2017,-5.4
Argentina,0 years,Total,2017,5.4
Argentina,0 years,Total,2018,76.8
Argentina,0 years,Total,2018,-5.6
Argentina,0 years,Total,2018,5.6
Argentina,0 years,Total,2019,76.8
Argentina,0 years,Total,2019,-5.3
Argentina,0 years,Total,2019,5.3
Argentina,0 years,Total,2020,75.9
Argentina,0 years,Total,2020,-5.8
Argentina,0 years,Total,2020,5.8
Argentina,0 years,Total,2021,73.9
Argentina,0 years,Total,2021,-5.7
Argentina,0 years,Total,2021,5.7
Argentina,0 years,Total,2022,75.8
Argentina,0 years,Total,2022,-5.1
Argentina,0 years,Total,2022,5.1
Argentina,0 years,Total,2023,77.4
Argentina,0 years,Total,2023,-5.1
Argentina,0 years,Total,2023,5.1
Argentina,0 years,Total,2024,77.5
Argentina,0 years,Total,2024,-5
Argentina,0 years,Total,2024,5
Australia,0 years,Total,2000,79.2
Australia,0 years,Total,2000,-5.4
Australia,0 years,Total,2000,5.4
Australia,0 years,Total,2001,79.6
Australia,0 years,Total,2001,-5.4
Australia,0 years,Total,2001,5.4
Australia,0 years,Total,2002,79.9
Australia,0 years,Total,2002,-5.2
Australia,0 years,Total,2002,5.2
Australia,0 years,Total,2003,80.2
Australia,0 years,Total,2003,-5
Australia,0 years,Total,2003,5
Australia,0 years,Total,2004,80.5
Australia,0 years,Total,2004,-4.9
Australia,0 years,Total,2004,4.9
Australia,0 years,Total,2005,80.8
Australia,0 years,Total,2005,-4.8
Australia,0 years,Total,2005,4.8
Australia,0 years,Total,2006,81
Australia,0 years,Total,2006,-4.8
Australia,0 years,Total,2006,4.8
Australia,0 years,Total,2007,81.3
Australia,0 years,Total,2007,-4.7
Australia,0 years,Total,2007,4.7
Australia,0 years,Total,2008,81.4
Australia,0 years,Total,2008,-4.5
Australia,0 years,Total,2008,4.5
Australia,0 years,Total,2009,81.5
Australia,0 years,Total,2009,-4.6
Australia,0 years,Total,2009,4.6
Australia,0 years,Total,2010,81.7
Australia,0 years,Total,2010,-4.5
Australia,0 years,Total,2010,4.5
Australia,0 years,Total,2011,81.9
Australia,0 years,Total,2011,-4.5
Australia,0 years,Total,2011,4.5
Australia,0 years,Total,2012,82
Australia,0 years,Total,2012,-4.4
Australia,0 years,Total,2012,4.4
Australia,0 years,Total,2013,82.1
Australia,0 years,Total,2013,-4.2
Australia,0 years,Total,2013,4.2
Australia,0 years,Total,2014,82.3
Australia,0 years,Total,2014,-4.1
Australia,0 years,Total,2014,4.1
Australia,0 years,Total,2015,82.4
Australia,0 years,Total,2015,-4.1
Australia,0 years,Total,2015,4.1
Australia,0 years,Total,2016,82.4
Australia,0 years,Total,2016,-4.2
Australia,0 years,Total,2016,4.2
Australia,0 years,Total,2017,82.5
Australia,0 years,Total,2017,-4.1
Australia,0 years,Total,2017,4.1
Australia,0 years,Total,2018,82.8
Australia,0 years,Total,2018,-4.2
Australia,0 years,Total,2018,4.2
Australia,0 years,Total,2019,82.9
Australia,0 years,Total,2019,-4.1
Australia,0 years,Total,2019,4.1
Australia,0 years,Total,2020,83.2
Australia,0 years,Total,2020,-4.1
Australia,0 years,Total,2020,4.1
Australia,0 years,Total,2021,83.3
Australia,0 years,Total,2021,-4.1
Australia,0 years,Total,2021,4.1
Australia,0 years,Total,2022,83.2
Australia,0 years,Total,2022,-4.1
Australia,0 years,Total,2022,4.1
Australia,0 years,Total,2023,83
Australia,0 years,Total,2023,-4
Australia,0 years,Total,2023,4
Australia,0 years,Total,2024,83
Australia,0 years,Total,2024,-4
Australia,0 years,Total,2024,4
Austria,0 years,Total,2000,78.3
Austria,0 years,Total,2000,-6
Austria,0 years,Total,2000,6
Austria,0 years,Total,2001,78.8
Austria,0 years,Total,2001,-6.1
Austria,0 years,Total,2001,6.1
Austria,0 years,Total,2002,78.9
Austria,0 years,Total,2002,-5.9
Austria,0 years,Total,2002,5.9
Austria,0 years,Total,2003,78.8
Austria,0 years,Total,2003,-5.6
Austria,0 years,Total,2003,5.6
Austria,0 years,Total,2004,79.3
Austria,0 years,Total,2004,-5.7
Austria,0 years,Total,2004,5.7
Austria,0 years,Total,2005,79.5
Austria,0 years,Total,2005,-5.6
Austria,0 years,Total,2005,5.6
Austria,0 years,Total,2006,80.1
Austria,0 years,Total,2006,-5.7
Austria,0 years,Total,2006,5.7
Austria,0 years,Total,2007,80.3
Austria,0 years,Total,2007,-5.7
Austria,0 years,Total,2007,5.7
Austria,0 years,Total,2008,80.6
Austria,0 years,Total,2008,-5.6
Austria,0 years,Total,2008,5.6
Austria,0 years,Total,2009,80.5
Austria,0 years,Total,2009,-5.6
Austria,0 years,Total,2009,5.6
Austria,0 years,Total,2010,80.7
Austria,0 years,Total,2010,-5.7
Austria,0 years,Total,2010,5.7
Austria,0 years,Total,2011,81.1
Austria,0 years,Total,2011,-5.5
Austria,0 years,Total,2011,5.5
Austria,0 years,Total,2012,81.1
Austria,0 years,Total,2012,-5.2
Austria,0 years,Total,2012,5.2
Austria,0 years,Total,2013,81.3
Austria,0 years,Total,2013,-5.2
Austria,0 years,Total,2013,5.2
Austria,0 years,Total,2014,81.4
Austria,0 years,Total,2014,-4.8
Austria,0 years,Total,2014,4.8
Austria,0 years,Total,2015,81.2
Austria,0 years,Total,2015,-5
Austria,0 years,Total,2015,5
Austria,0 years,Total,2016,81.6
Austria,0 years,Total,2016,-4.9
Austria,0 years,Total,2016,4.9
Austria,0 years,Total,2017,81.6
Austria,0 years,Total,2017,-4.6
Austria,0 years,Total,2017,4.6
Austria,0 years,Total,2018,81.7
Austria,0 years,Total,2018,-4.7
Austria,0 years,Total,2018,4.7
Austria,0 years,Total,2019,81.9
Austria,0 years,Total,2019,-4.7
Austria,0 years,Total,2019,4.7
Austria,0 years,Total,2020,81.3
Austria,0 years,Total,2020,-4.8
Austria,0 years,Total,2020,4.8
Austria,0 years,Total,2021,81.3
Austria,0 years,Total,2021,-4.9
Austria,0 years,Total,2021,4.9
Austria,0 years,Total,2022,81.4
Austria,0 years,Total,2022,-4.8
Austria,0 years,Total,2022,4.8
Austria,0 years,Total,2023,81.9
Austria,0 years,Total,2023,-4.8
Austria,0 years,Total,2023,4.8
Austria,0 years,Total,2024,82.1
Austria,0 years,Total,2024,-4.5
Austria,0 years,Total,2024,4.5
Belgium,0 years,Total,2000,77.9
Belgium,0 years,Total,2000,-6.4
Belgium,0 years,Total,2000,6.4
Belgium,0 years,Total,2001,78.1
Belgium,0 years,Total,2001,-6.3
Belgium,0 years,Total,2001,6.3
Belgium,0 years,Total,2002,78.2
Belgium,0 years,Total,2002,-6.1
Belgium,0 years,Total,2002,6.1
Belgium,0 years,Total,2003,78.3
Belgium,0 years,Total,2003,-5.8
Belgium,0 years,Total,2003,5.8
Belgium,0 years,Total,2004,79
Belgium,0 years,Total,2004,-5.9
Belgium,0 years,Total,2004,5.9
Belgium,0 years,Total,2005,79.1
Belgium,0 years,Total,2005,-5.7
Belgium,0 years,Total,2005,5.7
Belgium,0 years,Total,2006,79.5
Belgium,0 years,Total,2006,-5.7
Belgium,0 years,Total,2006,5.7
Belgium,0 years,Total,2007,79.9
Belgium,0 years,Total,2007,-5.5
Belgium,0 years,Total,2007,5.5
Belgium,0 years,Total,2008,79.8
Belgium,0 years,Total,2008,-5.7
Belgium,0 years,Total,2008,5.7
Belgium,0 years,Total,2009,80.2
Belgium,0 years,Total,2009,-5.4
Belgium,0 years,Total,2009,5.4
Belgium,0 years,Total,2010,80.3
Belgium,0 years,Total,2010,-5.5
Belgium,0 years,Total,2010,5.5
Belgium,0 years,Total,2011,80.7
Belgium,0 years,Total,2011,-5.3
Belgium,0 years,Total,2011,5.3
Belgium,0 years,Total,2012,80.5
Belgium,0 years,Total,2012,-5.3
Belgium,0 years,Total,2012,5.3
Belgium,0 years,Total,2013,80.7
Belgium,0 years,Total,2013,-5.1
Belgium,0 years,Total,2013,5.1
Belgium,0 years,Total,2014,81.1
Belgium,0 years,Total,2014,-4.9
Belgium,0 years,Total,2014,4.9
Belgium,0 years,Total,2015,80.9
Belgium,0 years,Total,2015,-4.6
Belgium,0 years,Total,2015,4.6
Belgium,0 years,Total,2016,81.3
Belgium,0 years,Total,2016,-4.9
Belgium,0 years,Total,2016,4.9
Belgium,0 years,Total,2017,81.4
Belgium,0 years,Total,2017,-4.7
Belgium,0 years,Total,2017,4.7
Belgium,0 years,Total,2018,81.5
Belgium,0 years,Total,2018,-4.5
Belgium,0 years,Total,2018,4.5
Belgium,0 years,Total,2019,81.8
Belgium,0 years,Total,2019,-4.4
Belgium,0 years,Total,2019,4.4
Belgium,0 years,Total,2020,80.8
Belgium,0 years,Total,2020,-4.6
Belgium,0 years,Total,2020,4.6
Belgium,0 years,Total,2021,81.7
Belgium,0 years,Total,2021,-4.8
Belgium,0 years,Total,2021,4.8
Belgium,0 years,Total,2022,81.7
Belgium,0 years,Total,2022,-4.2
Belgium,0 years,Total,2022,4.2
Belgium,0 years,Total,2023,82.3
Belgium,0 years,Total,2023,-4.1
Belgium,0 years,Total,2023,4.1
Belgium,0 years,Total,2024,82.4
Belgium,0 years,Total,2024,-4.1
Belgium,0 years,Total,2024,4.1
Brazil,0 years,Total,2000,69.6
Brazil,0 years,Total,2000,-6.6
Brazil,0 years,Total,2000,6.6
Brazil,0 years,Total,2001,70
Brazil,0 years,Total,2001,-6.7
Brazil,0 years,Total,2001,6.7
Brazil,0 years,Total,2002,70.4
Brazil,0 years,Total,2002,-6.8
Brazil,0 years,Total,2002,6.8
Brazil,0 years,Total,2003,70.9
Brazil,0 years,Total,2003,-6.8
Brazil,0 years,Total,2003,6.8
Brazil,0 years,Total,2004,71.4
Brazil,0 years,Total,2004,-6.8
Brazil,0 years,Total,2004,6.8
Brazil,0 years,Total,2005,71.8
Brazil,0 years,Total,2005,-6.8
Brazil,0 years,Total,2005,6.8
Brazil,0 years,Total,2006,72.3
Brazil,0 years,Total,2006,-6.8
Brazil,0 years,Total,2006,6.8
Brazil,0 years,Total,2007,72.7
Brazil,0 years,Total,2007,-6.8
Brazil,0 years,Total,2007,6.8
Brazil,0 years,Total,2008,73.1
Brazil,0 years,Total,2008,-6.9
Brazil,0 years,Total,2008,6.9
Brazil,0 years,Total,2009,73.5
Brazil,0 years,Total,2009,-6.9
Brazil,0 years,Total,2009,6.9
Brazil,0 years,Total,2010,73.8
Brazil,0 years,Total,2010,-6.9
Brazil,0 years,Total,2010,6.9
Brazil,0 years,Total,2011,74
Brazil,0 years,Total,2011,-6.9
Brazil,0 years,Total,2011,6.9
Brazil,0 years,Total,2012,74.3
Brazil,0 years,Total,2012,-6.9
Brazil,0 years,Total,2012,6.9
Brazil,0 years,Total,2013,74.6
Brazil,0 years,Total,2013,-6.8
Brazil,0 years,Total,2013,6.8
Brazil,0 years,Total,2014,74.8
Brazil,0 years,Total,2014,-6.8
Brazil,0 years,Total,2014,6.8
Brazil,0 years,Total,2015,75.1
Brazil,0 years,Total,2015,-6.7
Brazil,0 years,Total,2015,6.7
Brazil,0 years,Total,2016,75.1
Brazil,0 years,Total,2016,-6.8
Brazil,0 years,Total,2016,6.8
Brazil,0 years,Total,2017,75.4
Brazil,0 years,Total,2017,-6.7
Brazil,0 years,Total,2017,6.7
Brazil,0 years,Total,2018,75.6
Brazil,0 years,Total,2018,-6.6
Brazil,0 years,Total,2018,6.6
Brazil,0 years,Total,2019,75.8
Brazil,0 years,Total,2019,-6.4
Brazil,0 years,Total,2019,6.4
Brazil,0 years,Total,2020,74.5
Brazil,0 years,Total,2020,-6.1
Brazil,0 years,Total,2020,6.1
Brazil,0 years,Total,2021,73
Brazil,0 years,Total,2021,-6.6
Brazil,0 years,Total,2021,6.6
Brazil,0 years,Total,2022,74.9
Brazil,0 years,Total,2022,-6.4
Brazil,0 years,Total,2022,6.4
Brazil,0 years,Total,2023,75.8
Brazil,0 years,Total,2023,-6.2
Brazil,0 years,Total,2023,6.2
Brazil,0 years,Total,2024,76
Brazil,0 years,Total,2024,-6.2
Brazil,0 years,Total,2024,6.2
Bulgaria,0 years,Total,2000,71.6
Bulgaria,0 years,Total,2000,-6.6
Bulgaria,0 years,Total,2000,6.6
Bulgaria,0 years,Total,2001,71.9
Bulgaria,0 years,Total,2001,-6.8
Bulgaria,0 years,Total,2001,6.8
Bulgaria,0 years,Total,2002,72.1
Bulgaria,0 years,Total,2002,-6.7
Bulgaria,0 years,Total,2002,6.7
Bulgaria,0 years,Total,2003,72.3
Bulgaria,0 years,Total,2003,-7
Bulgaria,0 years,Total,2003,7
Bulgaria,0 years,Total,2004,72.5
Bulgaria,0 years,Total,2004,-7.2
Bulgaria,0 years,Total,2004,7.2
Bulgaria,0 years,Total,2005,72.5
Bulgaria,0 years,Total,2005,-7.2
Bulgaria,0 years,Total,2005,7.2
Bulgaria,0 years,Total,2006,72.7
Bulgaria,0 years,Total,2006,-7.1
Bulgaria,0 years,Total,2006,7.1
Bulgaria,0 years,Total,2007,73
Bulgaria,0 years,Total,2007,-7.1
Bulgaria,0 years,Total,2007,7.1
Bulgaria,0 years,Total,2008,73.3
Bulgaria,0 years,Total,2008,-7.2
Bulgaria,0 years,Total,2008,7.2
Bulgaria,0 years,Total,2009,73.7
Bulgaria,0 years,Total,2009,-7.2
Bulgaria,0 years,Total,2009,7.2
Bulgaria,0 years,Total,2010,73.8
Bulgaria,0 years,Total,2010,-7.1
Bulgaria,0 years,Total,2010,7.1
Bulgaria,0 years,Total,2011,74.2
Bulgaria,0 years,Total,2011,-7.1
Bulgaria,0 years,Total,2011,7.1
Bulgaria,0 years,Total,2012,74.4
Bulgaria,0 years,Total,2012,-7
Bulgaria,0 years,Total,2012,7
Bulgaria,0 years,Total,2013,74.9
Bulgaria,0 years,Total,2013,-7.3
Bulgaria,0 years,Total,2013,7.3
Bulgaria,0 years,Total,2014,74.4
Bulgaria,0 years,Total,2014,-7
Bulgaria,0 years,Total,2014,7
Bulgaria,0 years,Total,2015,74.5
Bulgaria,0 years,Total,2015,-6.9
Bulgaria,0 years,Total,2015,6.9
Bulgaria,0 years,Total,2016,74.7
Bulgaria,0 years,Total,2016,-7.3
Bulgaria,0 years,Total,2016,7.3
Bulgaria,0 years,Total,2017,74.6
Bulgaria,0 years,Total,2017,-7.1
Bulgaria,0 years,Total,2017,7.1
Bulgaria,0 years,Total,2018,74.7
Bulgaria,0 years,Total,2018,-7.1
Bulgaria,0 years,Total,2018,7.1
Bulgaria,0 years,Total,2019,74.8
Bulgaria,0 years,Total,2019,-7.3
Bulgaria,0 years,Total,2019,7.3
Bulgaria,0 years,Total,2020,73.3
Bulgaria,0 years,Total,2020,-7.7
Bulgaria,0 years,Total,2020,7.7
Bulgaria,0 years,Total,2021,71.2
Bulgaria,0 years,Total,2021,-7.3
Bulgaria,0 years,Total,2021,7.3
Bulgaria,0 years,Total,2022,74.1
Bulgaria,0 years,Total,2022,-7.4
Bulgaria,0 years,Total,2022,7.4
Bulgaria,0 years,Total,2023,75.7
Bulgaria,0 years,Total,2023,-7.6
Bulgaria,0 years,Total,2023,7.6
Bulgaria,0 years,Total,2024,75.8
Bulgaria,0 years,Total,2024,-7.3
Bulgaria,0 years,Total,2024,7.3
Canada,0 years,Total,2000,79.3
Canada,0 years,Total,2000,-5.2
Canada,0 years,Total,2000,5.2
Canada,0 years,Total,2001,79.5
Canada,0 years,Total,2001,-5.1
Canada,0 years,Total,2001,5.1
Canada,0 years,Total,2002,79.6
Canada,0 years,Total,2002,-4.9
Canada,0 years,Total,2002,4.9
Canada,0 years,Total,2003,79.8
Canada,0 years,Total,2003,-4.9
Canada,0 years,Total,2003,4.9
Canada,0 years,Total,2004,80.1
Canada,0 years,Total,2004,-4.7
Canada,0 years,Total,2004,4.7
Canada,0 years,Total,2005,80.2
Canada,0 years,Total,2005,-4.7
Canada,0 years,Total,2005,4.7
Canada,0 years,Total,2006,80.7
Canada,0 years,Total,2006,-4.6
Canada,0 years,Total,2006,4.6
Canada,0 years,Total,2007,80.7
Canada,0 years,Total,2007,-4.6
Canada,0 years,Total,2007,4.6
Canada,0 years,Total,2008,80.8
Canada,0 years,Total,2008,-4.5
Canada,0 years,Total,2008,4.5
Canada,0 years,Total,2009,81.2
Canada,0 years,Total,2009,-4.4
Canada,0 years,Total,2009,4.4
Canada,0 years,Total,2010,81.4
Canada,0 years,Total,2010,-4.3
Canada,0 years,Total,2010,4.3
Canada,0 years,Total,2011,81.6
Canada,0 years,Total,2011,-4.3
Canada,0 years,Total,2011,4.3
Canada,0 years,Total,2012,81.8
Canada,0 years,Total,2012,-4.2
Canada,0 years,Total,2012,4.2
Canada,0 years,Total,2013,81.8
Canada,0 years,Total,2013,-4.1
Canada,0 years,Total,2013,4.1
Canada,0 years,Total,2014,81.9
Canada,0 years,Total,2014,-4.1
Canada,0 years,Total,2014,4.2
Canada,0 years,Total,2015,81.9
Canada,0 years,Total,2015,-4
Canada,0 years,Total,2015,4
Canada,0 years,Total,2016,82
Canada,0 years,Total,2016,-4.1
Canada,0 years,Total,2016,4.1
Canada,0 years,Total,2017,81.9
Canada,0 years,Total,2017,-4.3
Canada,0 years,Total,2017,4.3
Canada,0 years,Total,2018,81.9
Canada,0 years,Total,2018,-4.2
Canada,0 years,Total,2018,4.2
Canada,0 years,Total,2019,82.2
Canada,0 years,Total,2019,-4.2
Canada,0 years,Total,2019,4.2
Canada,0 years,Total,2020,81.6
Canada,0 years,Total,2020,-4.5
Canada,0 years,Total,2020,4.5
Canada,0 years,Total,2021,81.5
Canada,0 years,Total,2021,-4.8
Canada,0 years,Total,2021,4.8
Canada,0 years,Total,2022,81.1
Canada,0 years,Total,2022,-4.5
Canada,0 years,Total,2022,4.5
Canada,0 years,Total,2023,81.7
Canada,0 years,Total,2023,-4.4
Canada,0 years,Total,2023,4.4
Canada,0 years,Total,2024,82.2
Canada,0 years,Total,2024,-4.3
Canada,0 years,Total,2024,4.3
Chile,0 years,Total,2000,77
Chile,0 years,Total,2000,-6.2
Chile,0 years,Total,2000,6.2
Chile,0 years,Total,2001,76.9
Chile,0 years,Total,2001,-6.3
Chile,0 years,Total,2001,6.3
Chile,0 years,Total,2002,77.5
Chile,0 years,Total,2002,-6.4
Chile,0 years,Total,2002,6.4
Chile,0 years,Total,2003,77.5
Chile,0 years,Total,2003,-6.2
Chile,0 years,Total,2003,6.2
Chile,0 years,Total,2004,77.6
Chile,0 years,Total,2004,-6.2
Chile,0 years,Total,2004,6.2
Chile,0 years,Total,2005,78
Chile,0 years,Total,2005,-6.1
Chile,0 years,Total,2005,6.1
Chile,0 years,Total,2006,78.4
Chile,0 years,Total,2006,-5.9
Chile,0 years,Total,2006,5.9
Chile,0 years,Total,2007,77.9
Chile,0 years,Total,2007,-6
Chile,0 years,Total,2007,6
Chile,0 years,Total,2008,78.6
Chile,0 years,Total,2008,-6
Chile,0 years,Total,2008,6
Chile,0 years,Total,2009,78.8
Chile,0 years,Total,2009,-6.1
Chile,0 years,Total,2009,6.1
Chile,0 years,Total,2010,78.6
Chile,0 years,Total,2010,-5.8
Chile,0 years,Total,2010,5.8
Chile,0 years,Total,2011,79.2
Chile,0 years,Total,2011,-5.7
Chile,0 years,Total,2011,5.7
Chile,0 years,Total,2012,79.3
Chile,0 years,Total,2012,-5.4
Chile,0 years,Total,2012,5.4
Chile,0 years,Total,2013,79.5
Chile,0 years,Total,2013,-5.6
Chile,0 years,Total,2013,5.6
Chile,0 years,Total,2014,79.7
Chile,0 years,Total,2014,-5.5
Chile,0 years,Total,2014,5.5
Chile,0 years,Total,2015,79.9
Chile,0 years,Total,2015,-5.5
Chile,0 years,Total,2015,5.5
Chile,0 years,Total,2016,80.3
Chile,0 years,Total,2016,-5.3
Chile,0 years,Total,2016,5.3
Chile,0 years,Total,2017,80.5
Chile,0 years,Total,2017,-5.2
Chile,0 years,Total,2017,5.2
Chile,0 years,Total,2018,80.8
Chile,0 years,Total,2018,-5.2
Chile,0 years,Total,2018,5.2
Chile,0 years,Total,2019,80.9
Chile,0 years,Total,2019,-5.2
Chile,0 years,Total,2019,5.2
Chile,0 years,Total,2020,79.9
Chile,0 years,Total,2020,-5.7
Chile,0 years,Total,2020,5.7
Chile,0 years,Total,2021,79.2
Chile,0 years,Total,2021,-5.7
Chile,0 years,Total,2021,5.7
Chile,0 years,Total,2022,79.8
Chile,0 years,Total,2022,-5.4
Chile,0 years,Total,2022,5.4
Chile,0 years,Total,2023,81.2
Chile,0 years,Total,2023,-5
Chile,0 years,Total,2023,5
Chile,0 years,Total,2024,81.3
Chile,0 years,Total,2024,-4.8
Chile,0 years,Total,2024,4.8
Chile,0 years,Total,2025,81.5
Chile,0 years,Total,2025,-4.8
Chile,0 years,Total,2025,4.8
China (People’s Republic of),0 years,Total,2000,72.3
China (People’s Republic of),0 years,Total,2000,-5
China (People’s Republic of),0 years,Total,2000,5
China (People’s Republic of),0 years,Total,2001,72.7
China (People’s Republic of),0 years,Total,2001,-5.1
China (People’s Republic of),0 years,Total,2001,5.1
China (People’s Republic of),0 years,Total,2002,73
China (People’s Republic of),0 years,Total,2002,-5.1
China (People’s Republic of),0 years,Total,2002,5.1
China (People’s Republic of),0 years,Total,2003,73.4
China (People’s Republic of),0 years,Total,2003,-5.1
China (People’s Republic of),0 years,Total,2003,5.1
China (People’s Republic of),0 years,Total,2004,73.7
China (People’s Republic of),0 years,Total,2004,-5.1
China (People’s Republic of),0 years,Total,2004,5.1
China (People’s Republic of),0 years,Total,2005,74.1
China (People’s Republic of),0 years,Total,2005,-5.2
China (People’s Republic of),0 years,Total,2005,5.2
China (People’s Republic of),0 years,Total,2006,74.4
China (People’s Republic of),0 years,Total,2006,-5.2
China (People’s Republic of),0 years,Total,2006,5.2
China (People’s Republic of),0 years,Total,2007,74.8
China (People’s Republic of),0 years,Total,2007,-5.1
China (People’s Republic of),0 years,Total,2007,5.1
China (People’s Republic of),0 years,Total,2008,74.8
China (People’s Republic of),0 years,Total,2008,-5.1
China (People’s Republic of),0 years,Total,2008,5.1
China (People’s Republic of),0 years,Total,2009,75.3
China (People’s Republic of),0 years,Total,2009,-5.2
China (People’s Republic of),0 years,Total,2009,5.2
China (People’s Republic of),0 years,Total,2010,75.7
China (People’s Republic of),0 years,Total,2010,-5.1
China (People’s Republic of),0 years,Total,2010,5.1
China (People’s Republic of),0 years,Total,2011,75.9
China (People’s Republic of),0 years,Total,2011,-5.3
China (People’s Republic of),0 years,Total,2011,5.3
China (People’s Republic of),0 years,Total,2012,76.2
China (People’s Republic of),0 years,Total,2012,-5.4
China (People’s Republic of),0 years,Total,2012,5.4
China (People’s Republic of),0 years,Total,2013,76.5
China (People’s Republic of),0 years,Total,2013,-5.3
China (People’s Republic of),0 years,Total,2013,5.3
China (People’s Republic of),0 years,Total,2014,76.7
China (People’s Republic of),0 years,Total,2014,-5.4
China (People’s Republic of),0 years,Total,2014,5.4
China (People’s Republic of),0 years,Total,2015,77
China (People’s Republic of),0 years,Total,2015,-5.4
China (People’s Republic of),0 years,Total,2015,5.4
China (People’s Republic of),0 years,Total,2016,77.2
China (People’s Republic of),0 years,Total,2016,-5.5
China (People’s Republic of),0 years,Total,2016,5.5
China (People’s Republic of),0 years,Total,2017,77.2
China (People’s Republic of),0 years,Total,2017,-5.8
China (People’s Republic of),0 years,Total,2017,5.8
China (People’s Republic of),0 years,Total,2018,77.7
China (People’s Republic of),0 years,Total,2018,-5.5
China (People’s Republic of),0 years,Total,2018,5.5
China (People’s Republic of),0 years,Total,2019,77.9
China (People’s Republic of),0 years,Total,2019,-5.4
China (People’s Republic of),0 years,Total,2019,5.4
China (People’s Republic of),0 years,Total,2020,78
China (People’s Republic of),0 years,Total,2020,-5.8
China (People’s Republic of),0 years,Total,2020,5.8
China (People’s Republic of),0 years,Total,2021,78.1
China (People’s Republic of),0 years,Total,2021,-5.4
China (People’s Republic of),0 years,Total,2021,5.4
China (People’s Republic of),0 years,Total,2022,78.2
China (People’s Republic of),0 years,Total,2022,-5.7
China (People’s Republic of),0 years,Total,2022,5.7
China (People’s Republic of),0 years,Total,2023,78
China (People’s Republic of),0 years,Total,2023,-5.7
China (People’s Republic of),0 years,Total,2023,5.7
China (People’s Republic of),0 years,Total,2024,78
China (People’s Republic of),0 years,Total,2024,-5.7
China (People’s Republic of),0 years,Total,2024,5.7
Colombia,0 years,Total,2000,71
Colombia,0 years,Total,2000,-7.9
Colombia,0 years,Total,2000,7.9
Colombia,0 years,Total,2001,71.4
Colombia,0 years,Total,2001,-7.8
Colombia,0 years,Total,2001,7.8
Colombia,0 years,Total,2002,71.8
Colombia,0 years,Total,2002,-7.7
Colombia,0 years,Total,2002,7.7
Colombia,0 years,Total,2003,72.2
Colombia,0 years,Total,2003,-7.6
Colombia,0 years,Total,2003,7.6
Colombia,0 years,Total,2004,72.6
Colombia,0 years,Total,2004,-7.6
Colombia,0 years,Total,2004,7.6
Colombia,0 years,Total,2005,73
Colombia,0 years,Total,2005,-7.5
Colombia,0 years,Total,2005,7.5
Colombia,0 years,Total,2006,73.3
Colombia,0 years,Total,2006,-7.4
Colombia,0 years,Total,2006,7.4
Colombia,0 years,Total,2007,73.5
Colombia,0 years,Total,2007,-7.3
Colombia,0 years,Total,2007,7.3
Colombia,0 years,Total,2008,73.8
Colombia,0 years,Total,2008,-7.2
Colombia,0 years,Total,2008,7.2
Colombia,0 years,Total,2009,74
Colombia,0 years,Total,2009,-7.1
Colombia,0 years,Total,2009,7.1
Colombia,0 years,Total,2010,74.3
Colombia,0 years,Total,2010,-7
Colombia,0 years,Total,2010,7.1
Colombia,0 years,Total,2011,74.5
Colombia,0 years,Total,2011,-7
Colombia,0 years,Total,2011,7
Colombia,0 years,Total,2012,74.7
Colombia,0 years,Total,2012,-6.9
Colombia,0 years,Total,2012,6.9
Colombia,0 years,Total,2013,75
Colombia,0 years,Total,2013,-6.8
Colombia,0 years,Total,2013,6.8
Colombia,0 years,Total,2014,75.2
Colombia,0 years,Total,2014,-6.8
Colombia,0 years,Total,2014,6.8
Colombia,0 years,Total,2015,75.4
Colombia,0 years,Total,2015,-6.7
Colombia,0 years,Total,2015,6.7
Colombia,0 years,Total,2016,75.7
Colombia,0 years,Total,2016,-6.6
Colombia,0 years,Total,2016,6.6
Colombia,0 years,Total,2017,75.9
Colombia,0 years,Total,2017,-6.6
Colombia,0 years,Total,2017,6.6
Colombia,0 years,Total,2018,75.3
Colombia,0 years,Total,2018,-5.4
Colombia,0 years,Total,2018,5.4
Colombia,0 years,Total,2019,75.5
Colombia,0 years,Total,2019,-5.3
Colombia,0 years,Total,2019,5.3
Colombia,0 years,Total,2020,74.4
Colombia,0 years,Total,2020,-5.8
Colombia,0 years,Total,2020,5.8
Colombia,0 years,Total,2021,74.2
Colombia,0 years,Total,2021,-6.1
Colombia,0 years,Total,2021,6.1
Colombia,0 years,Total,2022,74.9
Colombia,0 years,Total,2022,-5.9
Colombia,0 years,Total,2022,5.9
Colombia,0 years,Total,2023,76.3
Colombia,0 years,Total,2023,-5.1
Colombia,0 years,Total,2023,5.1
Colombia,0 years,Total,2024,76.4
Colombia,0 years,Total,2024,-5.1
Colombia,0 years,Total,2024,5.1
Colombia,0 years,Total,2025,76.6
Colombia,0 years,Total,2025,-5
Colombia,0 years,Total,2025,5.1
Costa Rica,0 years,Total,2000,77.8
Costa Rica,0 years,Total,2000,4.7
Costa Rica,0 years,Total,2000,-4.7
Costa Rica,0 years,Total,2001,78.1
Costa Rica,0 years,Total,2001,-4.7
Costa Rica,0 years,Total,2001,4.7
Costa Rica,0 years,Total,2002,78.3
Costa Rica,0 years,Total,2002,-4.6
Costa Rica,0 years,Total,2002,4.6
Costa Rica,0 years,Total,2003,78.5
Costa Rica,0 years,Total,2003,-4.7
Costa Rica,0 years,Total,2003,4.7
Costa Rica,0 years,Total,2004,78.6
Costa Rica,0 years,Total,2004,-4.8
Costa Rica,0 years,Total,2004,4.8
Costa Rica,0 years,Total,2005,78.8
Costa Rica,0 years,Total,2005,-4.8
Costa Rica,0 years,Total,2005,4.8
Costa Rica,0 years,Total,2006,79
Costa Rica,0 years,Total,2006,-4.9
Costa Rica,0 years,Total,2006,4.9
Costa Rica,0 years,Total,2007,79.1
Costa Rica,0 years,Total,2007,-5
Costa Rica,0 years,Total,2007,5
Costa Rica,0 years,Total,2008,79.3
Costa Rica,0 years,Total,2008,-5
Costa Rica,0 years,Total,2008,5
Costa Rica,0 years,Total,2009,79.4
Costa Rica,0 years,Total,2009,-5.1
Costa Rica,0 years,Total,2009,5.1
Costa Rica,0 years,Total,2010,79.1
Costa Rica,0 years,Total,2010,-5
Costa Rica,0 years,Total,2010,5
Costa Rica,0 years,Total,2011,79.1
Costa Rica,0 years,Total,2011,-5
Costa Rica,0 years,Total,2011,5
Costa Rica,0 years,Total,2012,79.4
Costa Rica,0 years,Total,2012,-5
Costa Rica,0 years,Total,2012,5
Costa Rica,0 years,Total,2013,79.6
Costa Rica,0 years,Total,2013,-5
Costa Rica,0 years,Total,2013,5
Costa Rica,0 years,Total,2014,79.7
Costa Rica,0 years,Total,2014,-5
Costa Rica,0 years,Total,2014,5
Costa Rica,0 years,Total,2015,79.9
Costa Rica,0 years,Total,2015,-5.1
Costa Rica,0 years,Total,2015,5.1
Costa Rica,0 years,Total,2016,80
Costa Rica,0 years,Total,2016,-5.1
Costa Rica,0 years,Total,2016,5.1
Costa Rica,0 years,Total,2017,80.2
Costa Rica,0 years,Total,2017,-5.1
Costa Rica,0 years,Total,2017,5.1
Costa Rica,0 years,Total,2018,80.3
Costa Rica,0 years,Total,2018,-5.1
Costa Rica,0 years,Total,2018,5.1
Costa Rica,0 years,Total,2019,80.5
Costa Rica,0 years,Total,2019,-5.1
Costa Rica,0 years,Total,2019,5.1
Costa Rica,0 years,Total,2020,80.6
Costa Rica,0 years,Total,2020,-5.1
Costa Rica,0 years,Total,2020,5.1
Costa Rica,0 years,Total,2021,80.8
Costa Rica,0 years,Total,2021,-5.1
Costa Rica,0 years,Total,2021,5.1
Costa Rica,0 years,Total,2022,80.9
Costa Rica,0 years,Total,2022,-5.1
Costa Rica,0 years,Total,2022,5.1
Costa Rica,0 years,Total,2023,81
Costa Rica,0 years,Total,2023,-5.2
Costa Rica,0 years,Total,2023,5.2
Costa Rica,0 years,Total,2024,80.9
Costa Rica,0 years,Total,2024,-4.9
Costa Rica,0 years,Total,2024,4.9
Costa Rica,0 years,Total,2025,81.1
Costa Rica,0 years,Total,2025,-5
Costa Rica,0 years,Total,2025,5
Croatia,0 years,Total,2001,74.6
Croatia,0 years,Total,2001,-7.2
Croatia,0 years,Total,2001,7.2
Croatia,0 years,Total,2002,74.7
Croatia,0 years,Total,2002,-7.3
Croatia,0 years,Total,2002,7.3
Croatia,0 years,Total,2003,74.6
Croatia,0 years,Total,2003,-7.1
Croatia,0 years,Total,2003,7.1
Croatia,0 years,Total,2004,75.4
Croatia,0 years,Total,2004,-7
Croatia,0 years,Total,2004,7
Croatia,0 years,Total,2005,75.3
Croatia,0 years,Total,2005,-7.1
Croatia,0 years,Total,2005,7.1
Croatia,0 years,Total,2006,75.9
Croatia,0 years,Total,2006,-6.9
Croatia,0 years,Total,2006,6.9
Croatia,0 years,Total,2007,75.8
Croatia,0 years,Total,2007,-7
Croatia,0 years,Total,2007,7
Croatia,0 years,Total,2008,76
Croatia,0 years,Total,2008,-7.4
Croatia,0 years,Total,2008,7.4
Croatia,0 years,Total,2009,76.3
Croatia,0 years,Total,2009,-6.9
Croatia,0 years,Total,2009,6.9
Croatia,0 years,Total,2010,76.7
Croatia,0 years,Total,2010,-6.5
Croatia,0 years,Total,2010,6.5
Croatia,0 years,Total,2011,77.2
Croatia,0 years,Total,2011,-6.6
Croatia,0 years,Total,2011,6.6
Croatia,0 years,Total,2012,77.3
Croatia,0 years,Total,2012,-6.7
Croatia,0 years,Total,2012,6.7
Croatia,0 years,Total,2013,77.8
Croatia,0 years,Total,2013,-6.5
Croatia,0 years,Total,2013,6.5
Croatia,0 years,Total,2014,77.8
Croatia,0 years,Total,2014,-6.2
Croatia,0 years,Total,2014,6.2
Croatia,0 years,Total,2015,77.4
Croatia,0 years,Total,2015,-6.1
Croatia,0 years,Total,2015,6.1
Croatia,0 years,Total,2016,78
Croatia,0 years,Total,2016,-6.3
Croatia,0 years,Total,2016,6.3
Croatia,0 years,Total,2017,77.8
Croatia,0 years,Total,2017,-6
Croatia,0 years,Total,2017,6
Croatia,0 years,Total,2018,78
Croatia,0 years,Total,2018,-6.5
Croatia,0 years,Total,2018,6.5
Croatia,0 years,Total,2019,78.3
Croatia,0 years,Total,2019,-6.1
Croatia,0 years,Total,2019,6.1
Croatia,0 years,Total,2020,77.6
Croatia,0 years,Total,2020,-6.2
Croatia,0 years,Total,2020,6.2
Croatia,0 years,Total,2021,76.6
Croatia,0 years,Total,2021,-6.2
Croatia,0 years,Total,2021,6.2
Croatia,0 years,Total,2022,77.7
Croatia,0 years,Total,2022,-6.2
Croatia,0 years,Total,2022,6.2
Croatia,0 years,Total,2023,78.5
Croatia,0 years,Total,2023,-6.3
Croatia,0 years,Total,2023,6.3
Croatia,0 years,Total,2024,78.9
Croatia,0 years,Total,2024,-5.8
Croatia,0 years,Total,2024,5.8
Czechia,0 years,Total,2000,75.1
Czechia,0 years,Total,2000,-6.9
Czechia,0 years,Total,2000,6.9
Czechia,0 years,Total,2001,75.3
Czechia,0 years,Total,2001,-6.5
Czechia,0 years,Total,2001,6.5
Czechia,0 years,Total,2002,75.4
Czechia,0 years,Total,2002,-6.6
Czechia,0 years,Total,2002,6.6
Czechia,0 years,Total,2003,75.3
Czechia,0 years,Total,2003,-6.6
Czechia,0 years,Total,2003,6.6
Czechia,0 years,Total,2004,75.9
Czechia,0 years,Total,2004,-6.6
Czechia,0 years,Total,2004,6.6
Czechia,0 years,Total,2005,76.1
Czechia,0 years,Total,2005,-6.3
Czechia,0 years,Total,2005,6.3
Czechia,0 years,Total,2006,76.7
Czechia,0 years,Total,2006,-6.4
Czechia,0 years,Total,2006,6.4
Czechia,0 years,Total,2007,77
Czechia,0 years,Total,2007,-6.4
Czechia,0 years,Total,2007,6.4
Czechia,0 years,Total,2008,77.3
Czechia,0 years,Total,2008,-6.4
Czechia,0 years,Total,2008,6.4
Czechia,0 years,Total,2009,77.4
Czechia,0 years,Total,2009,-6.2
Czechia,0 years,Total,2009,6.2
Czechia,0 years,Total,2010,77.7
Czechia,0 years,Total,2010,-6.4
Czechia,0 years,Total,2010,6.4
Czechia,0 years,Total,2011,78
Czechia,0 years,Total,2011,-6.3
Czechia,0 years,Total,2011,6.3
Czechia,0 years,Total,2012,78.1
Czechia,0 years,Total,2012,-6.1
Czechia,0 years,Total,2012,6.1
Czechia,0 years,Total,2013,78.3
Czechia,0 years,Total,2013,-6.1
Czechia,0 years,Total,2013,6.1
Czechia,0 years,Total,2014,78.8
Czechia,0 years,Total,2014,-6
Czechia,0 years,Total,2014,6
Czechia,0 years,Total,2015,78.6
Czechia,0 years,Total,2015,-5.9
Czechia,0 years,Total,2015,5.9
Czechia,0 years,Total,2016,79
Czechia,0 years,Total,2016,-5.9
Czechia,0 years,Total,2016,5.9
Czechia,0 years,Total,2017,79
Czechia,0 years,Total,2017,-5.9
Czechia,0 years,Total,2017,5.9
Czechia,0 years,Total,2018,79
Czechia,0 years,Total,2018,-5.8
Czechia,0 years,Total,2018,5.8
Czechia,0 years,Total,2019,79.2
Czechia,0 years,Total,2019,-5.8
Czechia,0 years,Total,2019,5.8
Czechia,0 years,Total,2020,78.3
Czechia,0 years,Total,2020,-6
Czechia,0 years,Total,2020,6
Czechia,0 years,Total,2021,77.2
Czechia,0 years,Total,2021,-6.4
Czechia,0 years,Total,2021,6.4
Czechia,0 years,Total,2022,79
Czechia,0 years,Total,2022,-5.8
Czechia,0 years,Total,2022,5.8
Czechia,0 years,Total,2023,79.8
Czechia,0 years,Total,2023,-5.8
Czechia,0 years,Total,2023,5.8
Czechia,0 years,Total,2024,80.1
Czechia,0 years,Total,2024,-5.9
Czechia,0 years,Total,2024,5.9
Denmark,0 years,Total,2000,76.9
Denmark,0 years,Total,2000,-4.7
Denmark,0 years,Total,2000,4.7
Denmark,0 years,Total,2001,77
Denmark,0 years,Total,2001,-4.6
Denmark,0 years,Total,2001,4.6
Denmark,0 years,Total,2002,77.1
Denmark,0 years,Total,2002,-4.6
Denmark,0 years,Total,2002,4.6
Denmark,0 years,Total,2003,77.4
Denmark,0 years,Total,2003,-4.8
Denmark,0 years,Total,2003,4.8
Denmark,0 years,Total,2004,77.8
Denmark,0 years,Total,2004,-4.8
Denmark,0 years,Total,2004,4.8
Denmark,0 years,Total,2005,78.3
Denmark,0 years,Total,2005,-4.5
Denmark,0 years,Total,2005,4.5
Denmark,0 years,Total,2006,78.4
Denmark,0 years,Total,2006,-4.6
Denmark,0 years,Total,2006,4.6
Denmark,0 years,Total,2007,78.4
Denmark,0 years,Total,2007,-4.4
Denmark,0 years,Total,2007,4.4
Denmark,0 years,Total,2008,78.8
Denmark,0 years,Total,2008,-4.5
Denmark,0 years,Total,2008,4.5
Denmark,0 years,Total,2009,79
Denmark,0 years,Total,2009,-4.2
Denmark,0 years,Total,2009,4.2
Denmark,0 years,Total,2010,79.3
Denmark,0 years,Total,2010,-4.2
Denmark,0 years,Total,2010,4.2
Denmark,0 years,Total,2011,79.9
Denmark,0 years,Total,2011,-4.1
Denmark,0 years,Total,2011,4.1
Denmark,0 years,Total,2012,80.2
Denmark,0 years,Total,2012,-4
Denmark,0 years,Total,2012,4
Denmark,0 years,Total,2013,80.4
Denmark,0 years,Total,2013,-4.1
Denmark,0 years,Total,2013,4.1
Denmark,0 years,Total,2014,80.6
Denmark,0 years,Total,2014,-4.1
Denmark,0 years,Total,2014,4.1
Denmark,0 years,Total,2015,80.7
Denmark,0 years,Total,2015,-3.9
Denmark,0 years,Total,2015,3.9
Denmark,0 years,Total,2016,80.9
Denmark,0 years,Total,2016,-3.9
Denmark,0 years,Total,2016,3.9
Denmark,0 years,Total,2017,81.1
Denmark,0 years,Total,2017,-4
Denmark,0 years,Total,2017,4
Denmark,0 years,Total,2018,81
Denmark,0 years,Total,2018,-3.9
Denmark,0 years,Total,2018,3.9
Denmark,0 years,Total,2019,81.4
Denmark,0 years,Total,2019,-4
Denmark,0 years,Total,2019,4
Denmark,0 years,Total,2020,81.5
Denmark,0 years,Total,2020,-3.9
Denmark,0 years,Total,2020,3.9
Denmark,0 years,Total,2021,81.4
Denmark,0 years,Total,2021,-3.7
Denmark,0 years,Total,2021,3.7
Denmark,0 years,Total,2022,81.3
Denmark,0 years,Total,2022,-3.8
Denmark,0 years,Total,2022,3.8
Denmark,0 years,Total,2023,81.7
Denmark,0 years,Total,2023,-3.9
Denmark,0 years,Total,2023,3.9
Denmark,0 years,Total,2024,82
Denmark,0 years,Total,2024,-3.7
Denmark,0 years,Total,2024,3.7
Estonia,0 years,Total,2000,71.1
Estonia,0 years,Total,2000,-10.8
Estonia,0 years,Total,2000,10.8
Estonia,0 years,Total,2001,70.9
Estonia,0 years,Total,2001,-11.3
Estonia,0 years,Total,2001,11.3
Estonia,0 years,Total,2002,71.4
Estonia,0 years,Total,2002,-11.6
Estonia,0 years,Total,2002,11.6
Estonia,0 years,Total,2003,71.9
Estonia,0 years,Total,2003,-10.8
Estonia,0 years,Total,2003,10.8
Estonia,0 years,Total,2004,72.4
Estonia,0 years,Total,2004,-11.3
Estonia,0 years,Total,2004,11.3
Estonia,0 years,Total,2005,73
Estonia,0 years,Total,2005,-10.6
Estonia,0 years,Total,2005,10.6
Estonia,0 years,Total,2006,73.2
Estonia,0 years,Total,2006,-11
Estonia,0 years,Total,2006,11
Estonia,0 years,Total,2007,73.2
Estonia,0 years,Total,2007,-11.4
Estonia,0 years,Total,2007,11.4
Estonia,0 years,Total,2008,74.4
Estonia,0 years,Total,2008,-10.6
Estonia,0 years,Total,2008,10.6
Estonia,0 years,Total,2009,75.3
Estonia,0 years,Total,2009,-10.3
Estonia,0 years,Total,2009,10.3
Estonia,0 years,Total,2010,76
Estonia,0 years,Total,2010,-9.9
Estonia,0 years,Total,2010,9.9
Estonia,0 years,Total,2011,76.6
Estonia,0 years,Total,2011,-9.9
Estonia,0 years,Total,2011,9.9
Estonia,0 years,Total,2012,76.7
Estonia,0 years,Total,2012,-10.1
Estonia,0 years,Total,2012,10.1
Estonia,0 years,Total,2013,77.5
Estonia,0 years,Total,2013,-8.9
Estonia,0 years,Total,2013,8.9
Estonia,0 years,Total,2014,77.1
Estonia,0 years,Total,2014,-9.2
Estonia,0 years,Total,2014,9.2
Estonia,0 years,Total,2015,77.7
Estonia,0 years,Total,2015,-8.7
Estonia,0 years,Total,2015,8.7
Estonia,0 years,Total,2016,77.8
Estonia,0 years,Total,2016,-8.7
Estonia,0 years,Total,2016,8.7
Estonia,0 years,Total,2017,78.2
Estonia,0 years,Total,2017,-8.6
Estonia,0 years,Total,2017,8.6
Estonia,0 years,Total,2018,78.4
Estonia,0 years,Total,2018,-8.5
Estonia,0 years,Total,2018,8.5
Estonia,0 years,Total,2019,78.8
Estonia,0 years,Total,2019,-8.4
Estonia,0 years,Total,2019,8.4
Estonia,0 years,Total,2020,78.8
Estonia,0 years,Total,2020,-8.4
Estonia,0 years,Total,2020,8.4
Estonia,0 years,Total,2021,77.2
Estonia,0 years,Total,2021,-8.7
Estonia,0 years,Total,2021,8.7
Estonia,0 years,Total,2022,78.1
Estonia,0 years,Total,2022,-8.6
Estonia,0 years,Total,2022,8.6
Estonia,0 years,Total,2023,78.9
Estonia,0 years,Total,2023,-8.5
Estonia,0 years,Total,2023,8.5
Estonia,0 years,Total,2024,79.4
Estonia,0 years,Total,2024,-8.3
Estonia,0 years,Total,2024,8.3
Finland,0 years,Total,2000,77.8
Finland,0 years,Total,2000,-7
Finland,0 years,Total,2000,7
Finland,0 years,Total,2001,78.2
Finland,0 years,Total,2001,-7.1
Finland,0 years,Total,2001,7.1
Finland,0 years,Total,2002,78.3
Finland,0 years,Total,2002,-6.7
Finland,0 years,Total,2002,6.7
Finland,0 years,Total,2003,78.6
Finland,0 years,Total,2003,-6.8
Finland,0 years,Total,2003,6.8
Finland,0 years,Total,2004,79
Finland,0 years,Total,2004,-7.1
Finland,0 years,Total,2004,7.1
Finland,0 years,Total,2005,79.1
Finland,0 years,Total,2005,-6.9
Finland,0 years,Total,2005,6.9
Finland,0 years,Total,2006,79.5
Finland,0 years,Total,2006,-7.2
Finland,0 years,Total,2006,7.2
Finland,0 years,Total,2007,79.6
Finland,0 years,Total,2007,-7.1
Finland,0 years,Total,2007,7.1
Finland,0 years,Total,2008,79.9
Finland,0 years,Total,2008,-6.8
Finland,0 years,Total,2008,6.8
Finland,0 years,Total,2009,80.1
Finland,0 years,Total,2009,-6.9
Finland,0 years,Total,2009,6.9
Finland,0 years,Total,2010,80.2
Finland,0 years,Total,2010,-6.6
Finland,0 years,Total,2010,6.6
Finland,0 years,Total,2011,80.6
Finland,0 years,Total,2011,-6.5
Finland,0 years,Total,2011,6.5
Finland,0 years,Total,2012,80.7
Finland,0 years,Total,2012,-6
Finland,0 years,Total,2012,6
Finland,0 years,Total,2013,81.1
Finland,0 years,Total,2013,-6.1
Finland,0 years,Total,2013,6.1
Finland,0 years,Total,2014,81.1
Finland,0 years,Total,2014,-5.7
Finland,0 years,Total,2014,5.7
Finland,0 years,Total,2015,81.4
Finland,0 years,Total,2015,-5.6
Finland,0 years,Total,2015,5.6
Finland,0 years,Total,2016,81.3
Finland,0 years,Total,2016,-5.7
Finland,0 years,Total,2016,5.7
Finland,0 years,Total,2017,81.5
Finland,0 years,Total,2017,-5.5
Finland,0 years,Total,2017,5.5
Finland,0 years,Total,2018,81.6
Finland,0 years,Total,2018,-5.4
Finland,0 years,Total,2018,5.4
Finland,0 years,Total,2019,81.9
Finland,0 years,Total,2019,-5.4
Finland,0 years,Total,2019,5.4
Finland,0 years,Total,2020,81.8
Finland,0 years,Total,2020,-5.6
Finland,0 years,Total,2020,5.6
Finland,0 years,Total,2021,81.8
Finland,0 years,Total,2021,-5.4
Finland,0 years,Total,2021,5.4
Finland,0 years,Total,2022,81.2
Finland,0 years,Total,2022,-5.2
Finland,0 years,Total,2022,5.2
Finland,0 years,Total,2023,81.6
Finland,0 years,Total,2023,-5.2
Finland,0 years,Total,2023,5.2
Finland,0 years,Total,2024,82.2
Finland,0 years,Total,2024,-5.2
Finland,0 years,Total,2024,5.2
France,0 years,Total,2000,79.2
France,0 years,Total,2000,-7.7
France,0 years,Total,2000,7.7
France,0 years,Total,2001,79.3
France,0 years,Total,2001,-7.5
France,0 years,Total,2001,7.5
France,0 years,Total,2002,79.4
France,0 years,Total,2002,-7.3
France,0 years,Total,2002,7.3
France,0 years,Total,2003,79.3
France,0 years,Total,2003,-7
France,0 years,Total,2003,7
France,0 years,Total,2004,80.3
France,0 years,Total,2004,-7.1
France,0 years,Total,2004,7.1
France,0 years,Total,2005,80.3
France,0 years,Total,2005,-7.1
France,0 years,Total,2005,7.1
France,0 years,Total,2006,80.9
France,0 years,Total,2006,-7.2
France,0 years,Total,2006,7.2
France,0 years,Total,2007,81.3
France,0 years,Total,2007,-7.2
France,0 years,Total,2007,7.2
France,0 years,Total,2008,81.4
France,0 years,Total,2008,-7
France,0 years,Total,2008,7
France,0 years,Total,2009,81.5
France,0 years,Total,2009,-7
France,0 years,Total,2009,7
France,0 years,Total,2010,81.8
France,0 years,Total,2010,-7.1
France,0 years,Total,2010,7.1
France,0 years,Total,2011,82.3
France,0 years,Total,2011,-7
France,0 years,Total,2011,7
France,0 years,Total,2012,82.1
France,0 years,Total,2012,-6.7
France,0 years,Total,2012,6.7
France,0 years,Total,2013,82.4
France,0 years,Total,2013,-6.6
France,0 years,Total,2013,6.6
France,0 years,Total,2014,82.4
France,0 years,Total,2014,-6.2
France,0 years,Total,2014,6.2
France,0 years,Total,2015,82.1
France,0 years,Total,2015,-6.1
France,0 years,Total,2015,6.1
France,0 years,Total,2016,82.4
France,0 years,Total,2016,-6
France,0 years,Total,2016,6
France,0 years,Total,2017,82.4
France,0 years,Total,2017,-5.9
France,0 years,Total,2017,5.9
France,0 years,Total,2018,82.6
France,0 years,Total,2018,-6
France,0 years,Total,2018,6
France,0 years,Total,2019,82.7
France,0 years,Total,2019,-5.9
France,0 years,Total,2019,5.9
France,0 years,Total,2020,82.2
France,0 years,Total,2020,-6
France,0 years,Total,2020,6
France,0 years,Total,2021,82.2
France,0 years,Total,2021,-6
France,0 years,Total,2021,6
France,0 years,Total,2022,82.2
France,0 years,Total,2022,-5.8
France,0 years,Total,2022,5.8
France,0 years,Total,2023,82.9
France,0 years,Total,2023,-5.7
France,0 years,Total,2023,5.7
France,0 years,Total,2024,83
France,0 years,Total,2024,-5.6
France,0 years,Total,2024,5.6
Germany,0 years,Total,2000,78.3
Germany,0 years,Total,2000,-6.1
Germany,0 years,Total,2000,6.1
Germany,0 years,Total,2001,78.6
Germany,0 years,Total,2001,-5.8
Germany,0 years,Total,2001,5.8
Germany,0 years,Total,2002,78.6
Germany,0 years,Total,2002,-5.6
Germany,0 years,Total,2002,5.6
Germany,0 years,Total,2003,78.6
Germany,0 years,Total,2003,-5.5
Germany,0 years,Total,2003,5.5
Germany,0 years,Total,2004,79.3
Germany,0 years,Total,2004,-5.4
Germany,0 years,Total,2004,5.4
Germany,0 years,Total,2005,79.4
Germany,0 years,Total,2005,-5.3
Germany,0 years,Total,2005,5.3
Germany,0 years,Total,2006,79.9
Germany,0 years,Total,2006,-5.2
Germany,0 years,Total,2006,5.2
Germany,0 years,Total,2007,80.1
Germany,0 years,Total,2007,-5.3
Germany,0 years,Total,2007,5.3
Germany,0 years,Total,2008,80.2
Germany,0 years,Total,2008,-5.1
Germany,0 years,Total,2008,5.1
Germany,0 years,Total,2009,80.3
Germany,0 years,Total,2009,-5
Germany,0 years,Total,2009,5
Germany,0 years,Total,2010,80.5
Germany,0 years,Total,2010,-5
Germany,0 years,Total,2010,5
Germany,0 years,Total,2011,80.6
Germany,0 years,Total,2011,-5.2
Germany,0 years,Total,2011,5.2
Germany,0 years,Total,2012,80.7
Germany,0 years,Total,2012,-5
Germany,0 years,Total,2012,5
Germany,0 years,Total,2013,80.6
Germany,0 years,Total,2013,-4.9
Germany,0 years,Total,2013,4.9
Germany,0 years,Total,2014,80.9
Germany,0 years,Total,2014,-4.9
Germany,0 years,Total,2014,4.9
Germany,0 years,Total,2015,80.6
Germany,0 years,Total,2015,-4.9
Germany,0 years,Total,2015,4.9
Germany,0 years,Total,2016,80.9
Germany,0 years,Total,2016,-4.9
Germany,0 years,Total,2016,4.9
Germany,0 years,Total,2017,81
Germany,0 years,Total,2017,-4.7
Germany,0 years,Total,2017,4.7
Germany,0 years,Total,2018,80.9
Germany,0 years,Total,2018,-4.7
Germany,0 years,Total,2018,4.7
Germany,0 years,Total,2019,81.2
Germany,0 years,Total,2019,-4.8
Germany,0 years,Total,2019,4.8
Germany,0 years,Total,2020,81
Germany,0 years,Total,2020,-4.8
Germany,0 years,Total,2020,4.8
Germany,0 years,Total,2021,80.7
Germany,0 years,Total,2021,-5
Germany,0 years,Total,2021,5
Germany,0 years,Total,2022,80.5
Germany,0 years,Total,2022,-4.8
Germany,0 years,Total,2022,4.8
Germany,0 years,Total,2023,80.9
Germany,0 years,Total,2023,-4.7
Germany,0 years,Total,2023,4.7
Germany,0 years,Total,2024,81.2
Germany,0 years,Total,2024,-4.6
Germany,0 years,Total,2024,4.6
Greece,0 years,Total,2000,78.6
Greece,0 years,Total,2000,-5.4
Greece,0 years,Total,2000,5.4
Greece,0 years,Total,2001,79.1
Greece,0 years,Total,2001,-5.6
Greece,0 years,Total,2001,5.6
Greece,0 years,Total,2002,79.2
Greece,0 years,Total,2002,-5.6
Greece,0 years,Total,2002,5.6
Greece,0 years,Total,2003,79.3
Greece,0 years,Total,2003,-5.4
Greece,0 years,Total,2003,5.4
Greece,0 years,Total,2004,79.4
Greece,0 years,Total,2004,-5.6
Greece,0 years,Total,2004,5.6
Greece,0 years,Total,2005,79.6
Greece,0 years,Total,2005,-5.7
Greece,0 years,Total,2005,5.7
Greece,0 years,Total,2006,79.9
Greece,0 years,Total,2006,-5.6
Greece,0 years,Total,2006,5.6
Greece,0 years,Total,2007,79.7
Greece,0 years,Total,2007,-5.6
Greece,0 years,Total,2007,5.6
Greece,0 years,Total,2008,80.2
Greece,0 years,Total,2008,-5.5
Greece,0 years,Total,2008,5.5
Greece,0 years,Total,2009,80.4
Greece,0 years,Total,2009,-5.8
Greece,0 years,Total,2009,5.8
Greece,0 years,Total,2010,80.6
Greece,0 years,Total,2010,-5.3
Greece,0 years,Total,2010,5.3
Greece,0 years,Total,2011,80.8
Greece,0 years,Total,2011,-5.6
Greece,0 years,Total,2011,5.6
Greece,0 years,Total,2012,80.7
Greece,0 years,Total,2012,-5.4
Greece,0 years,Total,2012,5.4
Greece,0 years,Total,2013,81.4
Greece,0 years,Total,2013,-5.3
Greece,0 years,Total,2013,5.3
Greece,0 years,Total,2014,81
Greece,0 years,Total,2014,-5.6
Greece,0 years,Total,2014,5.6
Greece,0 years,Total,2015,80.8
Greece,0 years,Total,2015,-5.5
Greece,0 years,Total,2015,5.5
Greece,0 years,Total,2016,81
Greece,0 years,Total,2016,-5.4
Greece,0 years,Total,2016,5.4
Greece,0 years,Total,2017,81
Greece,0 years,Total,2017,-5.4
Greece,0 years,Total,2017,5.4
Greece,0 years,Total,2018,81.5
Greece,0 years,Total,2018,-5.5
Greece,0 years,Total,2018,5.5
Greece,0 years,Total,2019,81.4
Greece,0 years,Total,2019,-5.4
Greece,0 years,Total,2019,5.4
Greece,0 years,Total,2020,81.1
Greece,0 years,Total,2020,-5.4
Greece,0 years,Total,2020,5.4
Greece,0 years,Total,2021,80.1
Greece,0 years,Total,2021,-5.6
Greece,0 years,Total,2021,5.6
Greece,0 years,Total,2022,80.8
Greece,0 years,Total,2022,-5.2
Greece,0 years,Total,2022,5.2
Greece,0 years,Total,2023,81.7
Greece,0 years,Total,2023,-5.1
Greece,0 years,Total,2023,5.1
Greece,0 years,Total,2024,81.9
Greece,0 years,Total,2024,-5
Greece,0 years,Total,2024,5
Hungary,0 years,Total,2000,71.9
Hungary,0 years,Total,2000,-8.7
Hungary,0 years,Total,2000,8.7
Hungary,0 years,Total,2001,72.5
Hungary,0 years,Total,2001,-8.5
Hungary,0 years,Total,2001,8.5
Hungary,0 years,Total,2002,72.6
Hungary,0 years,Total,2002,-8.4
Hungary,0 years,Total,2002,8.4
Hungary,0 years,Total,2003,72.6
Hungary,0 years,Total,2003,-8.3
Hungary,0 years,Total,2003,8.3
Hungary,0 years,Total,2004,73
Hungary,0 years,Total,2004,-8.5
Hungary,0 years,Total,2004,8.5
Hungary,0 years,Total,2005,73
Hungary,0 years,Total,2005,-8.5
Hungary,0 years,Total,2005,8.5
Hungary,0 years,Total,2006,73.5
Hungary,0 years,Total,2006,-8.6
Hungary,0 years,Total,2006,8.6
Hungary,0 years,Total,2007,73.6
Hungary,0 years,Total,2007,-8.4
Hungary,0 years,Total,2007,8.4
Hungary,0 years,Total,2008,74.2
Hungary,0 years,Total,2008,-8.3
Hungary,0 years,Total,2008,8.3
Hungary,0 years,Total,2009,74.4
Hungary,0 years,Total,2009,-8.1
Hungary,0 years,Total,2009,8.1
Hungary,0 years,Total,2010,74.7
Hungary,0 years,Total,2010,-7.9
Hungary,0 years,Total,2010,7.9
Hungary,0 years,Total,2011,75.1
Hungary,0 years,Total,2011,-7.5
Hungary,0 years,Total,2011,7.5
Hungary,0 years,Total,2012,75.3
Hungary,0 years,Total,2012,-7.1
Hungary,0 years,Total,2012,7.1
Hungary,0 years,Total,2013,75.8
Hungary,0 years,Total,2013,-6.9
Hungary,0 years,Total,2013,6.9
Hungary,0 years,Total,2014,75.8
Hungary,0 years,Total,2014,-7
Hungary,0 years,Total,2014,7
Hungary,0 years,Total,2015,75.6
Hungary,0 years,Total,2015,-6.6
Hungary,0 years,Total,2015,6.6
Hungary,0 years,Total,2016,76.1
Hungary,0 years,Total,2016,-6.9
Hungary,0 years,Total,2016,6.9
Hungary,0 years,Total,2017,75.9
Hungary,0 years,Total,2017,-6.7
Hungary,0 years,Total,2017,6.7
Hungary,0 years,Total,2018,76
Hungary,0 years,Total,2018,-6.8
Hungary,0 years,Total,2018,6.8
Hungary,0 years,Total,2019,76.3
Hungary,0 years,Total,2019,-6.6
Hungary,0 years,Total,2019,6.6
Hungary,0 years,Total,2020,75.5
Hungary,0 years,Total,2020,-6.6
Hungary,0 years,Total,2020,6.6
Hungary,0 years,Total,2021,74.1
Hungary,0 years,Total,2021,-6.9
Hungary,0 years,Total,2021,6.9
Hungary,0 years,Total,2022,75.9
Hungary,0 years,Total,2022,-6.6
Hungary,0 years,Total,2022,6.6
Hungary,0 years,Total,2023,76.7
Hungary,0 years,Total,2023,-6.4
Hungary,0 years,Total,2023,6.4
Hungary,0 years,Total,2024,76.8
Hungary,0 years,Total,2024,-6.2
Hungary,0 years,Total,2024,6.2
Iceland,0 years,Total,2000,79.7
Iceland,0 years,Total,2000,-3.8
Iceland,0 years,Total,2000,3.8
Iceland,0 years,Total,2001,80.7
Iceland,0 years,Total,2001,-4.9
Iceland,0 years,Total,2001,4.9
Iceland,0 years,Total,2002,80.6
Iceland,0 years,Total,2002,-3.9
Iceland,0 years,Total,2002,3.9
Iceland,0 years,Total,2003,81
Iceland,0 years,Total,2003,-3
Iceland,0 years,Total,2003,3
Iceland,0 years,Total,2004,81.1
Iceland,0 years,Total,2004,-4.3
Iceland,0 years,Total,2004,4.3
Iceland,0 years,Total,2005,81.5
Iceland,0 years,Total,2005,-3.9
Iceland,0 years,Total,2005,3.9
Iceland,0 years,Total,2006,81.2
Iceland,0 years,Total,2006,-3.4
Iceland,0 years,Total,2006,3.4
Iceland,0 years,Total,2007,81.5
Iceland,0 years,Total,2007,-3.8
Iceland,0 years,Total,2007,3.8
Iceland,0 years,Total,2008,81.6
Iceland,0 years,Total,2008,-3.3
Iceland,0 years,Total,2008,3.3
Iceland,0 years,Total,2009,81.8
Iceland,0 years,Total,2009,-4
Iceland,0 years,Total,2009,4
Iceland,0 years,Total,2010,81.9
Iceland,0 years,Total,2010,-4.3
Iceland,0 years,Total,2010,4.3
Iceland,0 years,Total,2011,82.4
Iceland,0 years,Total,2011,-3.4
Iceland,0 years,Total,2011,3.4
Iceland,0 years,Total,2012,83
Iceland,0 years,Total,2012,-2.7
Iceland,0 years,Total,2012,2.7
Iceland,0 years,Total,2013,82.1
Iceland,0 years,Total,2013,-3.2
Iceland,0 years,Total,2013,3.2
Iceland,0 years,Total,2014,82.6
Iceland,0 years,Total,2014,-3
Iceland,0 years,Total,2014,3
Iceland,0 years,Total,2015,82.4
Iceland,0 years,Total,2015,-2.5
Iceland,0 years,Total,2015,2.5
Iceland,0 years,Total,2016,82.1
Iceland,0 years,Total,2016,-3.6
Iceland,0 years,Total,2016,3.6
Iceland,0 years,Total,2017,82.4
Iceland,0 years,Total,2017,-3.3
Iceland,0 years,Total,2017,3.3
Iceland,0 years,Total,2018,82.7
Iceland,0 years,Total,2018,-3.1
Iceland,0 years,Total,2018,3.1
Iceland,0 years,Total,2019,83
Iceland,0 years,Total,2019,-3.1
Iceland,0 years,Total,2019,3.1
Iceland,0 years,Total,2020,82.9
Iceland,0 years,Total,2020,-3
Iceland,0 years,Total,2020,3
Iceland,0 years,Total,2021,83
Iceland,0 years,Total,2021,-2.9
Iceland,0 years,Total,2021,2.9
Iceland,0 years,Total,2022,82.2
Iceland,0 years,Total,2022,-2.6
Iceland,0 years,Total,2022,2.6
Iceland,0 years,Total,2023,82.4
Iceland,0 years,Total,2023,-3.4
Iceland,0 years,Total,2023,3.4
Iceland,0 years,Total,2024,82.8
Iceland,0 years,Total,2024,-3.4
Iceland,0 years,Total,2024,3.4
India,0 years,Total,2000,62.7
India,0 years,Total,2000,-2
India,0 years,Total,2000,2
India,0 years,Total,2001,63.2
India,0 years,Total,2001,-2.2
India,0 years,Total,2001,2.2
India,0 years,Total,2002,63.6
India,0 years,Total,2002,-2.3
India,0 years,Total,2002,2.3
India,0 years,Total,2003,64.1
India,0 years,Total,2003,-2.5
India,0 years,Total,2003,2.5
India,0 years,Total,2004,64.5
India,0 years,Total,2004,-2.6
India,0 years,Total,2004,2.6
India,0 years,Total,2005,64.9
India,0 years,Total,2005,-2.8
India,0 years,Total,2005,2.8
India,0 years,Total,2006,65.4
India,0 years,Total,2006,-2.9
India,0 years,Total,2006,2.9
India,0 years,Total,2007,65.8
India,0 years,Total,2007,-3
India,0 years,Total,2007,3
India,0 years,Total,2008,66.2
India,0 years,Total,2008,-3.1
India,0 years,Total,2008,3.1
India,0 years,Total,2009,66.7
India,0 years,Total,2009,-3.1
India,0 years,Total,2009,3.1
India,0 years,Total,2010,67.2
India,0 years,Total,2010,-3.2
India,0 years,Total,2010,3.2
India,0 years,Total,2011,67.6
India,0 years,Total,2011,-3.2
India,0 years,Total,2011,3.2
India,0 years,Total,2012,68.1
India,0 years,Total,2012,-3.2
India,0 years,Total,2012,3.2
India,0 years,Total,2013,68.5
India,0 years,Total,2013,-3.2
India,0 years,Total,2013,3.2
India,0 years,Total,2014,68.9
India,0 years,Total,2014,-3.2
India,0 years,Total,2014,3.2
India,0 years,Total,2015,69.3
India,0 years,Total,2015,-3.1
India,0 years,Total,2015,3.1
India,0 years,Total,2016,69.7
India,0 years,Total,2016,-3.1
India,0 years,Total,2016,3.1
India,0 years,Total,2017,70.1
India,0 years,Total,2017,-3
India,0 years,Total,2017,3
India,0 years,Total,2018,70.4
India,0 years,Total,2018,-3
India,0 years,Total,2018,3
India,0 years,Total,2019,70.7
India,0 years,Total,2019,-3
India,0 years,Total,2019,3
India,0 years,Total,2020,70.2
India,0 years,Total,2020,-3.4
India,0 years,Total,2020,3.4
India,0 years,Total,2021,67.3
India,0 years,Total,2021,-3
India,0 years,Total,2021,3
India,0 years,Total,2022,71.7
India,0 years,Total,2022,-3
India,0 years,Total,2022,3
India,0 years,Total,2023,72
India,0 years,Total,2023,-3.1
India,0 years,Total,2023,3.1
India,0 years,Total,2024,72.2
India,0 years,Total,2024,-3.1
India,0 years,Total,2024,3.1
Indonesia,0 years,Total,2000,66.3
Indonesia,0 years,Total,2000,-3.4
Indonesia,0 years,Total,2000,3.4
Indonesia,0 years,Total,2001,66.6
Indonesia,0 years,Total,2001,-3.4
Indonesia,0 years,Total,2001,3.4
Indonesia,0 years,Total,2002,67
Indonesia,0 years,Total,2002,-3.5
Indonesia,0 years,Total,2002,3.5
Indonesia,0 years,Total,2003,67.1
Indonesia,0 years,Total,2003,-3.4
Indonesia,0 years,Total,2003,3.4
Indonesia,0 years,Total,2004,65.5
Indonesia,0 years,Total,2004,-2.9
Indonesia,0 years,Total,2004,2.9
Indonesia,0 years,Total,2005,67.5
Indonesia,0 years,Total,2005,-3.5
Indonesia,0 years,Total,2005,3.5
Indonesia,0 years,Total,2006,67.7
Indonesia,0 years,Total,2006,-3.5
Indonesia,0 years,Total,2006,3.5
Indonesia,0 years,Total,2007,67.9
Indonesia,0 years,Total,2007,-3.5
Indonesia,0 years,Total,2007,3.5
Indonesia,0 years,Total,2008,68.1
Indonesia,0 years,Total,2008,-3.6
Indonesia,0 years,Total,2008,3.6
Indonesia,0 years,Total,2009,68.3
Indonesia,0 years,Total,2009,-3.5
Indonesia,0 years,Total,2009,3.5
Indonesia,0 years,Total,2010,68.4
Indonesia,0 years,Total,2010,-3.6
Indonesia,0 years,Total,2010,3.6
Indonesia,0 years,Total,2011,68.6
Indonesia,0 years,Total,2011,-3.7
Indonesia,0 years,Total,2011,3.7
Indonesia,0 years,Total,2012,68.9
Indonesia,0 years,Total,2012,-3.7
Indonesia,0 years,Total,2012,3.7
Indonesia,0 years,Total,2013,69.1
Indonesia,0 years,Total,2013,-3.8
Indonesia,0 years,Total,2013,3.8
Indonesia,0 years,Total,2014,69.3
Indonesia,0 years,Total,2014,-3.9
Indonesia,0 years,Total,2014,3.9
Indonesia,0 years,Total,2015,69.5
Indonesia,0 years,Total,2015,-3.9
Indonesia,0 years,Total,2015,3.9
Indonesia,0 years,Total,2016,69.7
Indonesia,0 years,Total,2016,-3.9
Indonesia,0 years,Total,2016,3.9
Indonesia,0 years,Total,2017,70
Indonesia,0 years,Total,2017,-4
Indonesia,0 years,Total,2017,4
Indonesia,0 years,Total,2018,70.1
Indonesia,0 years,Total,2018,-4.1
Indonesia,0 years,Total,2018,4.1
Indonesia,0 years,Total,2019,70.3
Indonesia,0 years,Total,2019,-4.1
Indonesia,0 years,Total,2019,4.1
Indonesia,0 years,Total,2020,68.8
Indonesia,0 years,Total,2020,-4.5
Indonesia,0 years,Total,2020,4.5
Indonesia,0 years,Total,2021,67.5
Indonesia,0 years,Total,2021,-3.9
Indonesia,0 years,Total,2021,3.9
Indonesia,0 years,Total,2022,70.9
Indonesia,0 years,Total,2022,-4.1
Indonesia,0 years,Total,2022,4.1
Indonesia,0 years,Total,2023,71.1
Indonesia,0 years,Total,2023,-4.2
Indonesia,0 years,Total,2023,4.2
Indonesia,0 years,Total,2024,71.3
Indonesia,0 years,Total,2024,-4.3
Indonesia,0 years,Total,2024,4.3
Ireland,0 years,Total,2000,76.6
Ireland,0 years,Total,2000,-5.2
Ireland,0 years,Total,2000,5.2
Ireland,0 years,Total,2001,77.2
Ireland,0 years,Total,2001,-5.4
Ireland,0 years,Total,2001,5.4
Ireland,0 years,Total,2002,77.7
Ireland,0 years,Total,2002,-5.4
Ireland,0 years,Total,2002,5.4
Ireland,0 years,Total,2003,78.2
Ireland,0 years,Total,2003,-5
Ireland,0 years,Total,2003,5
Ireland,0 years,Total,2004,78.6
Ireland,0 years,Total,2004,-5
Ireland,0 years,Total,2004,5
Ireland,0 years,Total,2005,79
Ireland,0 years,Total,2005,-4.6
Ireland,0 years,Total,2005,4.6
Ireland,0 years,Total,2006,79.3
Ireland,0 years,Total,2006,-4.8
Ireland,0 years,Total,2006,4.8
Ireland,0 years,Total,2007,79.7
Ireland,0 years,Total,2007,-4.8
Ireland,0 years,Total,2007,4.8
Ireland,0 years,Total,2008,80.2
Ireland,0 years,Total,2008,-4.5
Ireland,0 years,Total,2008,4.5
Ireland,0 years,Total,2009,80.2
Ireland,0 years,Total,2009,-4.9
Ireland,0 years,Total,2009,4.9
Ireland,0 years,Total,2010,80.8
Ireland,0 years,Total,2010,-4.6
Ireland,0 years,Total,2010,4.6
Ireland,0 years,Total,2011,80.9
Ireland,0 years,Total,2011,-4.4
Ireland,0 years,Total,2011,4.4
Ireland,0 years,Total,2012,80.9
Ireland,0 years,Total,2012,-4.4
Ireland,0 years,Total,2012,4.4
Ireland,0 years,Total,2013,81
Ireland,0 years,Total,2013,-4.2
Ireland,0 years,Total,2013,4.2
Ireland,0 years,Total,2014,81.3
Ireland,0 years,Total,2014,-4.1
Ireland,0 years,Total,2014,4.1
Ireland,0 years,Total,2015,81.4
Ireland,0 years,Total,2015,-3.8
Ireland,0 years,Total,2015,3.8
Ireland,0 years,Total,2016,81.6
Ireland,0 years,Total,2016,-3.7
Ireland,0 years,Total,2016,3.7
Ireland,0 years,Total,2017,82
Ireland,0 years,Total,2017,-3.6
Ireland,0 years,Total,2017,3.6
Ireland,0 years,Total,2018,82
Ireland,0 years,Total,2018,-3.7
Ireland,0 years,Total,2018,3.7
Ireland,0 years,Total,2019,82.5
Ireland,0 years,Total,2019,-3.8
Ireland,0 years,Total,2019,3.8
Ireland,0 years,Total,2020,82.3
Ireland,0 years,Total,2020,-3.6
Ireland,0 years,Total,2020,3.6
Ireland,0 years,Total,2021,82.1
Ireland,0 years,Total,2021,-3.7
Ireland,0 years,Total,2021,3.7
Ireland,0 years,Total,2022,82.4
Ireland,0 years,Total,2022,-3.3
Ireland,0 years,Total,2022,3.3
Ireland,0 years,Total,2023,82.7
Ireland,0 years,Total,2023,-3.5
Ireland,0 years,Total,2023,3.5
Ireland,0 years,Total,2024,83.1
Ireland,0 years,Total,2024,-3.3
Ireland,0 years,Total,2024,3.3
Israel,0 years,Total,2000,78.8
Israel,0 years,Total,2000,-4.2
Israel,0 years,Total,2000,4.2
Israel,0 years,Total,2001,79.3
Israel,0 years,Total,2001,-3.9
Israel,0 years,Total,2001,3.9
Israel,0 years,Total,2002,79.6
Israel,0 years,Total,2002,-4
Israel,0 years,Total,2002,4
Israel,0 years,Total,2003,79.8
Israel,0 years,Total,2003,-4.2
Israel,0 years,Total,2003,4.2
Israel,0 years,Total,2004,80.3
Israel,0 years,Total,2004,-4.4
Israel,0 years,Total,2004,4.4
Israel,0 years,Total,2005,80.3
Israel,0 years,Total,2005,-4
Israel,0 years,Total,2005,4
Israel,0 years,Total,2006,80.7
Israel,0 years,Total,2006,-3.8
Israel,0 years,Total,2006,3.8
Israel,0 years,Total,2007,80.7
Israel,0 years,Total,2007,-3.7
Israel,0 years,Total,2007,3.7
Israel,0 years,Total,2008,81.1
Israel,0 years,Total,2008,-4
Israel,0 years,Total,2008,4
Israel,0 years,Total,2009,-3.7
Israel,0 years,Total,2009,81.5
Israel,0 years,Total,2009,3.7
Israel,0 years,Total,2010,81.7
Israel,0 years,Total,2010,-3.9
Israel,0 years,Total,2010,3.9
Israel,0 years,Total,2011,81.8
Israel,0 years,Total,2011,-3.6
Israel,0 years,Total,2011,3.6
Israel,0 years,Total,2012,81.8
Israel,0 years,Total,2012,-3.7
Israel,0 years,Total,2012,3.7
Israel,0 years,Total,2013,82.1
Israel,0 years,Total,2013,-3.6
Israel,0 years,Total,2013,3.6
Israel,0 years,Total,2014,82.2
Israel,0 years,Total,2014,-3.8
Israel,0 years,Total,2014,3.8
Israel,0 years,Total,2015,82.2
Israel,0 years,Total,2015,-4
Israel,0 years,Total,2015,4
Israel,0 years,Total,2016,82.5
Israel,0 years,Total,2016,-3.5
Israel,0 years,Total,2016,3.5
Israel,0 years,Total,2017,82.7
Israel,0 years,Total,2017,-4
Israel,0 years,Total,2017,4
Israel,0 years,Total,2018,82.9
Israel,0 years,Total,2018,-3.9
Israel,0 years,Total,2018,3.9
Israel,0 years,Total,2019,82.9
Israel,0 years,Total,2019,-3.7
Israel,0 years,Total,2019,3.7
Israel,0 years,Total,2020,82.7
Israel,0 years,Total,2020,-4.1
Israel,0 years,Total,2020,4.1
Israel,0 years,Total,2021,82.6
Israel,0 years,Total,2021,-4.1
Israel,0 years,Total,2021,4.1
Israel,0 years,Total,2022,82.8
Israel,0 years,Total,2022,-4.1
Israel,0 years,Total,2022,4.1
Israel,0 years,Total,2023,-4.5
Israel,0 years,Total,2023,83.3
Israel,0 years,Total,2023,4.5
Israel,0 years,Total,2024,83.3
Israel,0 years,Total,2024,-4.3
Israel,0 years,Total,2024,4.3
Italy,0 years,Total,2000,79.9
Italy,0 years,Total,2000,-5.9
Italy,0 years,Total,2000,5.9
Italy,0 years,Total,2001,80.3
Italy,0 years,Total,2001,-6
Italy,0 years,Total,2001,6
Italy,0 years,Total,2002,80.4
Italy,0 years,Total,2002,-5.8
Italy,0 years,Total,2002,5.8
Italy,0 years,Total,2003,80.1
Italy,0 years,Total,2003,-5.5
Italy,0 years,Total,2003,5.5
Italy,0 years,Total,2004,80.9
Italy,0 years,Total,2004,-5.7
Italy,0 years,Total,2004,5.7
Italy,0 years,Total,2005,80.9
Italy,0 years,Total,2005,-5.5
Italy,0 years,Total,2005,5.5
Italy,0 years,Total,2006,81.4
Italy,0 years,Total,2006,-5.5
Italy,0 years,Total,2006,5.5
Italy,0 years,Total,2007,81.6
Italy,0 years,Total,2007,-5.4
Italy,0 years,Total,2007,5.4
Italy,0 years,Total,2008,81.7
Italy,0 years,Total,2008,-5.3
Italy,0 years,Total,2008,5.3
Italy,0 years,Total,2009,81.8
Italy,0 years,Total,2009,-5.2
Italy,0 years,Total,2009,5.2
Italy,0 years,Total,2010,82.2
Italy,0 years,Total,2010,-5.2
Italy,0 years,Total,2010,5.2
Italy,0 years,Total,2011,82.4
Italy,0 years,Total,2011,-5.1
Italy,0 years,Total,2011,5.1
Italy,0 years,Total,2012,82.4
Italy,0 years,Total,2012,-5
Italy,0 years,Total,2012,5
Italy,0 years,Total,2013,82.9
Italy,0 years,Total,2013,-4.9
Italy,0 years,Total,2013,4.9
Italy,0 years,Total,2014,82.8
Italy,0 years,Total,2014,-4.6
Italy,0 years,Total,2014,4.6
Italy,0 years,Total,2015,82.4
Italy,0 years,Total,2015,-4.5
Italy,0 years,Total,2015,4.5
Italy,0 years,Total,2016,83
Italy,0 years,Total,2016,-4.5
Italy,0 years,Total,2016,4.5
Italy,0 years,Total,2017,82.8
Italy,0 years,Total,2017,-4.3
Italy,0 years,Total,2017,4.3
Italy,0 years,Total,2018,83.1
Italy,0 years,Total,2018,-4.3
Italy,0 years,Total,2018,4.3
Italy,0 years,Total,2019,83.4
Italy,0 years,Total,2019,-4.3
Italy,0 years,Total,2019,4.3
Italy,0 years,Total,2020,82.2
Italy,0 years,Total,2020,-4.6
Italy,0 years,Total,2020,4.6
Italy,0 years,Total,2021,82.6
Italy,0 years,Total,2021,-4.4
Italy,0 years,Total,2021,4.4
Italy,0 years,Total,2022,82.8
Italy,0 years,Total,2022,-4.2
Italy,0 years,Total,2022,4.2
Italy,0 years,Total,2023,83.3
Italy,0 years,Total,2023,-4.1
Italy,0 years,Total,2023,4.1
Italy,0 years,Total,2024,83.7
Italy,0 years,Total,2024,-4.1
Italy,0 years,Total,2024,4.1
Japan,0 years,Total,2000,-6.9
Japan,0 years,Total,2000,6.9
Japan,0 years,Total,2000,81.2
Japan,0 years,Total,2001,-6.9
Japan,0 years,Total,2001,6.9
Japan,0 years,Total,2001,81.5
Japan,0 years,Total,2002,-6.9
Japan,0 years,Total,2002,6.9
Japan,0 years,Total,2002,81.8
Japan,0 years,Total,2003,-7
Japan,0 years,Total,2003,7
Japan,0 years,Total,2003,81.8
Japan,0 years,Total,2004,-6.9
Japan,0 years,Total,2004,7
Japan,0 years,Total,2004,82.1
Japan,0 years,Total,2005,-7
Japan,0 years,Total,2005,7
Japan,0 years,Total,2005,82
Japan,0 years,Total,2006,-6.8
Japan,0 years,Total,2006,6.8
Japan,0 years,Total,2006,82.4
Japan,0 years,Total,2007,-6.8
Japan,0 years,Total,2007,6.8
Japan,0 years,Total,2007,82.6
Japan,0 years,Total,2008,-6.8
Japan,0 years,Total,2008,6.8
Japan,0 years,Total,2008,82.7
Japan,0 years,Total,2009,-6.8
Japan,0 years,Total,2009,6.9
Japan,0 years,Total,2009,83
Japan,0 years,Total,2010,-6.7
Japan,0 years,Total,2010,6.8
Japan,0 years,Total,2010,82.9
Japan,0 years,Total,2011,-6.5
Japan,0 years,Total,2011,6.5
Japan,0 years,Total,2011,82.7
Japan,0 years,Total,2012,-6.5
Japan,0 years,Total,2012,6.5
Japan,0 years,Total,2012,83.2
Japan,0 years,Total,2013,-6.4
Japan,0 years,Total,2013,6.4
Japan,0 years,Total,2013,83.4
Japan,0 years,Total,2014,-6.3
Japan,0 years,Total,2014,6.3
Japan,0 years,Total,2014,83.7
Japan,0 years,Total,2015,-6.2
Japan,0 years,Total,2015,6.2
Japan,0 years,Total,2015,83.9
Japan,0 years,Total,2016,-6.2
Japan,0 years,Total,2016,6.2
Japan,0 years,Total,2016,84.1
Japan,0 years,Total,2017,-6.2
Japan,0 years,Total,2017,6.2
Japan,0 years,Total,2017,84.2
Japan,0 years,Total,2018,-6.1
Japan,0 years,Total,2018,6.1
Japan,0 years,Total,2018,84.3
Japan,0 years,Total,2019,-6
Japan,0 years,Total,2019,6
Japan,0 years,Total,2019,84.4
Japan,0 years,Total,2020,-6.1
Japan,0 years,Total,2020,6.2
Japan,0 years,Total,2020,84.6
Japan,0 years,Total,2021,-6.1
Japan,0 years,Total,2021,6.1
Japan,0 years,Total,2021,84.5
Japan,0 years,Total,2022,-6
Japan,0 years,Total,2022,6
Japan,0 years,Total,2022,84.1
Japan,0 years,Total,2023,-6
Japan,0 years,Total,2023,6.1
Japan,0 years,Total,2023,84.1
Japan,0 years,Total,2024,-6
Japan,0 years,Total,2024,6
Japan,0 years,Total,2024,84.1
Korea,0 years,Total,2000,76
Korea,0 years,Total,2000,-7.3
Korea,0 years,Total,2000,7.3
Korea,0 years,Total,2001,76.5
Korea,0 years,Total,2001,-7.2
Korea,0 years,Total,2001,7.2
Korea,0 years,Total,2002,76.8
Korea,0 years,Total,2002,-6.9
Korea,0 years,Total,2002,6.9
Korea,0 years,Total,2003,77.3
Korea,0 years,Total,2003,-7
Korea,0 years,Total,2003,7
Korea,0 years,Total,2004,77.8
Korea,0 years,Total,2004,-6.9
Korea,0 years,Total,2004,6.9
Korea,0 years,Total,2005,78.2
Korea,0 years,Total,2005,-6.7
Korea,0 years,Total,2005,6.7
Korea,0 years,Total,2006,78.8
Korea,0 years,Total,2006,-6.7
Korea,0 years,Total,2006,6.7
Korea,0 years,Total,2007,79.2
Korea,0 years,Total,2007,-6.6
Korea,0 years,Total,2007,6.6
Korea,0 years,Total,2008,79.6
Korea,0 years,Total,2008,-6.7
Korea,0 years,Total,2008,6.7
Korea,0 years,Total,2009,80
Korea,0 years,Total,2009,-6.7
Korea,0 years,Total,2009,6.7
Korea,0 years,Total,2010,80.2
Korea,0 years,Total,2010,-6.8
Korea,0 years,Total,2010,6.8
Korea,0 years,Total,2011,80.6
Korea,0 years,Total,2011,-6.7
Korea,0 years,Total,2011,6.7
Korea,0 years,Total,2012,80.9
Korea,0 years,Total,2012,-6.6
Korea,0 years,Total,2012,6.6
Korea,0 years,Total,2013,81.4
Korea,0 years,Total,2013,-6.5
Korea,0 years,Total,2013,6.5
Korea,0 years,Total,2014,81.8
Korea,0 years,Total,2014,-6.4
Korea,0 years,Total,2014,6.4
Korea,0 years,Total,2015,82.1
Korea,0 years,Total,2015,-6.2
Korea,0 years,Total,2015,6.2
Korea,0 years,Total,2016,82.4
Korea,0 years,Total,2016,-6.1
Korea,0 years,Total,2016,6.1
Korea,0 years,Total,2017,82.7
Korea,0 years,Total,2017,-6
Korea,0 years,Total,2017,6
Korea,0 years,Total,2018,82.7
Korea,0 years,Total,2018,-6
Korea,0 years,Total,2018,6
Korea,0 years,Total,2019,83.3
Korea,0 years,Total,2019,-6
Korea,0 years,Total,2019,6
Korea,0 years,Total,2020,83.5
Korea,0 years,Total,2020,-6
Korea,0 years,Total,2020,6
Korea,0 years,Total,2021,83.6
Korea,0 years,Total,2021,-6
Korea,0 years,Total,2021,6
Korea,0 years,Total,2022,82.7
Korea,0 years,Total,2022,-5.8
Korea,0 years,Total,2022,5.8
Korea,0 years,Total,2023,83.5
Korea,0 years,Total,2023,-5.9
Korea,0 years,Total,2023,5.9
Korea,0 years,Total,2024,83.7
Korea,0 years,Total,2024,-5.8
Korea,0 years,Total,2024,5.8
Latvia,0 years,Total,2002,70.2
Latvia,0 years,Total,2002,-11.4
Latvia,0 years,Total,2002,11.4
Latvia,0 years,Total,2003,70.6
Latvia,0 years,Total,2003,-10.4
Latvia,0 years,Total,2003,10.4
Latvia,0 years,Total,2004,70.9
Latvia,0 years,Total,2004,-10.4
Latvia,0 years,Total,2004,10.4
Latvia,0 years,Total,2005,70.6
Latvia,0 years,Total,2005,-11.4
Latvia,0 years,Total,2005,11.4
Latvia,0 years,Total,2006,70.6
Latvia,0 years,Total,2006,-11.1
Latvia,0 years,Total,2006,11.1
Latvia,0 years,Total,2007,70.8
Latvia,0 years,Total,2007,-10.9
Latvia,0 years,Total,2007,10.9
Latvia,0 years,Total,2008,72.1
Latvia,0 years,Total,2008,-11
Latvia,0 years,Total,2008,11
Latvia,0 years,Total,2009,72.8
Latvia,0 years,Total,2009,-10.2
Latvia,0 years,Total,2009,10.2
Latvia,0 years,Total,2010,73.1
Latvia,0 years,Total,2010,-10.1
Latvia,0 years,Total,2010,10.1
Latvia,0 years,Total,2011,73.9
Latvia,0 years,Total,2011,-10.2
Latvia,0 years,Total,2011,10.2
Latvia,0 years,Total,2012,74.1
Latvia,0 years,Total,2012,-10
Latvia,0 years,Total,2012,10
Latvia,0 years,Total,2013,74.3
Latvia,0 years,Total,2013,-9.6
Latvia,0 years,Total,2013,9.6
Latvia,0 years,Total,2014,74.3
Latvia,0 years,Total,2014,-10.1
Latvia,0 years,Total,2014,10.1
Latvia,0 years,Total,2015,74.7
Latvia,0 years,Total,2015,-9.6
Latvia,0 years,Total,2015,9.6
Latvia,0 years,Total,2016,74.8
Latvia,0 years,Total,2016,-9.6
Latvia,0 years,Total,2016,9.6
Latvia,0 years,Total,2017,74.8
Latvia,0 years,Total,2017,-9.7
Latvia,0 years,Total,2017,9.7
Latvia,0 years,Total,2018,75
Latvia,0 years,Total,2018,-9.6
Latvia,0 years,Total,2018,9.6
Latvia,0 years,Total,2019,75.7
Latvia,0 years,Total,2019,-9.1
Latvia,0 years,Total,2019,9.1
Latvia,0 years,Total,2020,75.4
Latvia,0 years,Total,2020,-9.3
Latvia,0 years,Total,2020,9.3
Latvia,0 years,Total,2021,73.2
Latvia,0 years,Total,2021,-9.7
Latvia,0 years,Total,2021,9.7
Latvia,0 years,Total,2022,74.5
Latvia,0 years,Total,2022,-9.9
Latvia,0 years,Total,2022,9.9
Latvia,0 years,Total,2023,75.6
Latvia,0 years,Total,2023,-10
Latvia,0 years,Total,2023,10
Latvia,0 years,Total,2024,76.4
Latvia,0 years,Total,2024,-9.8
Latvia,0 years,Total,2024,9.8
Lithuania,0 years,Total,2000,72.1
Lithuania,0 years,Total,2000,-10.7
Lithuania,0 years,Total,2000,10.7
Lithuania,0 years,Total,2001,71.6
Lithuania,0 years,Total,2001,-11.5
Lithuania,0 years,Total,2001,11.5
Lithuania,0 years,Total,2002,71.8
Lithuania,0 years,Total,2002,-11.3
Lithuania,0 years,Total,2002,11.3
Lithuania,0 years,Total,2003,72
Lithuania,0 years,Total,2003,-11.3
Lithuania,0 years,Total,2003,11.3
Lithuania,0 years,Total,2004,72
Lithuania,0 years,Total,2004,-11.5
Lithuania,0 years,Total,2004,11.5
Lithuania,0 years,Total,2005,71.2
Lithuania,0 years,Total,2005,-12.2
Lithuania,0 years,Total,2005,12.2
Lithuania,0 years,Total,2006,71
Lithuania,0 years,Total,2006,-12.1
Lithuania,0 years,Total,2006,12.1
Lithuania,0 years,Total,2007,70.7
Lithuania,0 years,Total,2007,-12.7
Lithuania,0 years,Total,2007,12.7
Lithuania,0 years,Total,2008,71.7
Lithuania,0 years,Total,2008,-11.7
Lithuania,0 years,Total,2008,11.7
Lithuania,0 years,Total,2009,72.9
Lithuania,0 years,Total,2009,-11.6
Lithuania,0 years,Total,2009,11.6
Lithuania,0 years,Total,2010,73.3
Lithuania,0 years,Total,2010,-11.3
Lithuania,0 years,Total,2010,11.3
Lithuania,0 years,Total,2011,73.7
Lithuania,0 years,Total,2011,-11.2
Lithuania,0 years,Total,2011,11.2
Lithuania,0 years,Total,2012,74.1
Lithuania,0 years,Total,2012,-11.2
Lithuania,0 years,Total,2012,11.2
Lithuania,0 years,Total,2013,74.1
Lithuania,0 years,Total,2013,-11.1
Lithuania,0 years,Total,2013,11.1
Lithuania,0 years,Total,2014,74.5
Lithuania,0 years,Total,2014,-10.7
Lithuania,0 years,Total,2014,10.7
Lithuania,0 years,Total,2015,74.4
Lithuania,0 years,Total,2015,-10.4
Lithuania,0 years,Total,2015,10.4
Lithuania,0 years,Total,2016,74.8
Lithuania,0 years,Total,2016,-10.4
Lithuania,0 years,Total,2016,10.4
Lithuania,0 years,Total,2017,75.7
Lithuania,0 years,Total,2017,-9.6
Lithuania,0 years,Total,2017,9.6
Lithuania,0 years,Total,2018,75.9
Lithuania,0 years,Total,2018,-9.6
Lithuania,0 years,Total,2018,9.6
Lithuania,0 years,Total,2019,76.4
Lithuania,0 years,Total,2019,-9.5
Lithuania,0 years,Total,2019,9.5
Lithuania,0 years,Total,2020,75.2
Lithuania,0 years,Total,2020,-9.8
Lithuania,0 years,Total,2020,9.8
Lithuania,0 years,Total,2021,74.3
Lithuania,0 years,Total,2021,-9.3
Lithuania,0 years,Total,2021,9.3
Lithuania,0 years,Total,2022,75.8
Lithuania,0 years,Total,2022,-8.7
Lithuania,0 years,Total,2022,8.7
Lithuania,0 years,Total,2023,77.4
Lithuania,0 years,Total,2023,-8.8
Lithuania,0 years,Total,2023,8.8
Lithuania,0 years,Total,2024,77.5
Lithuania,0 years,Total,2024,-8.6
Lithuania,0 years,Total,2024,8.6
Luxembourg,0 years,Total,2000,78
Luxembourg,0 years,Total,2000,-6.7
Luxembourg,0 years,Total,2000,6.7
Luxembourg,0 years,Total,2001,78
Luxembourg,0 years,Total,2001,-5.6
Luxembourg,0 years,Total,2001,5.6
Luxembourg,0 years,Total,2002,78.1
Luxembourg,0 years,Total,2002,-6.9
Luxembourg,0 years,Total,2002,6.9
Luxembourg,0 years,Total,2003,77.9
Luxembourg,0 years,Total,2003,-6
Luxembourg,0 years,Total,2003,6
Luxembourg,0 years,Total,2004,79.2
Luxembourg,0 years,Total,2004,-6.4
Luxembourg,0 years,Total,2004,6.4
Luxembourg,0 years,Total,2005,79.6
Luxembourg,0 years,Total,2005,-5.6
Luxembourg,0 years,Total,2005,5.6
Luxembourg,0 years,Total,2006,79.4
Luxembourg,0 years,Total,2006,-5.1
Luxembourg,0 years,Total,2006,5.1
Luxembourg,0 years,Total,2007,79.5
Luxembourg,0 years,Total,2007,-5.5
Luxembourg,0 years,Total,2007,5.5
Luxembourg,0 years,Total,2008,80.7
Luxembourg,0 years,Total,2008,-5
Luxembourg,0 years,Total,2008,5
Luxembourg,0 years,Total,2009,80.8
Luxembourg,0 years,Total,2009,-5.2
Luxembourg,0 years,Total,2009,5.2
Luxembourg,0 years,Total,2010,80.8
Luxembourg,0 years,Total,2010,-5.6
Luxembourg,0 years,Total,2010,5.6
Luxembourg,0 years,Total,2011,81.1
Luxembourg,0 years,Total,2011,-5.1
Luxembourg,0 years,Total,2011,5.1
Luxembourg,0 years,Total,2012,81.5
Luxembourg,0 years,Total,2012,-4.7
Luxembourg,0 years,Total,2012,4.7
Luxembourg,0 years,Total,2013,81.9
Luxembourg,0 years,Total,2013,-4.1
Luxembourg,0 years,Total,2013,4.1
Luxembourg,0 years,Total,2014,81.8
Luxembourg,0 years,Total,2014,-5.4
Luxembourg,0 years,Total,2014,5.4
Luxembourg,0 years,Total,2015,82
Luxembourg,0 years,Total,2015,-4.6
Luxembourg,0 years,Total,2015,4.6
Luxembourg,0 years,Total,2016,82.3
Luxembourg,0 years,Total,2016,-5
Luxembourg,0 years,Total,2016,5
Luxembourg,0 years,Total,2017,81.8
Luxembourg,0 years,Total,2017,-4.4
Luxembourg,0 years,Total,2017,4.4
Luxembourg,0 years,Total,2018,82.1
Luxembourg,0 years,Total,2018,-4.5
Luxembourg,0 years,Total,2018,4.5
Luxembourg,0 years,Total,2019,82.4
Luxembourg,0 years,Total,2019,-4.8
Luxembourg,0 years,Total,2019,4.8
Luxembourg,0 years,Total,2020,82.1
Luxembourg,0 years,Total,2020,-4.6
Luxembourg,0 years,Total,2020,4.6
Luxembourg,0 years,Total,2021,82.5
Luxembourg,0 years,Total,2021,-4.2
Luxembourg,0 years,Total,2021,4.2
Luxembourg,0 years,Total,2022,82.8
Luxembourg,0 years,Total,2022,-4.4
Luxembourg,0 years,Total,2022,4.4
Luxembourg,0 years,Total,2023,83.1
Luxembourg,0 years,Total,2023,-3.4
Luxembourg,0 years,Total,2023,3.4
Luxembourg,0 years,Total,2024,83.2
Luxembourg,0 years,Total,2024,-4.5
Luxembourg,0 years,Total,2024,4.5
Mexico,0 years,Total,2000,74.7
Mexico,0 years,Total,2000,-5.4
Mexico,0 years,Total,2000,5.4
Mexico,0 years,Total,2001,75
Mexico,0 years,Total,2001,-5.3
Mexico,0 years,Total,2001,5.3
Mexico,0 years,Total,2002,75.1
Mexico,0 years,Total,2002,-5.3
Mexico,0 years,Total,2002,5.3
Mexico,0 years,Total,2003,75.1
Mexico,0 years,Total,2003,-5.3
Mexico,0 years,Total,2003,5.3
Mexico,0 years,Total,2004,75.4
Mexico,0 years,Total,2004,-5.2
Mexico,0 years,Total,2004,5.2
Mexico,0 years,Total,2005,75.2
Mexico,0 years,Total,2005,-5.2
Mexico,0 years,Total,2005,5.2
Mexico,0 years,Total,2006,75.5
Mexico,0 years,Total,2006,-5.3
Mexico,0 years,Total,2006,5.3
Mexico,0 years,Total,2007,75.4
Mexico,0 years,Total,2007,-5.3
Mexico,0 years,Total,2007,5.3
Mexico,0 years,Total,2008,75.2
Mexico,0 years,Total,2008,-5.8
Mexico,0 years,Total,2008,5.8
Mexico,0 years,Total,2009,74.9
Mexico,0 years,Total,2009,-6
Mexico,0 years,Total,2009,6
Mexico,0 years,Total,2010,74.3
Mexico,0 years,Total,2010,-5.8
Mexico,0 years,Total,2010,5.8
Mexico,0 years,Total,2011,74.8
Mexico,0 years,Total,2011,-5.9
Mexico,0 years,Total,2011,5.9
Mexico,0 years,Total,2012,74.9
Mexico,0 years,Total,2012,-5.8
Mexico,0 years,Total,2012,5.8
Mexico,0 years,Total,2013,75.2
Mexico,0 years,Total,2013,-5.6
Mexico,0 years,Total,2013,5.6
Mexico,0 years,Total,2014,75.1
Mexico,0 years,Total,2014,-5.4
Mexico,0 years,Total,2014,5.4
Mexico,0 years,Total,2015,75.1
Mexico,0 years,Total,2015,-5.4
Mexico,0 years,Total,2015,5.4
Mexico,0 years,Total,2016,74.8
Mexico,0 years,Total,2016,-5.7
Mexico,0 years,Total,2016,5.7
Mexico,0 years,Total,2017,74.8
Mexico,0 years,Total,2017,-5.9
Mexico,0 years,Total,2017,5.9
Mexico,0 years,Total,2018,74.9
Mexico,0 years,Total,2018,-6.1
Mexico,0 years,Total,2018,6.1
Mexico,0 years,Total,2019,74.8
Mexico,0 years,Total,2019,-6.2
Mexico,0 years,Total,2019,6.2
Mexico,0 years,Total,2020,68.9
Mexico,0 years,Total,2020,-8.7
Mexico,0 years,Total,2020,8.7
Mexico,0 years,Total,2021,68.8
Mexico,0 years,Total,2021,-8.2
Mexico,0 years,Total,2021,8.2
Mexico,0 years,Total,2022,75.2
Mexico,0 years,Total,2022,-6.3
Mexico,0 years,Total,2022,6.3
Mexico,0 years,Total,2023,75.3
Mexico,0 years,Total,2023,-6.4
Mexico,0 years,Total,2023,6.4
Mexico,0 years,Total,2024,75.5
Mexico,0 years,Total,2024,-6.4
Mexico,0 years,Total,2024,6.4
Mexico,0 years,Total,2025,75.7
Mexico,0 years,Total,2025,-6.5
Mexico,0 years,Total,2025,6.5
Netherlands,0 years,Total,2000,78.2
Netherlands,0 years,Total,2000,-5.1
Netherlands,0 years,Total,2000,5.1
Netherlands,0 years,Total,2001,78.4
Netherlands,0 years,Total,2001,-5
Netherlands,0 years,Total,2001,5
Netherlands,0 years,Total,2002,78.5
Netherlands,0 years,Total,2002,-4.7
Netherlands,0 years,Total,2002,4.7
Netherlands,0 years,Total,2003,78.7
Netherlands,0 years,Total,2003,-4.7
Netherlands,0 years,Total,2003,4.7
Netherlands,0 years,Total,2004,79.3
Netherlands,0 years,Total,2004,-4.6
Netherlands,0 years,Total,2004,4.6
Netherlands,0 years,Total,2005,79.6
Netherlands,0 years,Total,2005,-4.5
Netherlands,0 years,Total,2005,4.5
Netherlands,0 years,Total,2006,80
Netherlands,0 years,Total,2006,-4.3
Netherlands,0 years,Total,2006,4.3
Netherlands,0 years,Total,2007,80.4
Netherlands,0 years,Total,2007,-4.4
Netherlands,0 years,Total,2007,4.4
Netherlands,0 years,Total,2008,80.5
Netherlands,0 years,Total,2008,-4.1
Netherlands,0 years,Total,2008,4.1
Netherlands,0 years,Total,2009,80.9
Netherlands,0 years,Total,2009,-4.2
Netherlands,0 years,Total,2009,4.2
Netherlands,0 years,Total,2010,81
Netherlands,0 years,Total,2010,-4.1
Netherlands,0 years,Total,2010,4.1
Netherlands,0 years,Total,2011,81.3
Netherlands,0 years,Total,2011,-3.7
Netherlands,0 years,Total,2011,3.7
Netherlands,0 years,Total,2012,81.2
Netherlands,0 years,Total,2012,-3.7
Netherlands,0 years,Total,2012,3.7
Netherlands,0 years,Total,2013,81.4
Netherlands,0 years,Total,2013,-3.7
Netherlands,0 years,Total,2013,3.7
Netherlands,0 years,Total,2014,81.6
Netherlands,0 years,Total,2014,-3.4
Netherlands,0 years,Total,2014,3.4
Netherlands,0 years,Total,2015,81.5
Netherlands,0 years,Total,2015,-3.4
Netherlands,0 years,Total,2015,3.4
Netherlands,0 years,Total,2016,81.5
Netherlands,0 years,Total,2016,-3.2
Netherlands,0 years,Total,2016,3.2
Netherlands,0 years,Total,2017,81.7
Netherlands,0 years,Total,2017,-3.2
Netherlands,0 years,Total,2017,3.2
Netherlands,0 years,Total,2018,81.8
Netherlands,0 years,Total,2018,-3.1
Netherlands,0 years,Total,2018,3.1
Netherlands,0 years,Total,2019,82.1
Netherlands,0 years,Total,2019,-3.1
Netherlands,0 years,Total,2019,3.1
Netherlands,0 years,Total,2020,81.4
Netherlands,0 years,Total,2020,-3.4
Netherlands,0 years,Total,2020,3.4
Netherlands,0 years,Total,2021,81.3
Netherlands,0 years,Total,2021,-3.3
Netherlands,0 years,Total,2021,3.3
Netherlands,0 years,Total,2022,81.6
Netherlands,0 years,Total,2022,-3
Netherlands,0 years,Total,2022,3
Netherlands,0 years,Total,2023,81.8
Netherlands,0 years,Total,2023,-3
Netherlands,0 years,Total,2023,3
Netherlands,0 years,Total,2024,81.9
Netherlands,0 years,Total,2024,-2.8
Netherlands,0 years,Total,2024,2.8
New Zealand,0 years,Total,2000,-4.9
New Zealand,0 years,Total,2000,4.9
New Zealand,0 years,Total,2000,78.4
New Zealand,0 years,Total,2001,-4.8
New Zealand,0 years,Total,2001,4.8
New Zealand,0 years,Total,2001,78.7
New Zealand,0 years,Total,2002,-4.6
New Zealand,0 years,Total,2002,4.6
New Zealand,0 years,Total,2002,79
New Zealand,0 years,Total,2003,-4.5
New Zealand,0 years,Total,2003,4.5
New Zealand,0 years,Total,2003,79.3
New Zealand,0 years,Total,2004,-4.3
New Zealand,0 years,Total,2004,4.3
New Zealand,0 years,Total,2004,79.6
New Zealand,0 years,Total,2005,-4.2
New Zealand,0 years,Total,2005,4.2
New Zealand,0 years,Total,2005,79.8
New Zealand,0 years,Total,2006,-4.2
New Zealand,0 years,Total,2006,4.2
New Zealand,0 years,Total,2006,80.1
New Zealand,0 years,Total,2007,-4.1
New Zealand,0 years,Total,2007,4.1
New Zealand,0 years,Total,2007,80.3
New Zealand,0 years,Total,2008,-4.1
New Zealand,0 years,Total,2008,4.1
New Zealand,0 years,Total,2008,80.5
New Zealand,0 years,Total,2009,-3.9
New Zealand,0 years,Total,2009,3.9
New Zealand,0 years,Total,2009,80.7
New Zealand,0 years,Total,2010,-3.8
New Zealand,0 years,Total,2010,3.8
New Zealand,0 years,Total,2010,80.8
New Zealand,0 years,Total,2011,-3.8
New Zealand,0 years,Total,2011,3.8
New Zealand,0 years,Total,2011,81
New Zealand,0 years,Total,2012,-3.7
New Zealand,0 years,Total,2012,3.7
New Zealand,0 years,Total,2012,81.2
New Zealand,0 years,Total,2013,-3.7
New Zealand,0 years,Total,2013,3.7
New Zealand,0 years,Total,2013,81.4
New Zealand,0 years,Total,2014,-3.6
New Zealand,0 years,Total,2014,3.6
New Zealand,0 years,Total,2014,81.4
New Zealand,0 years,Total,2015,-3.6
New Zealand,0 years,Total,2015,3.6
New Zealand,0 years,Total,2015,81.5
New Zealand,0 years,Total,2016,-3.6
New Zealand,0 years,Total,2016,3.6
New Zealand,0 years,Total,2016,81.6
New Zealand,0 years,Total,2017,-3.5
New Zealand,0 years,Total,2017,3.5
New Zealand,0 years,Total,2017,81.7
New Zealand,0 years,Total,2018,-3.5
New Zealand,0 years,Total,2018,3.5
New Zealand,0 years,Total,2018,81.7
New Zealand,0 years,Total,2019,-3.5
New Zealand,0 years,Total,2019,3.5
New Zealand,0 years,Total,2019,81.7
New Zealand,0 years,Total,2020,-3.5
New Zealand,0 years,Total,2020,3.5
New Zealand,0 years,Total,2020,81.7
New Zealand,0 years,Total,2021,-3.4
New Zealand,0 years,Total,2021,3.4
New Zealand,0 years,Total,2021,81.8
New Zealand,0 years,Total,2022,-3.4
New Zealand,0 years,Total,2022,3.4
New Zealand,0 years,Total,2022,81.8
New Zealand,0 years,Total,2023,-3.4
New Zealand,0 years,Total,2023,3.4
New Zealand,0 years,Total,2023,81.8
New Zealand,0 years,Total,2024,-3.3
New Zealand,0 years,Total,2024,3.3
New Zealand,0 years,Total,2024,82.1
Norway,0 years,Total,2000,78.8
Norway,0 years,Total,2000,-5.5
Norway,0 years,Total,2000,5.5
Norway,0 years,Total,2001,79
Norway,0 years,Total,2001,-5.4
Norway,0 years,Total,2001,5.4
Norway,0 years,Total,2002,79
Norway,0 years,Total,2002,-5.2
Norway,0 years,Total,2002,5.2
Norway,0 years,Total,2003,79.6
Norway,0 years,Total,2003,-5
Norway,0 years,Total,2003,5
Norway,0 years,Total,2004,80.1
Norway,0 years,Total,2004,-4.9
Norway,0 years,Total,2004,4.9
Norway,0 years,Total,2005,80.3
Norway,0 years,Total,2005,-4.9
Norway,0 years,Total,2005,4.9
Norway,0 years,Total,2006,80.6
Norway,0 years,Total,2006,-4.7
Norway,0 years,Total,2006,4.7
Norway,0 years,Total,2007,80.6
Norway,0 years,Total,2007,-4.6
Norway,0 years,Total,2007,4.6
Norway,0 years,Total,2008,80.8
Norway,0 years,Total,2008,-4.8
Norway,0 years,Total,2008,4.8
Norway,0 years,Total,2009,81
Norway,0 years,Total,2009,-4.5
Norway,0 years,Total,2009,4.5
Norway,0 years,Total,2010,81.2
Norway,0 years,Total,2010,-4.3
Norway,0 years,Total,2010,4.3
Norway,0 years,Total,2011,81.4
Norway,0 years,Total,2011,-4.5
Norway,0 years,Total,2011,4.5
Norway,0 years,Total,2012,81.5
Norway,0 years,Total,2012,-4
Norway,0 years,Total,2012,4
Norway,0 years,Total,2013,81.8
Norway,0 years,Total,2013,-4
Norway,0 years,Total,2013,4
Norway,0 years,Total,2014,82.1
Norway,0 years,Total,2014,-4.1
Norway,0 years,Total,2014,4.1
Norway,0 years,Total,2015,82.3
Norway,0 years,Total,2015,-3.8
Norway,0 years,Total,2015,3.8
Norway,0 years,Total,2016,82.4
Norway,0 years,Total,2016,-3.6
Norway,0 years,Total,2016,3.6
Norway,0 years,Total,2017,82.6
Norway,0 years,Total,2017,-3.4
Norway,0 years,Total,2017,3.4
Norway,0 years,Total,2018,82.8
Norway,0 years,Total,2018,-3.5
Norway,0 years,Total,2018,3.5
Norway,0 years,Total,2019,83
Norway,0 years,Total,2019,-3.5
Norway,0 years,Total,2019,3.5
Norway,0 years,Total,2020,83.2
Norway,0 years,Total,2020,-3.4
Norway,0 years,Total,2020,3.4
Norway,0 years,Total,2021,83.2
Norway,0 years,Total,2021,-3.1
Norway,0 years,Total,2021,3.1
Norway,0 years,Total,2022,82.6
Norway,0 years,Total,2022,-3.4
Norway,0 years,Total,2022,3.4
Norway,0 years,Total,2023,83
Norway,0 years,Total,2023,-3.2
Norway,0 years,Total,2023,3.2
Norway,0 years,Total,2024,83.2
Norway,0 years,Total,2024,-3.2
Norway,0 years,Total,2024,3.2
Peru,0 years,Total,2000,70.4
Peru,0 years,Total,2000,-4.9
Peru,0 years,Total,2000,4.9
Peru,0 years,Total,2001,71
Peru,0 years,Total,2001,-4.7
Peru,0 years,Total,2001,4.7
Peru,0 years,Total,2002,71.7
Peru,0 years,Total,2002,-4.4
Peru,0 years,Total,2002,4.4
Peru,0 years,Total,2003,72.2
Peru,0 years,Total,2003,-4.2
Peru,0 years,Total,2003,4.2
Peru,0 years,Total,2004,72.7
Peru,0 years,Total,2004,-4
Peru,0 years,Total,2004,4
Peru,0 years,Total,2005,73
Peru,0 years,Total,2005,-4
Peru,0 years,Total,2005,4
Peru,0 years,Total,2006,73.2
Peru,0 years,Total,2006,-4
Peru,0 years,Total,2006,4
Peru,0 years,Total,2007,73.2
Peru,0 years,Total,2007,-4
Peru,0 years,Total,2007,4
Peru,0 years,Total,2008,73.4
Peru,0 years,Total,2008,-4.1
Peru,0 years,Total,2008,4.1
Peru,0 years,Total,2009,73.5
Peru,0 years,Total,2009,-4.3
Peru,0 years,Total,2009,4.3
Peru,0 years,Total,2010,74.4
Peru,0 years,Total,2010,-4.9
Peru,0 years,Total,2010,4.9
Peru,0 years,Total,2011,74.7
Peru,0 years,Total,2011,-5
Peru,0 years,Total,2011,5
Peru,0 years,Total,2012,75
Peru,0 years,Total,2012,-5
Peru,0 years,Total,2012,5
Peru,0 years,Total,2013,75.3
Peru,0 years,Total,2013,-5.1
Peru,0 years,Total,2013,5.1
Peru,0 years,Total,2014,75.6
Peru,0 years,Total,2014,-5.2
Peru,0 years,Total,2014,5.2
Peru,0 years,Total,2015,75.9
Peru,0 years,Total,2015,-5.3
Peru,0 years,Total,2015,5.3
Peru,0 years,Total,2016,76.1
Peru,0 years,Total,2016,-5.4
Peru,0 years,Total,2016,5.4
Peru,0 years,Total,2017,76.4
Peru,0 years,Total,2017,-5.5
Peru,0 years,Total,2017,5.5
Peru,0 years,Total,2018,76.6
Peru,0 years,Total,2018,-5.5
Peru,0 years,Total,2018,5.5
Peru,0 years,Total,2019,76.7
Peru,0 years,Total,2019,-5.4
Peru,0 years,Total,2019,5.4
Peru,0 years,Total,2020,76.9
Peru,0 years,Total,2020,-5.4
Peru,0 years,Total,2020,5.4
Peru,0 years,Total,2021,77
Peru,0 years,Total,2021,-5.3
Peru,0 years,Total,2021,5.3
Peru,0 years,Total,2022,77.1
Peru,0 years,Total,2022,-5.3
Peru,0 years,Total,2022,5.3
Peru,0 years,Total,2023,77.2
Peru,0 years,Total,2023,-5.2
Peru,0 years,Total,2023,5.2
Peru,0 years,Total,2024,77.4
Peru,0 years,Total,2024,-5.3
Peru,0 years,Total,2024,5.3
Peru,0 years,Total,2025,77.5
Peru,0 years,Total,2025,-5.2
Peru,0 years,Total,2025,5.2
Poland,0 years,Total,2000,73.8
Poland,0 years,Total,2000,-8.4
Poland,0 years,Total,2000,8.4
Poland,0 years,Total,2001,74.2
Poland,0 years,Total,2001,-8.4
Poland,0 years,Total,2001,8.4
Poland,0 years,Total,2002,74.5
Poland,0 years,Total,2002,-8.5
Poland,0 years,Total,2002,8.5
Poland,0 years,Total,2003,74.7
Poland,0 years,Total,2003,-8.3
Poland,0 years,Total,2003,8.3
Poland,0 years,Total,2004,74.9
Poland,0 years,Total,2004,-8.6
Poland,0 years,Total,2004,8.6
Poland,0 years,Total,2005,75
Poland,0 years,Total,2005,-8.5
Poland,0 years,Total,2005,8.5
Poland,0 years,Total,2006,75.3
Poland,0 years,Total,2006,-8.8
Poland,0 years,Total,2006,8.8
Poland,0 years,Total,2007,75.4
Poland,0 years,Total,2007,-8.8
Poland,0 years,Total,2007,8.8
Poland,0 years,Total,2008,75.6
Poland,0 years,Total,2008,-8.7
Poland,0 years,Total,2008,8.7
Poland,0 years,Total,2009,75.9
Poland,0 years,Total,2009,-8.6
Poland,0 years,Total,2009,8.6
Poland,0 years,Total,2010,76.4
Poland,0 years,Total,2010,-8.5
Poland,0 years,Total,2010,8.5
Poland,0 years,Total,2011,76.8
Poland,0 years,Total,2011,-8.6
Poland,0 years,Total,2011,8.6
Poland,0 years,Total,2012,76.9
Poland,0 years,Total,2012,-8.5
Poland,0 years,Total,2012,8.5
Poland,0 years,Total,2013,77.1
Poland,0 years,Total,2013,-8.2
Poland,0 years,Total,2013,8.2
Poland,0 years,Total,2014,77.5
Poland,0 years,Total,2014,-7.8
Poland,0 years,Total,2014,7.8
Poland,0 years,Total,2015,77.4
Poland,0 years,Total,2015,-7.9
Poland,0 years,Total,2015,7.9
Poland,0 years,Total,2016,77.8
Poland,0 years,Total,2016,-7.9
Poland,0 years,Total,2016,7.9
Poland,0 years,Total,2017,77.7
Poland,0 years,Total,2017,-7.7
Poland,0 years,Total,2017,7.7
Poland,0 years,Total,2018,77.6
Poland,0 years,Total,2018,-7.8
Poland,0 years,Total,2018,7.8
Poland,0 years,Total,2019,77.9
Poland,0 years,Total,2019,-7.7
Poland,0 years,Total,2019,7.7
Poland,0 years,Total,2020,76.4
Poland,0 years,Total,2020,-8.2
Poland,0 years,Total,2020,8.2
Poland,0 years,Total,2021,75.4
Poland,0 years,Total,2021,-8
Poland,0 years,Total,2021,8
Poland,0 years,Total,2022,77.1
Poland,0 years,Total,2022,-7.8
Poland,0 years,Total,2022,7.8
Poland,0 years,Total,2023,78.2
Poland,0 years,Total,2023,-7.4
Poland,0 years,Total,2023,7.4
Poland,0 years,Total,2024,78.5
Poland,0 years,Total,2024,-7.4
Poland,0 years,Total,2024,7.4
Portugal,0 years,Total,2000,76.8
Portugal,0 years,Total,2000,-7.1
Portugal,0 years,Total,2000,7.1
Portugal,0 years,Total,2001,77.2
Portugal,0 years,Total,2001,-7.1
Portugal,0 years,Total,2001,7.1
Portugal,0 years,Total,2002,77.4
Portugal,0 years,Total,2002,-6.9
Portugal,0 years,Total,2002,6.9
Portugal,0 years,Total,2003,77.5
Portugal,0 years,Total,2003,-6.6
Portugal,0 years,Total,2003,6.6
Portugal,0 years,Total,2004,78.4
Portugal,0 years,Total,2004,-6.8
Portugal,0 years,Total,2004,6.8
Portugal,0 years,Total,2005,78.2
Portugal,0 years,Total,2005,-6.6
Portugal,0 years,Total,2005,6.6
Portugal,0 years,Total,2006,79
Portugal,0 years,Total,2006,-7
Portugal,0 years,Total,2006,7
Portugal,0 years,Total,2007,79.3
Portugal,0 years,Total,2007,-6.6
Portugal,0 years,Total,2007,6.6
Portugal,0 years,Total,2008,79.5
Portugal,0 years,Total,2008,-6.5
Portugal,0 years,Total,2008,6.5
Portugal,0 years,Total,2009,79.7
Portugal,0 years,Total,2009,-6.3
Portugal,0 years,Total,2009,6.3
Portugal,0 years,Total,2010,80.1
Portugal,0 years,Total,2010,-6.4
Portugal,0 years,Total,2010,6.4
Portugal,0 years,Total,2011,80.7
Portugal,0 years,Total,2011,-6.5
Portugal,0 years,Total,2011,6.5
Portugal,0 years,Total,2012,80.6
Portugal,0 years,Total,2012,-6.3
Portugal,0 years,Total,2012,6.3
Portugal,0 years,Total,2013,80.9
Portugal,0 years,Total,2013,-6.4
Portugal,0 years,Total,2013,6.4
Portugal,0 years,Total,2014,81.3
Portugal,0 years,Total,2014,-6.2
Portugal,0 years,Total,2014,6.2
Portugal,0 years,Total,2015,81.3
Portugal,0 years,Total,2015,-6.1
Portugal,0 years,Total,2015,6.1
Portugal,0 years,Total,2016,81.4
Portugal,0 years,Total,2016,-6.1
Portugal,0 years,Total,2016,6.1
Portugal,0 years,Total,2017,81.6
Portugal,0 years,Total,2017,-6
Portugal,0 years,Total,2017,6
Portugal,0 years,Total,2018,81.6
Portugal,0 years,Total,2018,-6
Portugal,0 years,Total,2018,6
Portugal,0 years,Total,2019,82
Portugal,0 years,Total,2019,-5.8
Portugal,0 years,Total,2019,5.8
Portugal,0 years,Total,2020,81.4
Portugal,0 years,Total,2020,-5.8
Portugal,0 years,Total,2020,5.8
Portugal,0 years,Total,2021,81.4
Portugal,0 years,Total,2021,-5.9
Portugal,0 years,Total,2021,5.9
Portugal,0 years,Total,2022,81.7
Portugal,0 years,Total,2022,-5.6
Portugal,0 years,Total,2022,5.6
Portugal,0 years,Total,2023,82.3
Portugal,0 years,Total,2023,-5.6
Portugal,0 years,Total,2023,5.6
Portugal,0 years,Total,2024,82.5
Portugal,0 years,Total,2024,-5.5
Portugal,0 years,Total,2024,5.5
Romania,0 years,Total,2000,71.2
Romania,0 years,Total,2000,-7.1
Romania,0 years,Total,2000,7.1
Romania,0 years,Total,2001,71.1
Romania,0 years,Total,2001,-7.4
Romania,0 years,Total,2001,7.4
Romania,0 years,Total,2002,70.9
Romania,0 years,Total,2002,-7.3
Romania,0 years,Total,2002,7.3
Romania,0 years,Total,2003,71
Romania,0 years,Total,2003,-7.4
Romania,0 years,Total,2003,7.4
Romania,0 years,Total,2004,71.4
Romania,0 years,Total,2004,-7.3
Romania,0 years,Total,2004,7.3
Romania,0 years,Total,2005,71.9
Romania,0 years,Total,2005,-7
Romania,0 years,Total,2005,7
Romania,0 years,Total,2006,72.5
Romania,0 years,Total,2006,-7.1
Romania,0 years,Total,2006,7.1
Romania,0 years,Total,2007,73.1
Romania,0 years,Total,2007,-7.3
Romania,0 years,Total,2007,7.3
Romania,0 years,Total,2008,73.5
Romania,0 years,Total,2008,-7.8
Romania,0 years,Total,2008,7.8
Romania,0 years,Total,2009,73.7
Romania,0 years,Total,2009,-7.9
Romania,0 years,Total,2009,7.9
Romania,0 years,Total,2010,73.7
Romania,0 years,Total,2010,-7.7
Romania,0 years,Total,2010,7.7
Romania,0 years,Total,2011,74.4
Romania,0 years,Total,2011,-7.4
Romania,0 years,Total,2011,7.4
Romania,0 years,Total,2012,74.4
Romania,0 years,Total,2012,-7.2
Romania,0 years,Total,2012,7.2
Romania,0 years,Total,2013,75.1
Romania,0 years,Total,2013,-7.1
Romania,0 years,Total,2013,7.1
Romania,0 years,Total,2014,74.9
Romania,0 years,Total,2014,-7.2
Romania,0 years,Total,2014,7.2
Romania,0 years,Total,2015,74.9
Romania,0 years,Total,2015,-7.2
Romania,0 years,Total,2015,7.2
Romania,0 years,Total,2016,75.2
Romania,0 years,Total,2016,-7.3
Romania,0 years,Total,2016,7.3
Romania,0 years,Total,2017,75.2
Romania,0 years,Total,2017,-7.3
Romania,0 years,Total,2017,7.3
Romania,0 years,Total,2018,75.3
Romania,0 years,Total,2018,-7.5
Romania,0 years,Total,2018,7.5
Romania,0 years,Total,2019,75.6
Romania,0 years,Total,2019,-7.5
Romania,0 years,Total,2019,7.5
Romania,0 years,Total,2020,74.1
Romania,0 years,Total,2020,-7.9
Romania,0 years,Total,2020,7.9
Romania,0 years,Total,2021,72.8
Romania,0 years,Total,2021,-7.4
Romania,0 years,Total,2021,7.4
Romania,0 years,Total,2022,75.1
Romania,0 years,Total,2022,-7.8
Romania,0 years,Total,2022,7.8
Romania,0 years,Total,2023,76.3
Romania,0 years,Total,2023,-7.6
Romania,0 years,Total,2023,7.6
Romania,0 years,Total,2024,76.5
Romania,0 years,Total,2024,-7.5
Romania,0 years,Total,2024,7.5
Russia,0 years,Total,2000,65.5
Russia,0 years,Total,2000,-13.2
Russia,0 years,Total,2000,13.2
Russia,0 years,Total,2001,65.4
Russia,0 years,Total,2001,-13.2
Russia,0 years,Total,2001,13.3
Russia,0 years,Total,2002,65.1
Russia,0 years,Total,2002,-13.2
Russia,0 years,Total,2002,13.2
Russia,0 years,Total,2003,65
Russia,0 years,Total,2003,-13.3
Russia,0 years,Total,2003,13.3
Russia,0 years,Total,2004,65.5
Russia,0 years,Total,2004,-13.4
Russia,0 years,Total,2004,13.5
Russia,0 years,Total,2005,65.5
Russia,0 years,Total,2005,-13.5
Russia,0 years,Total,2005,13.6
Russia,0 years,Total,2006,66.7
Russia,0 years,Total,2006,-12.9
Russia,0 years,Total,2006,12.9
Russia,0 years,Total,2007,67.6
Russia,0 years,Total,2007,-12.6
Russia,0 years,Total,2007,12.6
Russia,0 years,Total,2008,67.9
Russia,0 years,Total,2008,-12.4
Russia,0 years,Total,2008,12.4
Russia,0 years,Total,2009,68.7
Russia,0 years,Total,2009,-11.9
Russia,0 years,Total,2009,11.9
Russia,0 years,Total,2010,68.8
Russia,0 years,Total,2010,-11.8
Russia,0 years,Total,2010,11.8
Russia,0 years,Total,2011,69.7
Russia,0 years,Total,2011,-11.6
Russia,0 years,Total,2011,11.6
Russia,0 years,Total,2012,70.1
Russia,0 years,Total,2012,-11.3
Russia,0 years,Total,2012,11.3
Russia,0 years,Total,2013,70.6
Russia,0 years,Total,2013,-11.2
Russia,0 years,Total,2013,11.2
Russia,0 years,Total,2014,70.7
Russia,0 years,Total,2014,-11.2
Russia,0 years,Total,2014,11.2
Russia,0 years,Total,2015,71.2
Russia,0 years,Total,2015,-10.8
Russia,0 years,Total,2015,10.8
Russia,0 years,Total,2016,71.7
Russia,0 years,Total,2016,-10.6
Russia,0 years,Total,2016,10.6
Russia,0 years,Total,2017,72.5
Russia,0 years,Total,2017,-10.1
Russia,0 years,Total,2017,10.1
Russia,0 years,Total,2018,72.7
Russia,0 years,Total,2018,-10.1
Russia,0 years,Total,2018,10.1
Russia,0 years,Total,2019,73.1
Russia,0 years,Total,2019,-9.9
Russia,0 years,Total,2019,9.9
Russia,0 years,Total,2020,71.3
Russia,0 years,Total,2020,-9.9
Russia,0 years,Total,2020,9.9
Russia,0 years,Total,2021,69.9
Russia,0 years,Total,2021,-9
Russia,0 years,Total,2021,9
Russia,0 years,Total,2022,72.5
Russia,0 years,Total,2022,-10.2
Russia,0 years,Total,2022,10.2
Russia,0 years,Total,2023,73.3
Russia,0 years,Total,2023,-10.7
Russia,0 years,Total,2023,10.7
Slovak Republic,0 years,Total,2000,73.3
Slovak Republic,0 years,Total,2000,-8.3
Slovak Republic,0 years,Total,2000,8.3
Slovak Republic,0 years,Total,2001,73.6
Slovak Republic,0 years,Total,2001,-8.2
Slovak Republic,0 years,Total,2001,8.2
Slovak Republic,0 years,Total,2002,73.8
Slovak Republic,0 years,Total,2002,-7.9
Slovak Republic,0 years,Total,2002,7.9
Slovak Republic,0 years,Total,2003,73.8
Slovak Republic,0 years,Total,2003,-7.9
Slovak Republic,0 years,Total,2003,7.9
Slovak Republic,0 years,Total,2004,74.2
Slovak Republic,0 years,Total,2004,-7.7
Slovak Republic,0 years,Total,2004,7.7
Slovak Republic,0 years,Total,2005,74.1
Slovak Republic,0 years,Total,2005,-7.9
Slovak Republic,0 years,Total,2005,7.9
Slovak Republic,0 years,Total,2006,74.5
Slovak Republic,0 years,Total,2006,-8
Slovak Republic,0 years,Total,2006,8
Slovak Republic,0 years,Total,2007,74.6
Slovak Republic,0 years,Total,2007,-7.8
Slovak Republic,0 years,Total,2007,7.8
Slovak Republic,0 years,Total,2008,74.9
Slovak Republic,0 years,Total,2008,-8.1
Slovak Republic,0 years,Total,2008,8.1
Slovak Republic,0 years,Total,2009,75.3
Slovak Republic,0 years,Total,2009,-7.7
Slovak Republic,0 years,Total,2009,7.7
Slovak Republic,0 years,Total,2010,75.6
Slovak Republic,0 years,Total,2010,-7.5
Slovak Republic,0 years,Total,2010,7.5
Slovak Republic,0 years,Total,2011,76.1
Slovak Republic,0 years,Total,2011,-7.5
Slovak Republic,0 years,Total,2011,7.5
Slovak Republic,0 years,Total,2012,76.3
Slovak Republic,0 years,Total,2012,-7.4
Slovak Republic,0 years,Total,2012,7.4
Slovak Republic,0 years,Total,2013,76.6
Slovak Republic,0 years,Total,2013,-7.2
Slovak Republic,0 years,Total,2013,7.2
Slovak Republic,0 years,Total,2014,76.9
Slovak Republic,0 years,Total,2014,-7.1
Slovak Republic,0 years,Total,2014,7.1
Slovak Republic,0 years,Total,2015,76.7
Slovak Republic,0 years,Total,2015,-7
Slovak Republic,0 years,Total,2015,7
Slovak Republic,0 years,Total,2016,77.3
Slovak Republic,0 years,Total,2016,-6.8
Slovak Republic,0 years,Total,2016,6.8
Slovak Republic,0 years,Total,2017,77.3
Slovak Republic,0 years,Total,2017,-6.8
Slovak Republic,0 years,Total,2017,6.8
Slovak Republic,0 years,Total,2018,77.3
Slovak Republic,0 years,Total,2018,-6.8
Slovak Republic,0 years,Total,2018,6.8
Slovak Republic,0 years,Total,2019,77.7
Slovak Republic,0 years,Total,2019,-6.8
Slovak Republic,0 years,Total,2019,6.8
Slovak Republic,0 years,Total,2020,77
Slovak Republic,0 years,Total,2020,-6.8
Slovak Republic,0 years,Total,2020,6.8
Slovak Republic,0 years,Total,2021,74.6
Slovak Republic,0 years,Total,2021,-7
Slovak Republic,0 years,Total,2021,7
Slovak Republic,0 years,Total,2022,77
Slovak Republic,0 years,Total,2022,-6.8
Slovak Republic,0 years,Total,2022,6.8
Slovak Republic,0 years,Total,2023,78.1
Slovak Republic,0 years,Total,2023,-6.5
Slovak Republic,0 years,Total,2023,6.5
Slovak Republic,0 years,Total,2024,78.4
Slovak Republic,0 years,Total,2024,-6.5
Slovak Republic,0 years,Total,2024,6.5
Slovenia,0 years,Total,2000,76.2
Slovenia,0 years,Total,2000,-7.7
Slovenia,0 years,Total,2000,7.7
Slovenia,0 years,Total,2001,76.4
Slovenia,0 years,Total,2001,-8.1
Slovenia,0 years,Total,2001,8.1
Slovenia,0 years,Total,2002,76.6
Slovenia,0 years,Total,2002,-7.9
Slovenia,0 years,Total,2002,7.9
Slovenia,0 years,Total,2003,76.4
Slovenia,0 years,Total,2003,-7.8
Slovenia,0 years,Total,2003,7.8
Slovenia,0 years,Total,2004,77.2
Slovenia,0 years,Total,2004,-7.3
Slovenia,0 years,Total,2004,7.3
Slovenia,0 years,Total,2005,77.5
Slovenia,0 years,Total,2005,-7
Slovenia,0 years,Total,2005,7
Slovenia,0 years,Total,2006,78.3
Slovenia,0 years,Total,2006,-7.5
Slovenia,0 years,Total,2006,7.5
Slovenia,0 years,Total,2007,78.4
Slovenia,0 years,Total,2007,-7.4
Slovenia,0 years,Total,2007,7.4
Slovenia,0 years,Total,2008,79.1
Slovenia,0 years,Total,2008,-7.1
Slovenia,0 years,Total,2008,7.1
Slovenia,0 years,Total,2009,79.4
Slovenia,0 years,Total,2009,-6.8
Slovenia,0 years,Total,2009,6.8
Slovenia,0 years,Total,2010,79.8
Slovenia,0 years,Total,2010,-6.7
Slovenia,0 years,Total,2010,6.7
Slovenia,0 years,Total,2011,80.1
Slovenia,0 years,Total,2011,-6.5
Slovenia,0 years,Total,2011,6.5
Slovenia,0 years,Total,2012,80.3
Slovenia,0 years,Total,2012,-6.2
Slovenia,0 years,Total,2012,6.2
Slovenia,0 years,Total,2013,80.5
Slovenia,0 years,Total,2013,-6.4
Slovenia,0 years,Total,2013,6.4
Slovenia,0 years,Total,2014,80.9
Slovenia,0 years,Total,2014,-5.7
Slovenia,0 years,Total,2014,5.7
Slovenia,0 years,Total,2015,80.6
Slovenia,0 years,Total,2015,-5.9
Slovenia,0 years,Total,2015,5.9
Slovenia,0 years,Total,2016,81
Slovenia,0 years,Total,2016,-5.9
Slovenia,0 years,Total,2016,5.9
Slovenia,0 years,Total,2017,80.9
Slovenia,0 years,Total,2017,-5.6
Slovenia,0 years,Total,2017,5.6
Slovenia,0 years,Total,2018,81.2
Slovenia,0 years,Total,2018,-5.7
Slovenia,0 years,Total,2018,5.7
Slovenia,0 years,Total,2019,81.4
Slovenia,0 years,Total,2019,-5.8
Slovenia,0 years,Total,2019,5.8
Slovenia,0 years,Total,2020,80.5
Slovenia,0 years,Total,2020,-5.6
Slovenia,0 years,Total,2020,5.6
Slovenia,0 years,Total,2021,80.6
Slovenia,0 years,Total,2021,-6.1
Slovenia,0 years,Total,2021,6.1
Slovenia,0 years,Total,2022,81.2
Slovenia,0 years,Total,2022,-5.6
Slovenia,0 years,Total,2022,5.6
Slovenia,0 years,Total,2023,81.8
Slovenia,0 years,Total,2023,-5.8
Slovenia,0 years,Total,2023,5.8
Slovenia,0 years,Total,2024,82.1
Slovenia,0 years,Total,2024,-5.2
Slovenia,0 years,Total,2024,5.2
South Africa,0 years,Total,2000,58.4
South Africa,0 years,Total,2000,-5.7
South Africa,0 years,Total,2000,5.7
South Africa,0 years,Total,2001,57.2
South Africa,0 years,Total,2001,-4.9
South Africa,0 years,Total,2001,4.9
South Africa,0 years,Total,2002,55.6
South Africa,0 years,Total,2002,-4.5
South Africa,0 years,Total,2002,4.5
South Africa,0 years,Total,2003,54.2
South Africa,0 years,Total,2003,-4.3
South Africa,0 years,Total,2003,4.3
South Africa,0 years,Total,2004,54
South Africa,0 years,Total,2004,-3.8
South Africa,0 years,Total,2004,3.8
South Africa,0 years,Total,2005,53.9
South Africa,0 years,Total,2005,-3.4
South Africa,0 years,Total,2005,3.4
South Africa,0 years,Total,2006,54.2
South Africa,0 years,Total,2006,-3.7
South Africa,0 years,Total,2006,3.7
South Africa,0 years,Total,2007,54.9
South Africa,0 years,Total,2007,-4.2
South Africa,0 years,Total,2007,4.2
South Africa,0 years,Total,2008,56
South Africa,0 years,Total,2008,-4.6
South Africa,0 years,Total,2008,4.6
South Africa,0 years,Total,2009,57.4
South Africa,0 years,Total,2009,-4.9
South Africa,0 years,Total,2009,4.9
South Africa,0 years,Total,2010,58.9
South Africa,0 years,Total,2010,-5
South Africa,0 years,Total,2010,5
South Africa,0 years,Total,2011,60.6
South Africa,0 years,Total,2011,-5.4
South Africa,0 years,Total,2011,5.4
South Africa,0 years,Total,2012,61.7
South Africa,0 years,Total,2012,-5.7
South Africa,0 years,Total,2012,5.7
South Africa,0 years,Total,2013,62.4
South Africa,0 years,Total,2013,-6
South Africa,0 years,Total,2013,6
South Africa,0 years,Total,2014,63.2
South Africa,0 years,Total,2014,-6.3
South Africa,0 years,Total,2014,6.3
South Africa,0 years,Total,2015,64.1
South Africa,0 years,Total,2015,-6.2
South Africa,0 years,Total,2015,6.2
South Africa,0 years,Total,2016,64.7
South Africa,0 years,Total,2016,-6.6
South Africa,0 years,Total,2016,6.6
South Africa,0 years,Total,2017,65.4
South Africa,0 years,Total,2017,-6.6
South Africa,0 years,Total,2017,6.6
South Africa,0 years,Total,2018,65.7
South Africa,0 years,Total,2018,-6.6
South Africa,0 years,Total,2018,6.6
South Africa,0 years,Total,2019,66.1
South Africa,0 years,Total,2019,-6.5
South Africa,0 years,Total,2019,6.5
South Africa,0 years,Total,2020,65.2
South Africa,0 years,Total,2020,-5.8
South Africa,0 years,Total,2020,5.8
South Africa,0 years,Total,2021,62
South Africa,0 years,Total,2021,-5.6
South Africa,0 years,Total,2021,5.6
South Africa,0 years,Total,2022,65.5
South Africa,0 years,Total,2022,-7.2
South Africa,0 years,Total,2022,7.2
South Africa,0 years,Total,2023,66.1
South Africa,0 years,Total,2023,-7
South Africa,0 years,Total,2023,7
South Africa,0 years,Total,2024,66.3
South Africa,0 years,Total,2024,-7
South Africa,0 years,Total,2024,7
Spain,0 years,Total,2000,79.3
Spain,0 years,Total,2000,-7
Spain,0 years,Total,2000,7
Spain,0 years,Total,2001,79.8
Spain,0 years,Total,2001,-6.9
Spain,0 years,Total,2001,6.9
Spain,0 years,Total,2002,79.8
Spain,0 years,Total,2002,-6.9
Spain,0 years,Total,2002,6.9
Spain,0 years,Total,2003,79.7
Spain,0 years,Total,2003,-6.6
Spain,0 years,Total,2003,6.6
Spain,0 years,Total,2004,80.4
Spain,0 years,Total,2004,-6.7
Spain,0 years,Total,2004,6.7
Spain,0 years,Total,2005,80.3
Spain,0 years,Total,2005,-6.6
Spain,0 years,Total,2005,6.6
Spain,0 years,Total,2006,81.1
Spain,0 years,Total,2006,-6.6
Spain,0 years,Total,2006,6.6
Spain,0 years,Total,2007,81.1
Spain,0 years,Total,2007,-6.5
Spain,0 years,Total,2007,6.5
Spain,0 years,Total,2008,81.5
Spain,0 years,Total,2008,-6.3
Spain,0 years,Total,2008,6.3
Spain,0 years,Total,2009,81.9
Spain,0 years,Total,2009,-6.2
Spain,0 years,Total,2009,6.2
Spain,0 years,Total,2010,82.4
Spain,0 years,Total,2010,-6.3
Spain,0 years,Total,2010,6.3
Spain,0 years,Total,2011,82.6
Spain,0 years,Total,2011,-6.1
Spain,0 years,Total,2011,6.1
Spain,0 years,Total,2012,82.5
Spain,0 years,Total,2012,-6
Spain,0 years,Total,2012,6
Spain,0 years,Total,2013,83.2
Spain,0 years,Total,2013,-5.9
Spain,0 years,Total,2013,5.9
Spain,0 years,Total,2014,82.9
Spain,0 years,Total,2014,-5.5
Spain,0 years,Total,2014,5.5
Spain,0 years,Total,2015,82.7
Spain,0 years,Total,2015,-5.5
Spain,0 years,Total,2015,5.5
Spain,0 years,Total,2016,83.1
Spain,0 years,Total,2016,-5.6
Spain,0 years,Total,2016,5.6
Spain,0 years,Total,2017,83
Spain,0 years,Total,2017,-5.4
Spain,0 years,Total,2017,5.4
Spain,0 years,Total,2018,83.1
Spain,0 years,Total,2018,-5.4
Spain,0 years,Total,2018,5.4
Spain,0 years,Total,2019,83.5
Spain,0 years,Total,2019,-5.4
Spain,0 years,Total,2019,5.4
Spain,0 years,Total,2020,82.3
Spain,0 years,Total,2020,-5.5
Spain,0 years,Total,2020,5.5
Spain,0 years,Total,2021,83
Spain,0 years,Total,2021,-5.6
Spain,0 years,Total,2021,5.6
Spain,0 years,Total,2022,83.1
Spain,0 years,Total,2022,-5.4
Spain,0 years,Total,2022,5.4
Spain,0 years,Total,2023,83.8
Spain,0 years,Total,2023,-5.2
Spain,0 years,Total,2023,5.2
Spain,0 years,Total,2024,84
Spain,0 years,Total,2024,-5.1
Spain,0 years,Total,2024,5.1
Sweden,0 years,Total,2000,79.8
Sweden,0 years,Total,2000,-4.6
Sweden,0 years,Total,2000,4.6
Sweden,0 years,Total,2001,79.9
Sweden,0 years,Total,2001,-4.6
Sweden,0 years,Total,2001,4.6
Sweden,0 years,Total,2002,80
Sweden,0 years,Total,2002,-4.4
Sweden,0 years,Total,2002,4.4
Sweden,0 years,Total,2003,80.3
Sweden,0 years,Total,2003,-4.5
Sweden,0 years,Total,2003,4.5
Sweden,0 years,Total,2004,80.7
Sweden,0 years,Total,2004,-4.4
Sweden,0 years,Total,2004,4.4
Sweden,0 years,Total,2005,80.7
Sweden,0 years,Total,2005,-4.4
Sweden,0 years,Total,2005,4.4
Sweden,0 years,Total,2006,81
Sweden,0 years,Total,2006,-4.3
Sweden,0 years,Total,2006,4.3
Sweden,0 years,Total,2007,81.1
Sweden,0 years,Total,2007,-4.1
Sweden,0 years,Total,2007,4.1
Sweden,0 years,Total,2008,81.3
Sweden,0 years,Total,2008,-4.1
Sweden,0 years,Total,2008,4.1
Sweden,0 years,Total,2009,81.5
Sweden,0 years,Total,2009,-4.1
Sweden,0 years,Total,2009,4.1
Sweden,0 years,Total,2010,81.6
Sweden,0 years,Total,2010,-4
Sweden,0 years,Total,2010,4
Sweden,0 years,Total,2011,81.9
Sweden,0 years,Total,2011,-3.9
Sweden,0 years,Total,2011,3.9
Sweden,0 years,Total,2012,81.8
Sweden,0 years,Total,2012,-3.7
Sweden,0 years,Total,2012,3.7
Sweden,0 years,Total,2013,82
Sweden,0 years,Total,2013,-3.6
Sweden,0 years,Total,2013,3.6
Sweden,0 years,Total,2014,82.2
Sweden,0 years,Total,2014,-3.8
Sweden,0 years,Total,2014,3.8
Sweden,0 years,Total,2015,82.2
Sweden,0 years,Total,2015,-3.7
Sweden,0 years,Total,2015,3.7
Sweden,0 years,Total,2016,82.3
Sweden,0 years,Total,2016,-3.5
Sweden,0 years,Total,2016,3.5
Sweden,0 years,Total,2017,82.4
Sweden,0 years,Total,2017,-3.4
Sweden,0 years,Total,2017,3.4
Sweden,0 years,Total,2018,82.5
Sweden,0 years,Total,2018,-3.5
Sweden,0 years,Total,2018,3.5
Sweden,0 years,Total,2019,83.1
Sweden,0 years,Total,2019,-3.4
Sweden,0 years,Total,2019,3.4
Sweden,0 years,Total,2020,82.4
Sweden,0 years,Total,2020,-3.7
Sweden,0 years,Total,2020,3.7
Sweden,0 years,Total,2021,83
Sweden,0 years,Total,2021,-3.6
Sweden,0 years,Total,2021,3.6
Sweden,0 years,Total,2022,83
Sweden,0 years,Total,2022,-3.4
Sweden,0 years,Total,2022,3.4
Sweden,0 years,Total,2023,83.2
Sweden,0 years,Total,2023,-3.3
Sweden,0 years,Total,2023,3.3
Sweden,0 years,Total,2024,83.8
Sweden,0 years,Total,2024,-3
Sweden,0 years,Total,2024,3
Switzerland,0 years,Total,2000,80
Switzerland,0 years,Total,2000,-5.8
Switzerland,0 years,Total,2000,5.8
Switzerland,0 years,Total,2001,80.5
Switzerland,0 years,Total,2001,-5.7
Switzerland,0 years,Total,2001,5.7
Switzerland,0 years,Total,2002,80.6
Switzerland,0 years,Total,2002,-5.3
Switzerland,0 years,Total,2002,5.3
Switzerland,0 years,Total,2003,80.7
Switzerland,0 years,Total,2003,-5.2
Switzerland,0 years,Total,2003,5.2
Switzerland,0 years,Total,2004,81.3
Switzerland,0 years,Total,2004,-5.2
Switzerland,0 years,Total,2004,5.2
Switzerland,0 years,Total,2005,81.5
Switzerland,0 years,Total,2005,-5.3
Switzerland,0 years,Total,2005,5.3
Switzerland,0 years,Total,2006,81.8
Switzerland,0 years,Total,2006,-5
Switzerland,0 years,Total,2006,5
Switzerland,0 years,Total,2007,82
Switzerland,0 years,Total,2007,-4.9
Switzerland,0 years,Total,2007,4.9
Switzerland,0 years,Total,2008,82.3
Switzerland,0 years,Total,2008,-4.8
Switzerland,0 years,Total,2008,4.8
Switzerland,0 years,Total,2009,82.3
Switzerland,0 years,Total,2009,-4.7
Switzerland,0 years,Total,2009,4.7
Switzerland,0 years,Total,2010,82.7
Switzerland,0 years,Total,2010,-4.6
Switzerland,0 years,Total,2010,4.6
Switzerland,0 years,Total,2011,82.8
Switzerland,0 years,Total,2011,-4.5
Switzerland,0 years,Total,2011,4.5
Switzerland,0 years,Total,2012,82.8
Switzerland,0 years,Total,2012,-4.3
Switzerland,0 years,Total,2012,4.3
Switzerland,0 years,Total,2013,82.9
Switzerland,0 years,Total,2013,-4.3
Switzerland,0 years,Total,2013,4.3
Switzerland,0 years,Total,2014,83.1
Switzerland,0 years,Total,2014,-4.2
Switzerland,0 years,Total,2014,4.2
Switzerland,0 years,Total,2015,82.9
Switzerland,0 years,Total,2015,-4.2
Switzerland,0 years,Total,2015,4.2
Switzerland,0 years,Total,2016,83.4
Switzerland,0 years,Total,2016,-3.7
Switzerland,0 years,Total,2016,3.7
Switzerland,0 years,Total,2017,83.4
Switzerland,0 years,Total,2017,-4
Switzerland,0 years,Total,2017,4
Switzerland,0 years,Total,2018,83.6
Switzerland,0 years,Total,2018,-3.8
Switzerland,0 years,Total,2018,3.8
Switzerland,0 years,Total,2019,83.8
Switzerland,0 years,Total,2019,-3.7
Switzerland,0 years,Total,2019,3.7
Switzerland,0 years,Total,2020,83.1
Switzerland,0 years,Total,2020,-4.1
Switzerland,0 years,Total,2020,4.1
Switzerland,0 years,Total,2021,83.6
Switzerland,0 years,Total,2021,-4
Switzerland,0 years,Total,2021,4
Switzerland,0 years,Total,2022,83.5
Switzerland,0 years,Total,2022,-3.8
Switzerland,0 years,Total,2022,3.8
Switzerland,0 years,Total,2023,84.1
Switzerland,0 years,Total,2023,-3.6
Switzerland,0 years,Total,2023,3.6
Switzerland,0 years,Total,2024,84.2
Switzerland,0 years,Total,2024,-3.5
Switzerland,0 years,Total,2024,3.5
Thailand,0 years,Total,2000,71.2
Thailand,0 years,Total,2000,-7.9
Thailand,0 years,Total,2000,7.9
Thailand,0 years,Total,2001,71.5
Thailand,0 years,Total,2001,-7.9
Thailand,0 years,Total,2001,7.9
Thailand,0 years,Total,2002,71.8
Thailand,0 years,Total,2002,-7.7
Thailand,0 years,Total,2002,7.7
Thailand,0 years,Total,2003,72.1
Thailand,0 years,Total,2003,-7.6
Thailand,0 years,Total,2003,7.6
Thailand,0 years,Total,2004,72.1
Thailand,0 years,Total,2004,-7.3
Thailand,0 years,Total,2004,7.3
Thailand,0 years,Total,2005,72.9
Thailand,0 years,Total,2005,-7.3
Thailand,0 years,Total,2005,7.3
Thailand,0 years,Total,2006,73.3
Thailand,0 years,Total,2006,-7.1
Thailand,0 years,Total,2006,7.1
Thailand,0 years,Total,2007,73.8
Thailand,0 years,Total,2007,-6.9
Thailand,0 years,Total,2007,6.9
Thailand,0 years,Total,2008,74.2
Thailand,0 years,Total,2008,-6.9
Thailand,0 years,Total,2008,6.9
Thailand,0 years,Total,2009,74.7
Thailand,0 years,Total,2009,-6.9
Thailand,0 years,Total,2009,6.9
Thailand,0 years,Total,2010,75
Thailand,0 years,Total,2010,-7.3
Thailand,0 years,Total,2010,7.3
Thailand,0 years,Total,2011,75.3
Thailand,0 years,Total,2011,-7.7
Thailand,0 years,Total,2011,7.7
Thailand,0 years,Total,2012,75.6
Thailand,0 years,Total,2012,-8
Thailand,0 years,Total,2012,8
Thailand,0 years,Total,2013,76
Thailand,0 years,Total,2013,-8.1
Thailand,0 years,Total,2013,8.1
Thailand,0 years,Total,2014,76.3
Thailand,0 years,Total,2014,-8.2
Thailand,0 years,Total,2014,8.2
Thailand,0 years,Total,2015,76.6
Thailand,0 years,Total,2015,-8.4
Thailand,0 years,Total,2015,8.4
Thailand,0 years,Total,2016,76.8
Thailand,0 years,Total,2016,-8.5
Thailand,0 years,Total,2016,8.5
Thailand,0 years,Total,2017,77
Thailand,0 years,Total,2017,-8.6
Thailand,0 years,Total,2017,8.6
Thailand,0 years,Total,2018,77.2
Thailand,0 years,Total,2018,-8.7
Thailand,0 years,Total,2018,8.7
Thailand,0 years,Total,2019,77.2
Thailand,0 years,Total,2019,-8.9
Thailand,0 years,Total,2019,8.9
Thailand,0 years,Total,2020,77.3
Thailand,0 years,Total,2020,-8.9
Thailand,0 years,Total,2020,8.9
Thailand,0 years,Total,2021,77.6
Thailand,0 years,Total,2021,-8.8
Thailand,0 years,Total,2021,8.8
Thailand,0 years,Total,2022,75.3
Thailand,0 years,Total,2022,-8.8
Thailand,0 years,Total,2022,8.8
Thailand,0 years,Total,2023,76.4
Thailand,0 years,Total,2023,-8.7
Thailand,0 years,Total,2023,8.7
Thailand,0 years,Total,2024,76.6
Thailand,0 years,Total,2024,-8.6
Thailand,0 years,Total,2024,8.6
Türkiye,0 years,Total,2000,71.1
Türkiye,0 years,Total,2000,-4.1
Türkiye,0 years,Total,2000,4.1
Türkiye,0 years,Total,2001,71.5
Türkiye,0 years,Total,2001,-4.1
Türkiye,0 years,Total,2001,4.1
Türkiye,0 years,Total,2002,71.9
Türkiye,0 years,Total,2002,-4.1
Türkiye,0 years,Total,2002,4.1
Türkiye,0 years,Total,2003,72.3
Türkiye,0 years,Total,2003,-4.2
Türkiye,0 years,Total,2003,4.2
Türkiye,0 years,Total,2004,72.7
Türkiye,0 years,Total,2004,-4.2
Türkiye,0 years,Total,2004,4.2
Türkiye,0 years,Total,2005,73.1
Türkiye,0 years,Total,2005,-4.2
Türkiye,0 years,Total,2005,4.2
Türkiye,0 years,Total,2006,73.4
Türkiye,0 years,Total,2006,-4.4
Türkiye,0 years,Total,2006,4.4
Türkiye,0 years,Total,2007,73.7
Türkiye,0 years,Total,2007,-4.5
Türkiye,0 years,Total,2007,4.5
Türkiye,0 years,Total,2008,73.9
Türkiye,0 years,Total,2008,-4.7
Türkiye,0 years,Total,2008,4.7
Türkiye,0 years,Total,2009,74.1
Türkiye,0 years,Total,2009,-4.8
Türkiye,0 years,Total,2009,4.8
Türkiye,0 years,Total,2010,74.3
Türkiye,0 years,Total,2010,-5
Türkiye,0 years,Total,2010,5
Türkiye,0 years,Total,2011,74.6
Türkiye,0 years,Total,2011,-5.1
Türkiye,0 years,Total,2011,5.1
Türkiye,0 years,Total,2012,74.6
Türkiye,0 years,Total,2012,-5.2
Türkiye,0 years,Total,2012,5.2
Türkiye,0 years,Total,2013,-5.4
Türkiye,0 years,Total,2013,5.4
Türkiye,0 years,Total,2013,78
Türkiye,0 years,Total,2014,78
Türkiye,0 years,Total,2014,-5.4
Türkiye,0 years,Total,2014,5.4
Türkiye,0 years,Total,2015,78
Türkiye,0 years,Total,2015,-5.4
Türkiye,0 years,Total,2015,5.4
Türkiye,0 years,Total,2016,78
Türkiye,0 years,Total,2016,-5.5
Türkiye,0 years,Total,2016,5.5
Türkiye,0 years,Total,2017,78.3
Türkiye,0 years,Total,2017,-5.4
Türkiye,0 years,Total,2017,5.4
Türkiye,0 years,Total,2018,78.6
Türkiye,0 years,Total,2018,-5.4
Türkiye,0 years,Total,2018,5.4
Türkiye,0 years,Total,2019,78.3
Türkiye,0 years,Total,2019,-5.5
Türkiye,0 years,Total,2019,5.5
Türkiye,0 years,Total,2020,77.7
Türkiye,0 years,Total,2020,-5.5
Türkiye,0 years,Total,2020,5.5
Türkiye,0 years,Total,2021,77.5
Türkiye,0 years,Total,2021,-5.5
Türkiye,0 years,Total,2021,5.5
Türkiye,0 years,Total,2022,77.3
Türkiye,0 years,Total,2022,-5.2
Türkiye,0 years,Total,2022,5.2
Türkiye,0 years,Total,2023,78.1
Türkiye,0 years,Total,2023,-5.2
Türkiye,0 years,Total,2023,5.2
Ukraine,0 years,Total,2000,67.8
Ukraine,0 years,Total,2000,-11.3
Ukraine,0 years,Total,2000,11.3
Ukraine,0 years,Total,2001,67.7
Ukraine,0 years,Total,2001,-11.5
Ukraine,0 years,Total,2001,11.5
Ukraine,0 years,Total,2002,67.7
Ukraine,0 years,Total,2002,-11.4
Ukraine,0 years,Total,2002,11.4
Ukraine,0 years,Total,2003,67.6
Ukraine,0 years,Total,2003,-11.5
Ukraine,0 years,Total,2003,11.5
Ukraine,0 years,Total,2004,67.5
Ukraine,0 years,Total,2004,-11.6
Ukraine,0 years,Total,2004,11.6
Ukraine,0 years,Total,2005,67.5
Ukraine,0 years,Total,2005,-11.7
Ukraine,0 years,Total,2005,11.7
Ukraine,0 years,Total,2006,67.5
Ukraine,0 years,Total,2006,-11.8
Ukraine,0 years,Total,2006,11.8
Ukraine,0 years,Total,2007,67.7
Ukraine,0 years,Total,2007,-11.7
Ukraine,0 years,Total,2007,11.7
Ukraine,0 years,Total,2008,68.3
Ukraine,0 years,Total,2008,-11.4
Ukraine,0 years,Total,2008,11.4
Ukraine,0 years,Total,2009,69.2
Ukraine,0 years,Total,2009,-10.8
Ukraine,0 years,Total,2009,10.8
Ukraine,0 years,Total,2010,70.2
Ukraine,0 years,Total,2010,-10.2
Ukraine,0 years,Total,2010,10.2
Ukraine,0 years,Total,2011,70.7
Ukraine,0 years,Total,2011,-10.1
Ukraine,0 years,Total,2011,10.1
Ukraine,0 years,Total,2012,71.1
Ukraine,0 years,Total,2012,-10.1
Ukraine,0 years,Total,2012,10.1
Ukraine,0 years,Total,2013,71.5
Ukraine,0 years,Total,2013,-10.1
Ukraine,0 years,Total,2013,10.1
Ukraine,0 years,Total,2014,71.8
Ukraine,0 years,Total,2014,-10.2
Ukraine,0 years,Total,2014,10.2
Ukraine,0 years,Total,2015,72.7
Ukraine,0 years,Total,2015,-9.8
Ukraine,0 years,Total,2015,9.8
Ukraine,0 years,Total,2016,73.4
Ukraine,0 years,Total,2016,-9.5
Ukraine,0 years,Total,2016,9.5
Ukraine,0 years,Total,2017,74
Ukraine,0 years,Total,2017,-9.4
Ukraine,0 years,Total,2017,9.5
Ukraine,0 years,Total,2018,73.6
Ukraine,0 years,Total,2018,-9.8
Ukraine,0 years,Total,2018,9.8
Ukraine,0 years,Total,2019,73.9
Ukraine,0 years,Total,2019,-9.9
Ukraine,0 years,Total,2019,9.9
Ukraine,0 years,Total,2020,73.3
Ukraine,0 years,Total,2020,-9.7
Ukraine,0 years,Total,2020,9.7
Ukraine,0 years,Total,2021,71.6
Ukraine,0 years,Total,2021,-8.9
Ukraine,0 years,Total,2021,8.9
Ukraine,0 years,Total,2022,72.7
Ukraine,0 years,Total,2022,-13.2
Ukraine,0 years,Total,2022,13.2
Ukraine,0 years,Total,2023,73.4
Ukraine,0 years,Total,2023,-13.3
Ukraine,0 years,Total,2023,13.3
Ukraine,0 years,Total,2024,74.7
Ukraine,0 years,Total,2024,-9.6
Ukraine,0 years,Total,2024,9.6
United Kingdom,0 years,Total,2000,-4.8
United Kingdom,0 years,Total,2000,4.8
United Kingdom,0 years,Total,2000,77.8
United Kingdom,0 years,Total,2001,-4.7
United Kingdom,0 years,Total,2001,4.7
United Kingdom,0 years,Total,2001,78
United Kingdom,0 years,Total,2002,-4.7
United Kingdom,0 years,Total,2002,4.7
United Kingdom,0 years,Total,2002,78.2
United Kingdom,0 years,Total,2003,-4.4
United Kingdom,0 years,Total,2003,4.4
United Kingdom,0 years,Total,2003,78.3
United Kingdom,0 years,Total,2004,-4.4
United Kingdom,0 years,Total,2004,4.5
United Kingdom,0 years,Total,2004,78.8
United Kingdom,0 years,Total,2005,-4.3
United Kingdom,0 years,Total,2005,4.3
United Kingdom,0 years,Total,2005,79
United Kingdom,0 years,Total,2006,-4.3
United Kingdom,0 years,Total,2006,4.3
United Kingdom,0 years,Total,2006,79.3
United Kingdom,0 years,Total,2007,-4.2
United Kingdom,0 years,Total,2007,4.3
United Kingdom,0 years,Total,2007,79.5
United Kingdom,0 years,Total,2008,-4.1
United Kingdom,0 years,Total,2008,4.1
United Kingdom,0 years,Total,2008,79.6
United Kingdom,0 years,Total,2009,-4.1
United Kingdom,0 years,Total,2009,4.2
United Kingdom,0 years,Total,2009,80.1
United Kingdom,0 years,Total,2010,-4
United Kingdom,0 years,Total,2010,4
United Kingdom,0 years,Total,2010,80.4
United Kingdom,0 years,Total,2011,-3.9
United Kingdom,0 years,Total,2011,3.9
United Kingdom,0 years,Total,2011,80.7
United Kingdom,0 years,Total,2012,-3.7
United Kingdom,0 years,Total,2012,3.7
United Kingdom,0 years,Total,2012,80.8
United Kingdom,0 years,Total,2013,-3.8
United Kingdom,0 years,Total,2013,3.8
United Kingdom,0 years,Total,2013,80.9
United Kingdom,0 years,Total,2014,-3.7
United Kingdom,0 years,Total,2014,3.8
United Kingdom,0 years,Total,2014,81.1
United Kingdom,0 years,Total,2015,-3.7
United Kingdom,0 years,Total,2015,3.7
United Kingdom,0 years,Total,2015,80.8
United Kingdom,0 years,Total,2016,-3.7
United Kingdom,0 years,Total,2016,3.7
United Kingdom,0 years,Total,2016,81
United Kingdom,0 years,Total,2017,-3.7
United Kingdom,0 years,Total,2017,3.7
United Kingdom,0 years,Total,2017,81.1
United Kingdom,0 years,Total,2018,-3.7
United Kingdom,0 years,Total,2018,3.7
United Kingdom,0 years,Total,2018,81
United Kingdom,0 years,Total,2019,-3.7
United Kingdom,0 years,Total,2019,3.7
United Kingdom,0 years,Total,2019,81.3
United Kingdom,0 years,Total,2020,-4.1
United Kingdom,0 years,Total,2020,4.1
United Kingdom,0 years,Total,2020,80.3
United Kingdom,0 years,Total,2021,-4.1
United Kingdom,0 years,Total,2021,4.1
United Kingdom,0 years,Total,2021,80.5
United Kingdom,0 years,Total,2022,-3.9
United Kingdom,0 years,Total,2022,3.9
United Kingdom,0 years,Total,2022,80.9
United Kingdom,0 years,Total,2023,-3.9
United Kingdom,0 years,Total,2023,4
United Kingdom,0 years,Total,2023,81
United Kingdom,0 years,Total,2024,-3.9
United Kingdom,0 years,Total,2024,3.9
United Kingdom,0 years,Total,2024,81.3
United States,0 years,Total,2000,76.8
United States,0 years,Total,2000,-5.2
United States,0 years,Total,2000,5.2
United States,0 years,Total,2001,77
United States,0 years,Total,2001,-5.2
United States,0 years,Total,2001,5.2
United States,0 years,Total,2002,77
United States,0 years,Total,2002,-5.2
United States,0 years,Total,2002,5.2
United States,0 years,Total,2003,77.2
United States,0 years,Total,2003,-5.2
United States,0 years,Total,2003,5.2
United States,0 years,Total,2004,77.6
United States,0 years,Total,2004,-5.1
United States,0 years,Total,2004,5.1
United States,0 years,Total,2005,77.6
United States,0 years,Total,2005,-5.1
United States,0 years,Total,2005,5.1
United States,0 years,Total,2006,77.8
United States,0 years,Total,2006,-5.1
United States,0 years,Total,2006,5.1
United States,0 years,Total,2007,78.1
United States,0 years,Total,2007,-5.1
United States,0 years,Total,2007,5.1
United States,0 years,Total,2008,78.2
United States,0 years,Total,2008,-5
United States,0 years,Total,2008,5
United States,0 years,Total,2009,78.5
United States,0 years,Total,2009,-4.9
United States,0 years,Total,2009,4.9
United States,0 years,Total,2010,78.7
United States,0 years,Total,2010,-4.8
United States,0 years,Total,2010,4.8
United States,0 years,Total,2011,78.7
United States,0 years,Total,2011,-4.8
United States,0 years,Total,2011,4.8
United States,0 years,Total,2012,78.8
United States,0 years,Total,2012,-4.8
United States,0 years,Total,2012,4.8
United States,0 years,Total,2013,78.8
United States,0 years,Total,2013,-4.8
United States,0 years,Total,2013,4.8
United States,0 years,Total,2014,78.9
United States,0 years,Total,2014,-4.8
United States,0 years,Total,2014,4.8
United States,0 years,Total,2015,78.7
United States,0 years,Total,2015,-4.8
United States,0 years,Total,2015,4.8
United States,0 years,Total,2016,78.7
United States,0 years,Total,2016,-4.9
United States,0 years,Total,2016,4.9
United States,0 years,Total,2017,78.6
United States,0 years,Total,2017,-5
United States,0 years,Total,2017,5
United States,0 years,Total,2018,78.7
United States,0 years,Total,2018,-5
United States,0 years,Total,2018,5
United States,0 years,Total,2019,78.8
United States,0 years,Total,2019,-5.1
United States,0 years,Total,2019,5.1
United States,0 years,Total,2020,77
United States,0 years,Total,2020,-5.7
United States,0 years,Total,2020,5.7
United States,0 years,Total,2021,76.4
United States,0 years,Total,2021,-5.8
United States,0 years,Total,2021,5.8
United States,0 years,Total,2022,77.5
United States,0 years,Total,2022,-5.4
United States,0 years,Total,2022,5.4
United States,0 years,Total,2023,78.4
United States,0 years,Total,2023,-5.3
United States,0 years,Total,2023,5.3
United States,0 years,Total,2024,79
United States,0 years,Total,2024,-4.9
United States,0 years,Total,2024,4.9
