STRUCTURE,STRUCTURE_ID,STRUCTURE_NAME,ACTION,REF_AREA,Reference area,FREQ,Frequency of observation,MEASURE,Measure,UNIT_MEASURE,Unit of measure,FINANCING_SCHEME,Financing scheme,FINANCING_SCHEME_REV,Revenues of financing schemes,FUNCTION,Health function,MODE_PROVISION,Mode of provision,PROVIDER,Healthcare provider,FACTOR_PROVISION,Factor of provision,ASSET_TYPE,Asset type,PRICE_BASE,Price base,TIME_PERIOD,Time period,OBS_VALUE,Observation value,BASE_PER,Base period,CURRENCY,Currency,OBS_STATUS,Observation status,OBS_STATUS2,Observation status 2,OBS_STATUS3,Observation status 3,UNIT_MULT,Unit multiplier,DECIMALS,Decimals
DATAFLOW,OECD.ELS.HD:DSD_SHA@DF_SHA(1.1),Health expenditure and financing,I,BGR,Bulgaria,A,Annual,EXP_HEALTH,Expenditure,USD_PPP_PS,"US dollars per person, PPP converted",_T,Total,_Z,Not application,_T,Total,_T,Total,_T,Total,_Z,Not applicable,_Z,Not applicable,V,Current prices,2020,,2238.397,,,,,,,,,,,,0,Units,1,One
DATAFLOW,OECD.ELS.HD:DSD_SHA@DF_SHA(1.1),Health expenditure and financing,I,AUS,Australia,A,Annual,EXP_HEALTH,Expenditure,USD_PPP_PS,"US dollars per person, PPP converted",_T,Total,_Z,Not application,_T,Total,_T,Total,_T,Total,_Z,Not applicable,_Z,Not applicable,V,Current prices,2003,,2580.774,,,,,,D,Definition differs,,,,,0,Units,1,One
DATAFLOW,OECD.ELS.HD:DSD_SHA@DF_SHA(1.1),Health expenditure and financing,I,MNE,Montenegro,A,Annual,EXP_HEALTH,Expenditure,USD_PPP_PS,"US dollars per person, PPP converted",_T,Total,_Z,Not application,_T,Total,_T,Total,_T,Total,_Z,Not applicable,_Z,Not applicable,V,Current prices,2016,,1527.709,,,,,,,,,,,,0,Units,1,One
DATAFLOW,OECD.ELS.HD:DSD_SHA@DF_SHA(1.1),Health expenditure and financing,I,MNE,Montenegro,A,Annual,EXP_HEALTH,Expenditure,USD_PPP_PS,"US dollars per person, PPP converted",_T,Total,_Z,Not application,_T,Total,_T,Total,_T,Total,_Z,Not applicable,_Z,Not applicable,V,Current prices,2015,,1416.438,,,,,,,,,,,,0,Units,1,One
DATAFLOW,OECD.ELS.HD:DSD_SHA@DF_SHA(1.1),Health expenditure and financing,I,AUS,Australia,A,Annual,EXP_HEALTH,Expenditure,USD_PPP_PS,"US dollars per person, PPP converted",_T,Total,_Z,Not application,_T,Total,_T,Total,_T,Total,_Z,Not applicable,_Z,Not applicable,V,Current prices,2021,,6592.259,,,,,,,,,,,,0,Units,1,One
DATAFLOW,OECD.ELS.HD:DSD_SHA@DF_SHA(1.1),Health expenditure and financing,I,AUS,Australia,A,Annual,EXP_HEALTH,Expenditure,USD_PPP_PS,"US dollars per person, PPP converted",_T,Total,_Z,Not application,_T,Total,_T,Total,_T,Total,_Z,Not applicable,_Z,Not applicable,V,Current prices,2020,,5855.181,,,,,,,,,,,,0,Units,1,One
DATAFLOW,OECD.ELS.HD:DSD_SHA@DF_SHA(1.1),Health expenditure and financing,I,AUS,Australia,A,Annual,EXP_HEALTH,Expenditure,USD_PPP_PS,"US dollars per person, PPP converted",_T,Total,_Z,Not application,_T,Total,_T,Total,_T,Total,_Z,Not applicable,_Z,Not applicable,V,Current prices,2019,,5280.909,,,,,,,,,,,,0,Units,1,One
DATAFLOW,OECD.ELS.HD:DSD_SHA@DF_SHA(1.1),Health expenditure and financing,I,AUS,Australia,A,Annual,EXP_HEALTH,Expenditure,USD_PPP_PS,"US dollars per person, PPP converted",_T,Total,_Z,Not application,_T,Total,_T,Total,_T,Total,_Z,Not applicable,_Z,Not applicable,V,Current prices,2018,,5226.117,,,,,,,,,,,,0,Units,1,One
DATAFLOW,OECD.ELS.HD:DSD_SHA@DF_SHA(1.1),Health expenditure and financing,I,AUS,Australia,A,Annual,EXP_HEALTH,Expenditure,USD_PPP_PS,"US dollars per person, PPP converted",_T,Total,_Z,Not application,_T,Total,_T,Total,_T,Total,_Z,Not applicable,_Z,Not applicable,V,Current prices,2017,,5077.451,,,,,,,,,,,,0,Units,1,One
DATAFLOW,OECD.ELS.HD:DSD_SHA@DF_SHA(1.1),Health expenditure and financing,I,SRB,Serbia,A,Annual,EXP_HEALTH,Expenditure,USD_PPP_PS,"US dollars per person, PPP converted",_T,Total,_Z,Not application,_T,Total,_T,Total,_T,Total,_Z,Not applicable,_Z,Not applicable,V,Current prices,2018,,1432.255,,,,,,,,,,,,0,Units,1,One
DATAFLOW,OECD.ELS.HD:DSD_SHA@DF_SHA(1.1),Health expenditure and financing,I,HRV,Croatia,A,Annual,EXP_HEALTH,Expenditure,USD_PPP_PS,"US dollars per person, PPP converted",_T,Total,_Z,Not application,_T,Total,_T,Total,_T,Total,_Z,Not applicable,_Z,Not applicable,V,Current prices,2005,,985.886,,,,,,E,Estimated value,,,,,0,Units,1,One
DATAFLOW,OECD.ELS.HD:DSD_SHA@DF_SHA(1.1),Health expenditure and financing,I,SRB,Serbia,A,Annual,EXP_HEALTH,Expenditure,USD_PPP_PS,"US dollars per person, PPP converted",_T,Total,_Z,Not application,_T,Total,_T,Total,_T,Total,_Z,Not applicable,_Z,Not applicable,V,Current prices,2016,,1268.127,,,,,,,,,,,,0,Units,1,One
DATAFLOW,OECD.ELS.HD:DSD_SHA@DF_SHA(1.1),Health expenditure and financing,I,AUS,Australia,A,Annual,EXP_HEALTH,Expenditure,USD_PPP_PS,"US dollars per person, PPP converted",_T,Total,_Z,Not application,_T,Total,_T,Total,_T,Total,_Z,Not applicable,_Z,Not applicable,V,Current prices,2010,,3592.914,,,,,,D,Definition differs,,,,,0,Units,1,One
DATAFLOW,OECD.ELS.HD:DSD_SHA@DF_SHA(1.1),Health expenditure and financing,I,AUS,Australia,A,Annual,EXP_HEALTH,Expenditure,USD_PPP_PS,"US dollars per person, PPP converted",_T,Total,_Z,Not application,_T,Total,_T,Total,_T,Total,_Z,Not applicable,_Z,Not applicable,V,Current prices,2009,,3414.974,,,,,,D,Definition differs,,,,,0,Units,1,One
DATAFLOW,OECD.ELS.HD:DSD_SHA@DF_SHA(1.1),Health expenditure and financing,I,AUT,Austria,A,Annual,EXP_HEALTH,Expenditure,USD_PPP_PS,"US dollars per person, PPP converted",_T,Total,_Z,Not application,_T,Total,_T,Total,_T,Total,_Z,Not applicable,_Z,Not applicable,V,Current prices,2025,,9082.163,,,,,,P,Provisional value,,,,,0,Units,1,One
DATAFLOW,OECD.ELS.HD:DSD_SHA@DF_SHA(1.1),Health expenditure and financing,I,AUT,Austria,A,Annual,EXP_HEALTH,Expenditure,USD_PPP_PS,"US dollars per person, PPP converted",_T,Total,_Z,Not application,_T,Total,_T,Total,_T,Total,_Z,Not applicable,_Z,Not applicable,V,Current prices,2024,,8850.713,,,,,,,,,,,,0,Units,1,One
DATAFLOW,OECD.ELS.HD:DSD_SHA@DF_SHA(1.1),Health expenditure and financing,I,AUT,Austria,A,Annual,EXP_HEALTH,Expenditure,USD_PPP_PS,"US dollars per person, PPP converted",_T,Total,_Z,Not application,_T,Total,_T,Total,_T,Total,_Z,Not applicable,_Z,Not applicable,V,Current prices,2023,,8278.468,,,,,,,,,,,,0,Units,1,One
DATAFLOW,OECD.ELS.HD:DSD_SHA@DF_SHA(1.1),Health expenditure and financing,I,AUT,Austria,A,Annual,EXP_HEALTH,Expenditure,USD_PPP_PS,"US dollars per person, PPP converted",_T,Total,_Z,Not application,_T,Total,_T,Total,_T,Total,_Z,Not applicable,_Z,Not applicable,V,Current prices,2022,,7919.945,,,,,,,,,,,,0,Units,1,One
DATAFLOW,OECD.ELS.HD:DSD_SHA@DF_SHA(1.1),Health expenditure and financing,I,AUT,Austria,A,Annual,EXP_HEALTH,Expenditure,USD_PPP_PS,"US dollars per person, PPP converted",_T,Total,_Z,Not application,_T,Total,_T,Total,_T,Total,_Z,Not applicable,_Z,Not applicable,V,Current prices,2021,,7464.846,,,,,,,,,,,,0,Units,1,One
DATAFLOW,OECD.ELS.HD:DSD_SHA@DF_SHA(1.1),Health expenditure and financing,I,AUT,Austria,A,Annual,EXP_HEALTH,Expenditure,USD_PPP_PS,"US dollars per person, PPP converted",_T,Total,_Z,Not application,_T,Total,_T,Total,_T,Total,_Z,Not applicable,_Z,Not applicable,V,Current prices,2020,,6295.183,,,,,,,,,,,,0,Units,1,One
DATAFLOW,OECD.ELS.HD:DSD_SHA@DF_SHA(1.1),Health expenditure and financing,I,AUT,Austria,A,Annual,EXP_HEALTH,Expenditure,USD_PPP_PS,"US dollars per person, PPP converted",_T,Total,_Z,Not application,_T,Total,_T,Total,_T,Total,_Z,Not applicable,_Z,Not applicable,V,Current prices,2019,,6016.146,,,,,,,,,,,,0,Units,1,One
DATAFLOW,OECD.ELS.HD:DSD_SHA@DF_SHA(1.1),Health expenditure and financing,I,AUT,Austria,A,Annual,EXP_HEALTH,Expenditure,USD_PPP_PS,"US dollars per person, PPP converted",_T,Total,_Z,Not application,_T,Total,_T,Total,_T,Total,_Z,Not applicable,_Z,Not applicable,V,Current prices,2018,,5577.829,,,,,,,,,,,,0,Units,1,One
DATAFLOW,OECD.ELS.HD:DSD_SHA@DF_SHA(1.1),Health expenditure and financing,I,AUT,Austria,A,Annual,EXP_HEALTH,Expenditure,USD_PPP_PS,"US dollars per person, PPP converted",_T,Total,_Z,Not application,_T,Total,_T,Total,_T,Total,_Z,Not applicable,_Z,Not applicable,V,Current prices,2017,,5380.95,,,,,,,,,,,,0,Units,1,One
DATAFLOW,OECD.ELS.HD:DSD_SHA@DF_SHA(1.1),Health expenditure and financing,I,AUT,Austria,A,Annual,EXP_HEALTH,Expenditure,USD_PPP_PS,"US dollars per person, PPP converted",_T,Total,_Z,Not application,_T,Total,_T,Total,_T,Total,_Z,Not applicable,_Z,Not applicable,V,Current prices,2016,,5249.61,,,,,,,,,,,,0,Units,1,One
DATAFLOW,OECD.ELS.HD:DSD_SHA@DF_SHA(1.1),Health expenditure and financing,I,AUT,Austria,A,Annual,EXP_HEALTH,Expenditure,USD_PPP_PS,"US dollars per person, PPP converted",_T,Total,_Z,Not application,_T,Total,_T,Total,_T,Total,_Z,Not applicable,_Z,Not applicable,V,Current prices,2015,,4982.876,,,,,,,,,,,,0,Units,1,One
DATAFLOW,OECD.ELS.HD:DSD_SHA@DF_SHA(1.1),Health expenditure and financing,I,AUT,Austria,A,Annual,EXP_HEALTH,Expenditure,USD_PPP_PS,"US dollars per person, PPP converted",_T,Total,_Z,Not application,_T,Total,_T,Total,_T,Total,_Z,Not applicable,_Z,Not applicable,V,Current prices,2014,,4880.737,,,,,,,,,,,,0,Units,1,One
DATAFLOW,OECD.ELS.HD:DSD_SHA@DF_SHA(1.1),Health expenditure and financing,I,AUT,Austria,A,Annual,EXP_HEALTH,Expenditure,USD_PPP_PS,"US dollars per person, PPP converted",_T,Total,_Z,Not application,_T,Total,_T,Total,_T,Total,_Z,Not applicable,_Z,Not applicable,V,Current prices,2013,,4782.223,,,,,,,,,,,,0,Units,1,One
DATAFLOW,OECD.ELS.HD:DSD_SHA@DF_SHA(1.1),Health expenditure and financing,I,ROU,Romania,A,Annual,EXP_HEALTH,Expenditure,USD_PPP_PS,"US dollars per person, PPP converted",_T,Total,_Z,Not application,_T,Total,_T,Total,_T,Total,_Z,Not applicable,_Z,Not applicable,V,Current prices,2004,,482.365,,,,,,,,,,,,0,Units,1,One
DATAFLOW,OECD.ELS.HD:DSD_SHA@DF_SHA(1.1),Health expenditure and financing,I,GEO,Georgia,A,Annual,EXP_HEALTH,Expenditure,USD_PPP_PS,"US dollars per person, PPP converted",_T,Total,_Z,Not application,_T,Total,_T,Total,_T,Total,_Z,Not applicable,_Z,Not applicable,V,Current prices,2018,,1161.983,,,,,,,,,,,,0,Units,1,One
DATAFLOW,OECD.ELS.HD:DSD_SHA@DF_SHA(1.1),Health expenditure and financing,I,SRB,Serbia,A,Annual,EXP_HEALTH,Expenditure,USD_PPP_PS,"US dollars per person, PPP converted",_T,Total,_Z,Not application,_T,Total,_T,Total,_T,Total,_Z,Not applicable,_Z,Not applicable,V,Current prices,2020,,1628.662,,,,,,,,,,,,0,Units,1,One
DATAFLOW,OECD.ELS.HD:DSD_SHA@DF_SHA(1.1),Health expenditure and financing,I,AUS,Australia,A,Annual,EXP_HEALTH,Expenditure,USD_PPP_PS,"US dollars per person, PPP converted",_T,Total,_Z,Not application,_T,Total,_T,Total,_T,Total,_Z,Not applicable,_Z,Not applicable,V,Current prices,2002,,2481.046,,,,,,D,Definition differs,,,,,0,Units,1,One
DATAFLOW,OECD.ELS.HD:DSD_SHA@DF_SHA(1.1),Health expenditure and financing,I,BEL,Belgium,A,Annual,EXP_HEALTH,Expenditure,USD_PPP_PS,"US dollars per person, PPP converted",_T,Total,_Z,Not application,_T,Total,_T,Total,_T,Total,_Z,Not applicable,_Z,Not applicable,V,Current prices,2018,,5404.639,,,,,,,,,,,,0,Units,1,One
DATAFLOW,OECD.ELS.HD:DSD_SHA@DF_SHA(1.1),Health expenditure and financing,I,BEL,Belgium,A,Annual,EXP_HEALTH,Expenditure,USD_PPP_PS,"US dollars per person, PPP converted",_T,Total,_Z,Not application,_T,Total,_T,Total,_T,Total,_Z,Not applicable,_Z,Not applicable,V,Current prices,2019,,5806.198,,,,,,,,,,,,0,Units,1,One
DATAFLOW,OECD.ELS.HD:DSD_SHA@DF_SHA(1.1),Health expenditure and financing,I,BEL,Belgium,A,Annual,EXP_HEALTH,Expenditure,USD_PPP_PS,"US dollars per person, PPP converted",_T,Total,_Z,Not application,_T,Total,_T,Total,_T,Total,_Z,Not applicable,_Z,Not applicable,V,Current prices,2025,,8297.455,,,,,,E,Estimated value,,,,,0,Units,1,One
DATAFLOW,OECD.ELS.HD:DSD_SHA@DF_SHA(1.1),Health expenditure and financing,I,BEL,Belgium,A,Annual,EXP_HEALTH,Expenditure,USD_PPP_PS,"US dollars per person, PPP converted",_T,Total,_Z,Not application,_T,Total,_T,Total,_T,Total,_Z,Not applicable,_Z,Not applicable,V,Current prices,2023,,7690.773,,,,,,,,,,,,0,Units,1,One
DATAFLOW,OECD.ELS.HD:DSD_SHA@DF_SHA(1.1),Health expenditure and financing,I,BEL,Belgium,A,Annual,EXP_HEALTH,Expenditure,USD_PPP_PS,"US dollars per person, PPP converted",_T,Total,_Z,Not application,_T,Total,_T,Total,_T,Total,_Z,Not applicable,_Z,Not applicable,V,Current prices,2024,,8096.014,,,,,,,,,,,,0,Units,1,One
DATAFLOW,OECD.ELS.HD:DSD_SHA@DF_SHA(1.1),Health expenditure and financing,I,BEL,Belgium,A,Annual,EXP_HEALTH,Expenditure,USD_PPP_PS,"US dollars per person, PPP converted",_T,Total,_Z,Not application,_T,Total,_T,Total,_T,Total,_Z,Not applicable,_Z,Not applicable,V,Current prices,2022,,7077.542,,,,,,,,,,,,0,Units,1,One
DATAFLOW,OECD.ELS.HD:DSD_SHA@DF_SHA(1.1),Health expenditure and financing,I,BEL,Belgium,A,Annual,EXP_HEALTH,Expenditure,USD_PPP_PS,"US dollars per person, PPP converted",_T,Total,_Z,Not application,_T,Total,_T,Total,_T,Total,_Z,Not applicable,_Z,Not applicable,V,Current prices,2004,,3085.316,,,,,,,,,,,,0,Units,1,One
DATAFLOW,OECD.ELS.HD:DSD_SHA@DF_SHA(1.1),Health expenditure and financing,I,BEL,Belgium,A,Annual,EXP_HEALTH,Expenditure,USD_PPP_PS,"US dollars per person, PPP converted",_T,Total,_Z,Not application,_T,Total,_T,Total,_T,Total,_Z,Not applicable,_Z,Not applicable,V,Current prices,2017,,5185.522,,,,,,,,,,,,0,Units,1,One
DATAFLOW,OECD.ELS.HD:DSD_SHA@DF_SHA(1.1),Health expenditure and financing,I,BEL,Belgium,A,Annual,EXP_HEALTH,Expenditure,USD_PPP_PS,"US dollars per person, PPP converted",_T,Total,_Z,Not application,_T,Total,_T,Total,_T,Total,_Z,Not applicable,_Z,Not applicable,V,Current prices,2014,,4619.893,,,,,,,,,,,,0,Units,1,One
DATAFLOW,OECD.ELS.HD:DSD_SHA@DF_SHA(1.1),Health expenditure and financing,I,BEL,Belgium,A,Annual,EXP_HEALTH,Expenditure,USD_PPP_PS,"US dollars per person, PPP converted",_T,Total,_Z,Not application,_T,Total,_T,Total,_T,Total,_Z,Not applicable,_Z,Not applicable,V,Current prices,2008,,3545.156,,,,,,,,,,,,0,Units,1,One
DATAFLOW,OECD.ELS.HD:DSD_SHA@DF_SHA(1.1),Health expenditure and financing,I,BEL,Belgium,A,Annual,EXP_HEALTH,Expenditure,USD_PPP_PS,"US dollars per person, PPP converted",_T,Total,_Z,Not application,_T,Total,_T,Total,_T,Total,_Z,Not applicable,_Z,Not applicable,V,Current prices,2006,,3193.348,,,,,,,,,,,,0,Units,1,One
DATAFLOW,OECD.ELS.HD:DSD_SHA@DF_SHA(1.1),Health expenditure and financing,I,BEL,Belgium,A,Annual,EXP_HEALTH,Expenditure,USD_PPP_PS,"US dollars per person, PPP converted",_T,Total,_Z,Not application,_T,Total,_T,Total,_T,Total,_Z,Not applicable,_Z,Not applicable,V,Current prices,2002,,2644.145,,,,,,,,,,,,0,Units,1,One
DATAFLOW,OECD.ELS.HD:DSD_SHA@DF_SHA(1.1),Health expenditure and financing,I,BEL,Belgium,A,Annual,EXP_HEALTH,Expenditure,USD_PPP_PS,"US dollars per person, PPP converted",_T,Total,_Z,Not application,_T,Total,_T,Total,_T,Total,_Z,Not applicable,_Z,Not applicable,V,Current prices,2001,,2404.608,,,,,,,,,,,,0,Units,1,One
DATAFLOW,OECD.ELS.HD:DSD_SHA@DF_SHA(1.1),Health expenditure and financing,I,BEL,Belgium,A,Annual,EXP_HEALTH,Expenditure,USD_PPP_PS,"US dollars per person, PPP converted",_T,Total,_Z,Not application,_T,Total,_T,Total,_T,Total,_Z,Not applicable,_Z,Not applicable,V,Current prices,2000,,2298.627,,,,,,,,,,,,0,Units,1,One
DATAFLOW,OECD.ELS.HD:DSD_SHA@DF_SHA(1.1),Health expenditure and financing,I,BEL,Belgium,A,Annual,EXP_HEALTH,Expenditure,USD_PPP_PS,"US dollars per person, PPP converted",_T,Total,_Z,Not application,_T,Total,_T,Total,_T,Total,_Z,Not applicable,_Z,Not applicable,V,Current prices,2009,,3807.096,,,,,,,,,,,,0,Units,1,One
DATAFLOW,OECD.ELS.HD:DSD_SHA@DF_SHA(1.1),Health expenditure and financing,I,BEL,Belgium,A,Annual,EXP_HEALTH,Expenditure,USD_PPP_PS,"US dollars per person, PPP converted",_T,Total,_Z,Not application,_T,Total,_T,Total,_T,Total,_Z,Not applicable,_Z,Not applicable,V,Current prices,2013,,4481.104,,,,,,,,,,,,0,Units,1,One
DATAFLOW,OECD.ELS.HD:DSD_SHA@DF_SHA(1.1),Health expenditure and financing,I,BEL,Belgium,A,Annual,EXP_HEALTH,Expenditure,USD_PPP_PS,"US dollars per person, PPP converted",_T,Total,_Z,Not application,_T,Total,_T,Total,_T,Total,_Z,Not applicable,_Z,Not applicable,V,Current prices,2012,,4292.98,,,,,,,,,,,,0,Units,1,One
DATAFLOW,OECD.ELS.HD:DSD_SHA@DF_SHA(1.1),Health expenditure and financing,I,BEL,Belgium,A,Annual,EXP_HEALTH,Expenditure,USD_PPP_PS,"US dollars per person, PPP converted",_T,Total,_Z,Not application,_T,Total,_T,Total,_T,Total,_Z,Not applicable,_Z,Not applicable,V,Current prices,2011,,4101.533,,,,,,,,,,,,0,Units,1,One
DATAFLOW,OECD.ELS.HD:DSD_SHA@DF_SHA(1.1),Health expenditure and financing,I,BEL,Belgium,A,Annual,EXP_HEALTH,Expenditure,USD_PPP_PS,"US dollars per person, PPP converted",_T,Total,_Z,Not application,_T,Total,_T,Total,_T,Total,_Z,Not applicable,_Z,Not applicable,V,Current prices,2010,,3985.947,,,,,,,,,,,,0,Units,1,One
DATAFLOW,OECD.ELS.HD:DSD_SHA@DF_SHA(1.1),Health expenditure and financing,I,BEL,Belgium,A,Annual,EXP_HEALTH,Expenditure,USD_PPP_PS,"US dollars per person, PPP converted",_T,Total,_Z,Not application,_T,Total,_T,Total,_T,Total,_Z,Not applicable,_Z,Not applicable,V,Current prices,2007,,3307.272,,,,,,,,,,,,0,Units,1,One
DATAFLOW,OECD.ELS.HD:DSD_SHA@DF_SHA(1.1),Health expenditure and financing,I,BEL,Belgium,A,Annual,EXP_HEALTH,Expenditure,USD_PPP_PS,"US dollars per person, PPP converted",_T,Total,_Z,Not application,_T,Total,_T,Total,_T,Total,_Z,Not applicable,_Z,Not applicable,V,Current prices,2005,,3103.728,,,,,,,,,,,,0,Units,1,One
DATAFLOW,OECD.ELS.HD:DSD_SHA@DF_SHA(1.1),Health expenditure and financing,I,BEL,Belgium,A,Annual,EXP_HEALTH,Expenditure,USD_PPP_PS,"US dollars per person, PPP converted",_T,Total,_Z,Not application,_T,Total,_T,Total,_T,Total,_Z,Not applicable,_Z,Not applicable,V,Current prices,2016,,5036.449,,,,,,,,,,,,0,Units,1,One
DATAFLOW,OECD.ELS.HD:DSD_SHA@DF_SHA(1.1),Health expenditure and financing,I,BEL,Belgium,A,Annual,EXP_HEALTH,Expenditure,USD_PPP_PS,"US dollars per person, PPP converted",_T,Total,_Z,Not application,_T,Total,_T,Total,_T,Total,_Z,Not applicable,_Z,Not applicable,V,Current prices,2015,,4839.929,,,,,,,,,,,,0,Units,1,One
DATAFLOW,OECD.ELS.HD:DSD_SHA@DF_SHA(1.1),Health expenditure and financing,I,CAN,Canada,A,Annual,EXP_HEALTH,Expenditure,USD_PPP_PS,"US dollars per person, PPP converted",_T,Total,_Z,Not application,_T,Total,_T,Total,_T,Total,_Z,Not applicable,_Z,Not applicable,V,Current prices,2025,,7505.901,,,,,,P,Provisional value,,,,,0,Units,1,One
DATAFLOW,OECD.ELS.HD:DSD_SHA@DF_SHA(1.1),Health expenditure and financing,I,CAN,Canada,A,Annual,EXP_HEALTH,Expenditure,USD_PPP_PS,"US dollars per person, PPP converted",_T,Total,_Z,Not application,_T,Total,_T,Total,_T,Total,_Z,Not applicable,_Z,Not applicable,V,Current prices,2014,,4541.822,,,,,,,,,,,,0,Units,1,One
DATAFLOW,OECD.ELS.HD:DSD_SHA@DF_SHA(1.1),Health expenditure and financing,I,CAN,Canada,A,Annual,EXP_HEALTH,Expenditure,USD_PPP_PS,"US dollars per person, PPP converted",_T,Total,_Z,Not application,_T,Total,_T,Total,_T,Total,_Z,Not applicable,_Z,Not applicable,V,Current prices,2016,,5049.311,,,,,,,,,,,,0,Units,1,One
DATAFLOW,OECD.ELS.HD:DSD_SHA@DF_SHA(1.1),Health expenditure and financing,I,CAN,Canada,A,Annual,EXP_HEALTH,Expenditure,USD_PPP_PS,"US dollars per person, PPP converted",_T,Total,_Z,Not application,_T,Total,_T,Total,_T,Total,_Z,Not applicable,_Z,Not applicable,V,Current prices,2013,,4433.754,,,,,,,,,,,,0,Units,1,One
DATAFLOW,OECD.ELS.HD:DSD_SHA@DF_SHA(1.1),Health expenditure and financing,I,CAN,Canada,A,Annual,EXP_HEALTH,Expenditure,USD_PPP_PS,"US dollars per person, PPP converted",_T,Total,_Z,Not application,_T,Total,_T,Total,_T,Total,_Z,Not applicable,_Z,Not applicable,V,Current prices,2015,,4640.668,,,,,,,,,,,,0,Units,1,One
DATAFLOW,OECD.ELS.HD:DSD_SHA@DF_SHA(1.1),Health expenditure and financing,I,CAN,Canada,A,Annual,EXP_HEALTH,Expenditure,USD_PPP_PS,"US dollars per person, PPP converted",_T,Total,_Z,Not application,_T,Total,_T,Total,_T,Total,_Z,Not applicable,_Z,Not applicable,V,Current prices,2009,,3946.766,,,,,,,,,,,,0,Units,1,One
DATAFLOW,OECD.ELS.HD:DSD_SHA@DF_SHA(1.1),Health expenditure and financing,I,CAN,Canada,A,Annual,EXP_HEALTH,Expenditure,USD_PPP_PS,"US dollars per person, PPP converted",_T,Total,_Z,Not application,_T,Total,_T,Total,_T,Total,_Z,Not applicable,_Z,Not applicable,V,Current prices,2011,,4231.3,,,,,,,,,,,,0,Units,1,One
DATAFLOW,OECD.ELS.HD:DSD_SHA@DF_SHA(1.1),Health expenditure and financing,I,CAN,Canada,A,Annual,EXP_HEALTH,Expenditure,USD_PPP_PS,"US dollars per person, PPP converted",_T,Total,_Z,Not application,_T,Total,_T,Total,_T,Total,_Z,Not applicable,_Z,Not applicable,V,Current prices,2010,,4156.879,,,,,,,,,,,,0,Units,1,One
DATAFLOW,OECD.ELS.HD:DSD_SHA@DF_SHA(1.1),Health expenditure and financing,I,CAN,Canada,A,Annual,EXP_HEALTH,Expenditure,USD_PPP_PS,"US dollars per person, PPP converted",_T,Total,_Z,Not application,_T,Total,_T,Total,_T,Total,_Z,Not applicable,_Z,Not applicable,V,Current prices,2008,,3849.985,,,,,,,,,,,,0,Units,1,One
DATAFLOW,OECD.ELS.HD:DSD_SHA@DF_SHA(1.1),Health expenditure and financing,I,CAN,Canada,A,Annual,EXP_HEALTH,Expenditure,USD_PPP_PS,"US dollars per person, PPP converted",_T,Total,_Z,Not application,_T,Total,_T,Total,_T,Total,_Z,Not applicable,_Z,Not applicable,V,Current prices,2012,,4341.234,,,,,,,,,,,,0,Units,1,One
DATAFLOW,OECD.ELS.HD:DSD_SHA@DF_SHA(1.1),Health expenditure and financing,I,CAN,Canada,A,Annual,EXP_HEALTH,Expenditure,USD_PPP_PS,"US dollars per person, PPP converted",_T,Total,_Z,Not application,_T,Total,_T,Total,_T,Total,_Z,Not applicable,_Z,Not applicable,V,Current prices,2003,,2914.315,,,,,,,,,,,,0,Units,1,One
DATAFLOW,OECD.ELS.HD:DSD_SHA@DF_SHA(1.1),Health expenditure and financing,I,CAN,Canada,A,Annual,EXP_HEALTH,Expenditure,USD_PPP_PS,"US dollars per person, PPP converted",_T,Total,_Z,Not application,_T,Total,_T,Total,_T,Total,_Z,Not applicable,_Z,Not applicable,V,Current prices,2002,,2758.142,,,,,,,,,,,,0,Units,1,One
DATAFLOW,OECD.ELS.HD:DSD_SHA@DF_SHA(1.1),Health expenditure and financing,I,AUS,Australia,A,Annual,EXP_HEALTH,Expenditure,USD_PPP_PS,"US dollars per person, PPP converted",_T,Total,_Z,Not application,_T,Total,_T,Total,_T,Total,_Z,Not applicable,_Z,Not applicable,V,Current prices,2004,,2819.789,,,,,,D,Definition differs,,,,,0,Units,1,One
DATAFLOW,OECD.ELS.HD:DSD_SHA@DF_SHA(1.1),Health expenditure and financing,I,SRB,Serbia,A,Annual,EXP_HEALTH,Expenditure,USD_PPP_PS,"US dollars per person, PPP converted",_T,Total,_Z,Not application,_T,Total,_T,Total,_T,Total,_Z,Not applicable,_Z,Not applicable,V,Current prices,2017,,1279.148,,,,,,,,,,,,0,Units,1,One
DATAFLOW,OECD.ELS.HD:DSD_SHA@DF_SHA(1.1),Health expenditure and financing,I,SRB,Serbia,A,Annual,EXP_HEALTH,Expenditure,USD_PPP_PS,"US dollars per person, PPP converted",_T,Total,_Z,Not application,_T,Total,_T,Total,_T,Total,_Z,Not applicable,_Z,Not applicable,V,Current prices,2013,,1241.559,,,,,,,,,,,,0,Units,1,One
DATAFLOW,OECD.ELS.HD:DSD_SHA@DF_SHA(1.1),Health expenditure and financing,I,AUS,Australia,A,Annual,EXP_HEALTH,Expenditure,USD_PPP_PS,"US dollars per person, PPP converted",_T,Total,_Z,Not application,_T,Total,_T,Total,_T,Total,_Z,Not applicable,_Z,Not applicable,V,Current prices,2011,,3809.112,,,,,,D,Definition differs,,,,,0,Units,1,One
DATAFLOW,OECD.ELS.HD:DSD_SHA@DF_SHA(1.1),Health expenditure and financing,I,CHL,Chile,A,Annual,EXP_HEALTH,Expenditure,USD_PPP_PS,"US dollars per person, PPP converted",_T,Total,_Z,Not application,_T,Total,_T,Total,_T,Total,_Z,Not applicable,_Z,Not applicable,V,Current prices,2007,,1060.721,,,,,,,,,,,,0,Units,1,One
DATAFLOW,OECD.ELS.HD:DSD_SHA@DF_SHA(1.1),Health expenditure and financing,I,CHL,Chile,A,Annual,EXP_HEALTH,Expenditure,USD_PPP_PS,"US dollars per person, PPP converted",_T,Total,_Z,Not application,_T,Total,_T,Total,_T,Total,_Z,Not applicable,_Z,Not applicable,V,Current prices,2006,,959.483,,,,,,,,,,,,0,Units,1,One
DATAFLOW,OECD.ELS.HD:DSD_SHA@DF_SHA(1.1),Health expenditure and financing,I,CHL,Chile,A,Annual,EXP_HEALTH,Expenditure,USD_PPP_PS,"US dollars per person, PPP converted",_T,Total,_Z,Not application,_T,Total,_T,Total,_T,Total,_Z,Not applicable,_Z,Not applicable,V,Current prices,2005,,810.691,,,,,,,,,,,,0,Units,1,One
DATAFLOW,OECD.ELS.HD:DSD_SHA@DF_SHA(1.1),Health expenditure and financing,I,CHL,Chile,A,Annual,EXP_HEALTH,Expenditure,USD_PPP_PS,"US dollars per person, PPP converted",_T,Total,_Z,Not application,_T,Total,_T,Total,_T,Total,_Z,Not applicable,_Z,Not applicable,V,Current prices,2004,,764.626,,,,,,,,,,,,0,Units,1,One
DATAFLOW,OECD.ELS.HD:DSD_SHA@DF_SHA(1.1),Health expenditure and financing,I,CHL,Chile,A,Annual,EXP_HEALTH,Expenditure,USD_PPP_PS,"US dollars per person, PPP converted",_T,Total,_Z,Not application,_T,Total,_T,Total,_T,Total,_Z,Not applicable,_Z,Not applicable,V,Current prices,2003,,700.652,,,,,,,,,,,,0,Units,1,One
DATAFLOW,OECD.ELS.HD:DSD_SHA@DF_SHA(1.1),Health expenditure and financing,I,CHL,Chile,A,Annual,EXP_HEALTH,Expenditure,USD_PPP_PS,"US dollars per person, PPP converted",_T,Total,_Z,Not application,_T,Total,_T,Total,_T,Total,_Z,Not applicable,_Z,Not applicable,V,Current prices,2002,,650.213,,,,,,,,,,,,0,Units,1,One
DATAFLOW,OECD.ELS.HD:DSD_SHA@DF_SHA(1.1),Health expenditure and financing,I,CHL,Chile,A,Annual,EXP_HEALTH,Expenditure,USD_PPP_PS,"US dollars per person, PPP converted",_T,Total,_Z,Not application,_T,Total,_T,Total,_T,Total,_Z,Not applicable,_Z,Not applicable,V,Current prices,2001,,615.642,,,,,,,,,,,,0,Units,1,One
DATAFLOW,OECD.ELS.HD:DSD_SHA@DF_SHA(1.1),Health expenditure and financing,I,CHL,Chile,A,Annual,EXP_HEALTH,Expenditure,USD_PPP_PS,"US dollars per person, PPP converted",_T,Total,_Z,Not application,_T,Total,_T,Total,_T,Total,_Z,Not applicable,_Z,Not applicable,V,Current prices,2000,,585.419,,,,,,,,,,,,0,Units,1,One
DATAFLOW,OECD.ELS.HD:DSD_SHA@DF_SHA(1.1),Health expenditure and financing,I,COL,Colombia,A,Annual,EXP_HEALTH,Expenditure,USD_PPP_PS,"US dollars per person, PPP converted",_T,Total,_Z,Not application,_T,Total,_T,Total,_T,Total,_Z,Not applicable,_Z,Not applicable,V,Current prices,2021,,1635.019,,,,,,,,,,,,0,Units,1,One
DATAFLOW,OECD.ELS.HD:DSD_SHA@DF_SHA(1.1),Health expenditure and financing,I,COL,Colombia,A,Annual,EXP_HEALTH,Expenditure,USD_PPP_PS,"US dollars per person, PPP converted",_T,Total,_Z,Not application,_T,Total,_T,Total,_T,Total,_Z,Not applicable,_Z,Not applicable,V,Current prices,2020,,1379.007,,,,,,,,,,,,0,Units,1,One
DATAFLOW,OECD.ELS.HD:DSD_SHA@DF_SHA(1.1),Health expenditure and financing,I,COL,Colombia,A,Annual,EXP_HEALTH,Expenditure,USD_PPP_PS,"US dollars per person, PPP converted",_T,Total,_Z,Not application,_T,Total,_T,Total,_T,Total,_Z,Not applicable,_Z,Not applicable,V,Current prices,2019,,1315.321,,,,,,,,,,,,0,Units,1,One
DATAFLOW,OECD.ELS.HD:DSD_SHA@DF_SHA(1.1),Health expenditure and financing,I,COL,Colombia,A,Annual,EXP_HEALTH,Expenditure,USD_PPP_PS,"US dollars per person, PPP converted",_T,Total,_Z,Not application,_T,Total,_T,Total,_T,Total,_Z,Not applicable,_Z,Not applicable,V,Current prices,2025,,2088.131,,,,,,P,Provisional value,,,,,0,Units,1,One
DATAFLOW,OECD.ELS.HD:DSD_SHA@DF_SHA(1.1),Health expenditure and financing,I,COL,Colombia,A,Annual,EXP_HEALTH,Expenditure,USD_PPP_PS,"US dollars per person, PPP converted",_T,Total,_Z,Not application,_T,Total,_T,Total,_T,Total,_Z,Not applicable,_Z,Not applicable,V,Current prices,2018,,1245.711,,,,,,,,,,,,0,Units,1,One
DATAFLOW,OECD.ELS.HD:DSD_SHA@DF_SHA(1.1),Health expenditure and financing,I,COL,Colombia,A,Annual,EXP_HEALTH,Expenditure,USD_PPP_PS,"US dollars per person, PPP converted",_T,Total,_Z,Not application,_T,Total,_T,Total,_T,Total,_Z,Not applicable,_Z,Not applicable,V,Current prices,2013,,959.772,,,,,,,,,,,,0,Units,1,One
DATAFLOW,OECD.ELS.HD:DSD_SHA@DF_SHA(1.1),Health expenditure and financing,I,COL,Colombia,A,Annual,EXP_HEALTH,Expenditure,USD_PPP_PS,"US dollars per person, PPP converted",_T,Total,_Z,Not application,_T,Total,_T,Total,_T,Total,_Z,Not applicable,_Z,Not applicable,V,Current prices,2017,,1184.434,,,,,,,,,,,,0,Units,1,One
DATAFLOW,OECD.ELS.HD:DSD_SHA@DF_SHA(1.1),Health expenditure and financing,I,COL,Colombia,A,Annual,EXP_HEALTH,Expenditure,USD_PPP_PS,"US dollars per person, PPP converted",_T,Total,_Z,Not application,_T,Total,_T,Total,_T,Total,_Z,Not applicable,_Z,Not applicable,V,Current prices,2016,,1146.737,,,,,,,,,,,,0,Units,1,One
DATAFLOW,OECD.ELS.HD:DSD_SHA@DF_SHA(1.1),Health expenditure and financing,I,COL,Colombia,A,Annual,EXP_HEALTH,Expenditure,USD_PPP_PS,"US dollars per person, PPP converted",_T,Total,_Z,Not application,_T,Total,_T,Total,_T,Total,_Z,Not applicable,_Z,Not applicable,V,Current prices,2015,,1077.247,,,,,,,,,,,,0,Units,1,One
DATAFLOW,OECD.ELS.HD:DSD_SHA@DF_SHA(1.1),Health expenditure and financing,I,COL,Colombia,A,Annual,EXP_HEALTH,Expenditure,USD_PPP_PS,"US dollars per person, PPP converted",_T,Total,_Z,Not application,_T,Total,_T,Total,_T,Total,_Z,Not applicable,_Z,Not applicable,V,Current prices,2012,,867.719,,,,,,,,,,,,0,Units,1,One
DATAFLOW,OECD.ELS.HD:DSD_SHA@DF_SHA(1.1),Health expenditure and financing,I,COL,Colombia,A,Annual,EXP_HEALTH,Expenditure,USD_PPP_PS,"US dollars per person, PPP converted",_T,Total,_Z,Not application,_T,Total,_T,Total,_T,Total,_Z,Not applicable,_Z,Not applicable,V,Current prices,2011,,818.188,,,,,,,,,,,,0,Units,1,One
DATAFLOW,OECD.ELS.HD:DSD_SHA@DF_SHA(1.1),Health expenditure and financing,I,COL,Colombia,A,Annual,EXP_HEALTH,Expenditure,USD_PPP_PS,"US dollars per person, PPP converted",_T,Total,_Z,Not application,_T,Total,_T,Total,_T,Total,_Z,Not applicable,_Z,Not applicable,V,Current prices,2014,,1025.999,,,,,,,,,,,,0,Units,1,One
DATAFLOW,OECD.ELS.HD:DSD_SHA@DF_SHA(1.1),Health expenditure and financing,I,COL,Colombia,A,Annual,EXP_HEALTH,Expenditure,USD_PPP_PS,"US dollars per person, PPP converted",_T,Total,_Z,Not application,_T,Total,_T,Total,_T,Total,_Z,Not applicable,_Z,Not applicable,V,Current prices,2024,,2089.781,,,,,,,,,,,,0,Units,1,One
DATAFLOW,OECD.ELS.HD:DSD_SHA@DF_SHA(1.1),Health expenditure and financing,I,COL,Colombia,A,Annual,EXP_HEALTH,Expenditure,USD_PPP_PS,"US dollars per person, PPP converted",_T,Total,_Z,Not application,_T,Total,_T,Total,_T,Total,_Z,Not applicable,_Z,Not applicable,V,Current prices,2023,,1885.752,,,,,,,,,,,,0,Units,1,One
DATAFLOW,OECD.ELS.HD:DSD_SHA@DF_SHA(1.1),Health expenditure and financing,I,CRI,Costa Rica,A,Annual,EXP_HEALTH,Expenditure,USD_PPP_PS,"US dollars per person, PPP converted",_T,Total,_Z,Not application,_T,Total,_T,Total,_T,Total,_Z,Not applicable,_Z,Not applicable,V,Current prices,2024,,2057.709,,,,,,,,,,,,0,Units,1,One
DATAFLOW,OECD.ELS.HD:DSD_SHA@DF_SHA(1.1),Health expenditure and financing,I,CRI,Costa Rica,A,Annual,EXP_HEALTH,Expenditure,USD_PPP_PS,"US dollars per person, PPP converted",_T,Total,_Z,Not application,_T,Total,_T,Total,_T,Total,_Z,Not applicable,_Z,Not applicable,V,Current prices,2025,,2207.824,,,,,,E,Estimated value,,,,,0,Units,1,One
DATAFLOW,OECD.ELS.HD:DSD_SHA@DF_SHA(1.1),Health expenditure and financing,I,CRI,Costa Rica,A,Annual,EXP_HEALTH,Expenditure,USD_PPP_PS,"US dollars per person, PPP converted",_T,Total,_Z,Not application,_T,Total,_T,Total,_T,Total,_Z,Not applicable,_Z,Not applicable,V,Current prices,2021,,1709.282,,,,,,,,,,,,0,Units,1,One
DATAFLOW,OECD.ELS.HD:DSD_SHA@DF_SHA(1.1),Health expenditure and financing,I,CRI,Costa Rica,A,Annual,EXP_HEALTH,Expenditure,USD_PPP_PS,"US dollars per person, PPP converted",_T,Total,_Z,Not application,_T,Total,_T,Total,_T,Total,_Z,Not applicable,_Z,Not applicable,V,Current prices,2020,,1581.441,,,,,,,,,,,,0,Units,1,One
DATAFLOW,OECD.ELS.HD:DSD_SHA@DF_SHA(1.1),Health expenditure and financing,I,CRI,Costa Rica,A,Annual,EXP_HEALTH,Expenditure,USD_PPP_PS,"US dollars per person, PPP converted",_T,Total,_Z,Not application,_T,Total,_T,Total,_T,Total,_Z,Not applicable,_Z,Not applicable,V,Current prices,2023,,1901.755,,,,,,,,,,,,0,Units,1,One
DATAFLOW,OECD.ELS.HD:DSD_SHA@DF_SHA(1.1),Health expenditure and financing,I,CRI,Costa Rica,A,Annual,EXP_HEALTH,Expenditure,USD_PPP_PS,"US dollars per person, PPP converted",_T,Total,_Z,Not application,_T,Total,_T,Total,_T,Total,_Z,Not applicable,_Z,Not applicable,V,Current prices,2022,,1759.395,,,,,,,,,,,,0,Units,1,One
DATAFLOW,OECD.ELS.HD:DSD_SHA@DF_SHA(1.1),Health expenditure and financing,I,CRI,Costa Rica,A,Annual,EXP_HEALTH,Expenditure,USD_PPP_PS,"US dollars per person, PPP converted",_T,Total,_Z,Not application,_T,Total,_T,Total,_T,Total,_Z,Not applicable,_Z,Not applicable,V,Current prices,2017,,1436.559,,,,,,,,,,,,0,Units,1,One
DATAFLOW,OECD.ELS.HD:DSD_SHA@DF_SHA(1.1),Health expenditure and financing,I,CRI,Costa Rica,A,Annual,EXP_HEALTH,Expenditure,USD_PPP_PS,"US dollars per person, PPP converted",_T,Total,_Z,Not application,_T,Total,_T,Total,_T,Total,_Z,Not applicable,_Z,Not applicable,V,Current prices,2019,,1603.628,,,,,,,,,,,,0,Units,1,One
DATAFLOW,OECD.ELS.HD:DSD_SHA@DF_SHA(1.1),Health expenditure and financing,I,CRI,Costa Rica,A,Annual,EXP_HEALTH,Expenditure,USD_PPP_PS,"US dollars per person, PPP converted",_T,Total,_Z,Not application,_T,Total,_T,Total,_T,Total,_Z,Not applicable,_Z,Not applicable,V,Current prices,2016,,1403.238,,,,,,,,,,,,0,Units,1,One
DATAFLOW,OECD.ELS.HD:DSD_SHA@DF_SHA(1.1),Health expenditure and financing,I,CRI,Costa Rica,A,Annual,EXP_HEALTH,Expenditure,USD_PPP_PS,"US dollars per person, PPP converted",_T,Total,_Z,Not application,_T,Total,_T,Total,_T,Total,_Z,Not applicable,_Z,Not applicable,V,Current prices,2018,,1522.274,,,,,,B,Time series break,,,,,0,Units,1,One
DATAFLOW,OECD.ELS.HD:DSD_SHA@DF_SHA(1.1),Health expenditure and financing,I,CRI,Costa Rica,A,Annual,EXP_HEALTH,Expenditure,USD_PPP_PS,"US dollars per person, PPP converted",_T,Total,_Z,Not application,_T,Total,_T,Total,_T,Total,_Z,Not applicable,_Z,Not applicable,V,Current prices,2011,,1167.55,,,,,,,,,,,,0,Units,1,One
DATAFLOW,OECD.ELS.HD:DSD_SHA@DF_SHA(1.1),Health expenditure and financing,I,CRI,Costa Rica,A,Annual,EXP_HEALTH,Expenditure,USD_PPP_PS,"US dollars per person, PPP converted",_T,Total,_Z,Not application,_T,Total,_T,Total,_T,Total,_Z,Not applicable,_Z,Not applicable,V,Current prices,2013,,1228.638,,,,,,,,,,,,0,Units,1,One
DATAFLOW,OECD.ELS.HD:DSD_SHA@DF_SHA(1.1),Health expenditure and financing,I,CRI,Costa Rica,A,Annual,EXP_HEALTH,Expenditure,USD_PPP_PS,"US dollars per person, PPP converted",_T,Total,_Z,Not application,_T,Total,_T,Total,_T,Total,_Z,Not applicable,_Z,Not applicable,V,Current prices,2014,,1302.344,,,,,,,,,,,,0,Units,1,One
DATAFLOW,OECD.ELS.HD:DSD_SHA@DF_SHA(1.1),Health expenditure and financing,I,CRI,Costa Rica,A,Annual,EXP_HEALTH,Expenditure,USD_PPP_PS,"US dollars per person, PPP converted",_T,Total,_Z,Not application,_T,Total,_T,Total,_T,Total,_Z,Not applicable,_Z,Not applicable,V,Current prices,2012,,1208.967,,,,,,,,,,,,0,Units,1,One
DATAFLOW,OECD.ELS.HD:DSD_SHA@DF_SHA(1.1),Health expenditure and financing,I,CRI,Costa Rica,A,Annual,EXP_HEALTH,Expenditure,USD_PPP_PS,"US dollars per person, PPP converted",_T,Total,_Z,Not application,_T,Total,_T,Total,_T,Total,_Z,Not applicable,_Z,Not applicable,V,Current prices,2015,,1372.151,,,,,,,,,,,,0,Units,1,One
DATAFLOW,OECD.ELS.HD:DSD_SHA@DF_SHA(1.1),Health expenditure and financing,I,CZE,Czechia,A,Annual,EXP_HEALTH,Expenditure,USD_PPP_PS,"US dollars per person, PPP converted",_T,Total,_Z,Not application,_T,Total,_T,Total,_T,Total,_Z,Not applicable,_Z,Not applicable,V,Current prices,2004,,1463.595,,,,,,,,,,,,0,Units,1,One
DATAFLOW,OECD.ELS.HD:DSD_SHA@DF_SHA(1.1),Health expenditure and financing,I,CZE,Czechia,A,Annual,EXP_HEALTH,Expenditure,USD_PPP_PS,"US dollars per person, PPP converted",_T,Total,_Z,Not application,_T,Total,_T,Total,_T,Total,_Z,Not applicable,_Z,Not applicable,V,Current prices,2001,,1160.437,,,,,,,,,,,,0,Units,1,One
DATAFLOW,OECD.ELS.HD:DSD_SHA@DF_SHA(1.1),Health expenditure and financing,I,CZE,Czechia,A,Annual,EXP_HEALTH,Expenditure,USD_PPP_PS,"US dollars per person, PPP converted",_T,Total,_Z,Not application,_T,Total,_T,Total,_T,Total,_Z,Not applicable,_Z,Not applicable,V,Current prices,2010,,2198.018,,,,,,,,,,,,0,Units,1,One
DATAFLOW,OECD.ELS.HD:DSD_SHA@DF_SHA(1.1),Health expenditure and financing,I,CZE,Czechia,A,Annual,EXP_HEALTH,Expenditure,USD_PPP_PS,"US dollars per person, PPP converted",_T,Total,_Z,Not application,_T,Total,_T,Total,_T,Total,_Z,Not applicable,_Z,Not applicable,V,Current prices,2012,,2274.866,,,,,,,,,,,,0,Units,1,One
DATAFLOW,OECD.ELS.HD:DSD_SHA@DF_SHA(1.1),Health expenditure and financing,I,CZE,Czechia,A,Annual,EXP_HEALTH,Expenditure,USD_PPP_PS,"US dollars per person, PPP converted",_T,Total,_Z,Not application,_T,Total,_T,Total,_T,Total,_Z,Not applicable,_Z,Not applicable,V,Current prices,2021,,4462.251,,,,,,,,,,,,0,Units,1,One
DATAFLOW,OECD.ELS.HD:DSD_SHA@DF_SHA(1.1),Health expenditure and financing,I,CZE,Czechia,A,Annual,EXP_HEALTH,Expenditure,USD_PPP_PS,"US dollars per person, PPP converted",_T,Total,_Z,Not application,_T,Total,_T,Total,_T,Total,_Z,Not applicable,_Z,Not applicable,V,Current prices,2022,,4540.407,,,,,,,,,,,,0,Units,1,One
DATAFLOW,OECD.ELS.HD:DSD_SHA@DF_SHA(1.1),Health expenditure and financing,I,CZE,Czechia,A,Annual,EXP_HEALTH,Expenditure,USD_PPP_PS,"US dollars per person, PPP converted",_T,Total,_Z,Not application,_T,Total,_T,Total,_T,Total,_Z,Not applicable,_Z,Not applicable,V,Current prices,2023,,4920.598,,,,,,,,,,,,0,Units,1,One
DATAFLOW,OECD.ELS.HD:DSD_SHA@DF_SHA(1.1),Health expenditure and financing,I,CZE,Czechia,A,Annual,EXP_HEALTH,Expenditure,USD_PPP_PS,"US dollars per person, PPP converted",_T,Total,_Z,Not application,_T,Total,_T,Total,_T,Total,_Z,Not applicable,_Z,Not applicable,V,Current prices,2020,,4098.209,,,,,,,,,,,,0,Units,1,One
DATAFLOW,OECD.ELS.HD:DSD_SHA@DF_SHA(1.1),Health expenditure and financing,I,CZE,Czechia,A,Annual,EXP_HEALTH,Expenditure,USD_PPP_PS,"US dollars per person, PPP converted",_T,Total,_Z,Not application,_T,Total,_T,Total,_T,Total,_Z,Not applicable,_Z,Not applicable,V,Current prices,2025,,5611.917,,,,,,P,Provisional value,,,,,0,Units,1,One
DATAFLOW,OECD.ELS.HD:DSD_SHA@DF_SHA(1.1),Health expenditure and financing,I,CZE,Czechia,A,Annual,EXP_HEALTH,Expenditure,USD_PPP_PS,"US dollars per person, PPP converted",_T,Total,_Z,Not application,_T,Total,_T,Total,_T,Total,_Z,Not applicable,_Z,Not applicable,V,Current prices,2024,,5200.672,,,,,,,,,,,,0,Units,1,One
DATAFLOW,OECD.ELS.HD:DSD_SHA@DF_SHA(1.1),Health expenditure and financing,I,CZE,Czechia,A,Annual,EXP_HEALTH,Expenditure,USD_PPP_PS,"US dollars per person, PPP converted",_T,Total,_Z,Not application,_T,Total,_T,Total,_T,Total,_Z,Not applicable,_Z,Not applicable,V,Current prices,2011,,2220.438,,,,,,,,,,,,0,Units,1,One
DATAFLOW,OECD.ELS.HD:DSD_SHA@DF_SHA(1.1),Health expenditure and financing,I,CZE,Czechia,A,Annual,EXP_HEALTH,Expenditure,USD_PPP_PS,"US dollars per person, PPP converted",_T,Total,_Z,Not application,_T,Total,_T,Total,_T,Total,_Z,Not applicable,_Z,Not applicable,V,Current prices,2002,,1267.68,,,,,,,,,,,,0,Units,1,One
DATAFLOW,OECD.ELS.HD:DSD_SHA@DF_SHA(1.1),Health expenditure and financing,I,CZE,Czechia,A,Annual,EXP_HEALTH,Expenditure,USD_PPP_PS,"US dollars per person, PPP converted",_T,Total,_Z,Not application,_T,Total,_T,Total,_T,Total,_Z,Not applicable,_Z,Not applicable,V,Current prices,2000,,1026.221,,,,,,B,Time series break,,,,,0,Units,1,One
DATAFLOW,OECD.ELS.HD:DSD_SHA@DF_SHA(1.1),Health expenditure and financing,I,CZE,Czechia,A,Annual,EXP_HEALTH,Expenditure,USD_PPP_PS,"US dollars per person, PPP converted",_T,Total,_Z,Not application,_T,Total,_T,Total,_T,Total,_Z,Not applicable,_Z,Not applicable,V,Current prices,2003,,1393.294,,,,,,B,Time series break,,,,,0,Units,1,One
DATAFLOW,OECD.ELS.HD:DSD_SHA@DF_SHA(1.1),Health expenditure and financing,I,CZE,Czechia,A,Annual,EXP_HEALTH,Expenditure,USD_PPP_PS,"US dollars per person, PPP converted",_T,Total,_Z,Not application,_T,Total,_T,Total,_T,Total,_Z,Not applicable,_Z,Not applicable,V,Current prices,2013,,2376.531,,,,,,,,,,,,0,Units,1,One
DATAFLOW,OECD.ELS.HD:DSD_SHA@DF_SHA(1.1),Health expenditure and financing,I,CZE,Czechia,A,Annual,EXP_HEALTH,Expenditure,USD_PPP_PS,"US dollars per person, PPP converted",_T,Total,_Z,Not application,_T,Total,_T,Total,_T,Total,_Z,Not applicable,_Z,Not applicable,V,Current prices,2014,,2564.045,,,,,,,,,,,,0,Units,1,One
DATAFLOW,OECD.ELS.HD:DSD_SHA@DF_SHA(1.1),Health expenditure and financing,I,CZE,Czechia,A,Annual,EXP_HEALTH,Expenditure,USD_PPP_PS,"US dollars per person, PPP converted",_T,Total,_Z,Not application,_T,Total,_T,Total,_T,Total,_Z,Not applicable,_Z,Not applicable,V,Current prices,2015,,2593.927,,,,,,,,,,,,0,Units,1,One
DATAFLOW,OECD.ELS.HD:DSD_SHA@DF_SHA(1.1),Health expenditure and financing,I,CZE,Czechia,A,Annual,EXP_HEALTH,Expenditure,USD_PPP_PS,"US dollars per person, PPP converted",_T,Total,_Z,Not application,_T,Total,_T,Total,_T,Total,_Z,Not applicable,_Z,Not applicable,V,Current prices,2016,,2778.648,,,,,,,,,,,,0,Units,1,One
DATAFLOW,OECD.ELS.HD:DSD_SHA@DF_SHA(1.1),Health expenditure and financing,I,CZE,Czechia,A,Annual,EXP_HEALTH,Expenditure,USD_PPP_PS,"US dollars per person, PPP converted",_T,Total,_Z,Not application,_T,Total,_T,Total,_T,Total,_Z,Not applicable,_Z,Not applicable,V,Current prices,2008,,1822.937,,,,,,,,,,,,0,Units,1,One
DATAFLOW,OECD.ELS.HD:DSD_SHA@DF_SHA(1.1),Health expenditure and financing,I,CZE,Czechia,A,Annual,EXP_HEALTH,Expenditure,USD_PPP_PS,"US dollars per person, PPP converted",_T,Total,_Z,Not application,_T,Total,_T,Total,_T,Total,_Z,Not applicable,_Z,Not applicable,V,Current prices,2006,,1559.463,,,,,,,,,,,,0,Units,1,One
DATAFLOW,OECD.ELS.HD:DSD_SHA@DF_SHA(1.1),Health expenditure and financing,I,CZE,Czechia,A,Annual,EXP_HEALTH,Expenditure,USD_PPP_PS,"US dollars per person, PPP converted",_T,Total,_Z,Not application,_T,Total,_T,Total,_T,Total,_Z,Not applicable,_Z,Not applicable,V,Current prices,2007,,1660.623,,,,,,,,,,,,0,Units,1,One
DATAFLOW,OECD.ELS.HD:DSD_SHA@DF_SHA(1.1),Health expenditure and financing,I,CZE,Czechia,A,Annual,EXP_HEALTH,Expenditure,USD_PPP_PS,"US dollars per person, PPP converted",_T,Total,_Z,Not application,_T,Total,_T,Total,_T,Total,_Z,Not applicable,_Z,Not applicable,V,Current prices,2005,,1523.395,,,,,,,,,,,,0,Units,1,One
DATAFLOW,OECD.ELS.HD:DSD_SHA@DF_SHA(1.1),Health expenditure and financing,I,CZE,Czechia,A,Annual,EXP_HEALTH,Expenditure,USD_PPP_PS,"US dollars per person, PPP converted",_T,Total,_Z,Not application,_T,Total,_T,Total,_T,Total,_Z,Not applicable,_Z,Not applicable,V,Current prices,2009,,2050.813,,,,,,,,,,,,0,Units,1,One
DATAFLOW,OECD.ELS.HD:DSD_SHA@DF_SHA(1.1),Health expenditure and financing,I,CZE,Czechia,A,Annual,EXP_HEALTH,Expenditure,USD_PPP_PS,"US dollars per person, PPP converted",_T,Total,_Z,Not application,_T,Total,_T,Total,_T,Total,_Z,Not applicable,_Z,Not applicable,V,Current prices,2018,,3124.264,,,,,,,,,,,,0,Units,1,One
DATAFLOW,OECD.ELS.HD:DSD_SHA@DF_SHA(1.1),Health expenditure and financing,I,CZE,Czechia,A,Annual,EXP_HEALTH,Expenditure,USD_PPP_PS,"US dollars per person, PPP converted",_T,Total,_Z,Not application,_T,Total,_T,Total,_T,Total,_Z,Not applicable,_Z,Not applicable,V,Current prices,2019,,3490.876,,,,,,,,,,,,0,Units,1,One
DATAFLOW,OECD.ELS.HD:DSD_SHA@DF_SHA(1.1),Health expenditure and financing,I,CZE,Czechia,A,Annual,EXP_HEALTH,Expenditure,USD_PPP_PS,"US dollars per person, PPP converted",_T,Total,_Z,Not application,_T,Total,_T,Total,_T,Total,_Z,Not applicable,_Z,Not applicable,V,Current prices,2017,,2952.804,,,,,,,,,,,,0,Units,1,One
DATAFLOW,OECD.ELS.HD:DSD_SHA@DF_SHA(1.1),Health expenditure and financing,I,DNK,Denmark,A,Annual,EXP_HEALTH,Expenditure,USD_PPP_PS,"US dollars per person, PPP converted",_T,Total,_Z,Not application,_T,Total,_T,Total,_T,Total,_Z,Not applicable,_Z,Not applicable,V,Current prices,2010,,4262.887,,,,,,B,Time series break,,,,,0,Units,1,One
DATAFLOW,OECD.ELS.HD:DSD_SHA@DF_SHA(1.1),Health expenditure and financing,I,DNK,Denmark,A,Annual,EXP_HEALTH,Expenditure,USD_PPP_PS,"US dollars per person, PPP converted",_T,Total,_Z,Not application,_T,Total,_T,Total,_T,Total,_Z,Not applicable,_Z,Not applicable,V,Current prices,2025,,7579.631,,,,,,P,Provisional value,,,,,0,Units,1,One
DATAFLOW,OECD.ELS.HD:DSD_SHA@DF_SHA(1.1),Health expenditure and financing,I,DNK,Denmark,A,Annual,EXP_HEALTH,Expenditure,USD_PPP_PS,"US dollars per person, PPP converted",_T,Total,_Z,Not application,_T,Total,_T,Total,_T,Total,_Z,Not applicable,_Z,Not applicable,V,Current prices,2003,,2722.074,,,,,,B,Time series break,,,,,0,Units,1,One
DATAFLOW,OECD.ELS.HD:DSD_SHA@DF_SHA(1.1),Health expenditure and financing,I,DNK,Denmark,A,Annual,EXP_HEALTH,Expenditure,USD_PPP_PS,"US dollars per person, PPP converted",_T,Total,_Z,Not application,_T,Total,_T,Total,_T,Total,_Z,Not applicable,_Z,Not applicable,V,Current prices,2001,,2472.72,,,,,,,,,,,,0,Units,1,One
DATAFLOW,OECD.ELS.HD:DSD_SHA@DF_SHA(1.1),Health expenditure and financing,I,DNK,Denmark,A,Annual,EXP_HEALTH,Expenditure,USD_PPP_PS,"US dollars per person, PPP converted",_T,Total,_Z,Not application,_T,Total,_T,Total,_T,Total,_Z,Not applicable,_Z,Not applicable,V,Current prices,2002,,2711.668,,,,,,,,,,,,0,Units,1,One
DATAFLOW,OECD.ELS.HD:DSD_SHA@DF_SHA(1.1),Health expenditure and financing,I,DNK,Denmark,A,Annual,EXP_HEALTH,Expenditure,USD_PPP_PS,"US dollars per person, PPP converted",_T,Total,_Z,Not application,_T,Total,_T,Total,_T,Total,_Z,Not applicable,_Z,Not applicable,V,Current prices,2009,,4020.146,,,,,,,,,,,,0,Units,1,One
DATAFLOW,OECD.ELS.HD:DSD_SHA@DF_SHA(1.1),Health expenditure and financing,I,DNK,Denmark,A,Annual,EXP_HEALTH,Expenditure,USD_PPP_PS,"US dollars per person, PPP converted",_T,Total,_Z,Not application,_T,Total,_T,Total,_T,Total,_Z,Not applicable,_Z,Not applicable,V,Current prices,2008,,3777.707,,,,,,,,,,,,0,Units,1,One
DATAFLOW,OECD.ELS.HD:DSD_SHA@DF_SHA(1.1),Health expenditure and financing,I,DNK,Denmark,A,Annual,EXP_HEALTH,Expenditure,USD_PPP_PS,"US dollars per person, PPP converted",_T,Total,_Z,Not application,_T,Total,_T,Total,_T,Total,_Z,Not applicable,_Z,Not applicable,V,Current prices,2007,,3563.372,,,,,,,,,,,,0,Units,1,One
DATAFLOW,OECD.ELS.HD:DSD_SHA@DF_SHA(1.1),Health expenditure and financing,I,DNK,Denmark,A,Annual,EXP_HEALTH,Expenditure,USD_PPP_PS,"US dollars per person, PPP converted",_T,Total,_Z,Not application,_T,Total,_T,Total,_T,Total,_Z,Not applicable,_Z,Not applicable,V,Current prices,2006,,3287.698,,,,,,,,,,,,0,Units,1,One
DATAFLOW,OECD.ELS.HD:DSD_SHA@DF_SHA(1.1),Health expenditure and financing,I,AUS,Australia,A,Annual,EXP_HEALTH,Expenditure,USD_PPP_PS,"US dollars per person, PPP converted",_T,Total,_Z,Not application,_T,Total,_T,Total,_T,Total,_Z,Not applicable,_Z,Not applicable,V,Current prices,2006,,2997.875,,,,,,D,Definition differs,,,,,0,Units,1,One
DATAFLOW,OECD.ELS.HD:DSD_SHA@DF_SHA(1.1),Health expenditure and financing,I,AUS,Australia,A,Annual,EXP_HEALTH,Expenditure,USD_PPP_PS,"US dollars per person, PPP converted",_T,Total,_Z,Not application,_T,Total,_T,Total,_T,Total,_Z,Not applicable,_Z,Not applicable,V,Current prices,2005,,2872.44,,,,,,D,Definition differs,,,,,0,Units,1,One
DATAFLOW,OECD.ELS.HD:DSD_SHA@DF_SHA(1.1),Health expenditure and financing,I,AUT,Austria,A,Annual,EXP_HEALTH,Expenditure,USD_PPP_PS,"US dollars per person, PPP converted",_T,Total,_Z,Not application,_T,Total,_T,Total,_T,Total,_Z,Not applicable,_Z,Not applicable,V,Current prices,2003,,3228.918,,,,,,,,,,,,0,Units,1,One
DATAFLOW,OECD.ELS.HD:DSD_SHA@DF_SHA(1.1),Health expenditure and financing,I,AUT,Austria,A,Annual,EXP_HEALTH,Expenditure,USD_PPP_PS,"US dollars per person, PPP converted",_T,Total,_Z,Not application,_T,Total,_T,Total,_T,Total,_Z,Not applicable,_Z,Not applicable,V,Current prices,2002,,3142.925,,,,,,,,,,,,0,Units,1,One
DATAFLOW,OECD.ELS.HD:DSD_SHA@DF_SHA(1.1),Health expenditure and financing,I,ROU,Romania,A,Annual,EXP_HEALTH,Expenditure,USD_PPP_PS,"US dollars per person, PPP converted",_T,Total,_Z,Not application,_T,Total,_T,Total,_T,Total,_Z,Not applicable,_Z,Not applicable,V,Current prices,2003,,399.26,,,,,,,,,,,,0,Units,1,One
DATAFLOW,OECD.ELS.HD:DSD_SHA@DF_SHA(1.1),Health expenditure and financing,I,MLT,Malta,A,Annual,EXP_HEALTH,Expenditure,USD_PPP_PS,"US dollars per person, PPP converted",_T,Total,_Z,Not application,_T,Total,_T,Total,_T,Total,_Z,Not applicable,_Z,Not applicable,V,Current prices,2018,,3585.38,,,,,,,,,,,,0,Units,1,One
DATAFLOW,OECD.ELS.HD:DSD_SHA@DF_SHA(1.1),Health expenditure and financing,I,BEL,Belgium,A,Annual,EXP_HEALTH,Expenditure,USD_PPP_PS,"US dollars per person, PPP converted",_T,Total,_Z,Not application,_T,Total,_T,Total,_T,Total,_Z,Not applicable,_Z,Not applicable,V,Current prices,2003,,2901.755,,,,,,B,Time series break,,,,,0,Units,1,One
DATAFLOW,OECD.ELS.HD:DSD_SHA@DF_SHA(1.1),Health expenditure and financing,I,BEL,Belgium,A,Annual,EXP_HEALTH,Expenditure,USD_PPP_PS,"US dollars per person, PPP converted",_T,Total,_Z,Not application,_T,Total,_T,Total,_T,Total,_Z,Not applicable,_Z,Not applicable,V,Current prices,2021,,6549.082,,,,,,,,,,,,0,Units,1,One
DATAFLOW,OECD.ELS.HD:DSD_SHA@DF_SHA(1.1),Health expenditure and financing,I,BEL,Belgium,A,Annual,EXP_HEALTH,Expenditure,USD_PPP_PS,"US dollars per person, PPP converted",_T,Total,_Z,Not application,_T,Total,_T,Total,_T,Total,_Z,Not applicable,_Z,Not applicable,V,Current prices,2020,,6091.262,,,,,,,,,,,,0,Units,1,One
DATAFLOW,OECD.ELS.HD:DSD_SHA@DF_SHA(1.1),Health expenditure and financing,I,FIN,Finland,A,Annual,EXP_HEALTH,Expenditure,USD_PPP_PS,"US dollars per person, PPP converted",_T,Total,_Z,Not application,_T,Total,_T,Total,_T,Total,_Z,Not applicable,_Z,Not applicable,V,Current prices,2010,,3425.148,,,,,,,,,,,,0,Units,1,One
DATAFLOW,OECD.ELS.HD:DSD_SHA@DF_SHA(1.1),Health expenditure and financing,I,FIN,Finland,A,Annual,EXP_HEALTH,Expenditure,USD_PPP_PS,"US dollars per person, PPP converted",_T,Total,_Z,Not application,_T,Total,_T,Total,_T,Total,_Z,Not applicable,_Z,Not applicable,V,Current prices,2013,,3933.236,,,,,,,,,,,,0,Units,1,One
DATAFLOW,OECD.ELS.HD:DSD_SHA@DF_SHA(1.1),Health expenditure and financing,I,FIN,Finland,A,Annual,EXP_HEALTH,Expenditure,USD_PPP_PS,"US dollars per person, PPP converted",_T,Total,_Z,Not application,_T,Total,_T,Total,_T,Total,_Z,Not applicable,_Z,Not applicable,V,Current prices,2012,,3786.188,,,,,,,,,,,,0,Units,1,One
DATAFLOW,OECD.ELS.HD:DSD_SHA@DF_SHA(1.1),Health expenditure and financing,I,FIN,Finland,A,Annual,EXP_HEALTH,Expenditure,USD_PPP_PS,"US dollars per person, PPP converted",_T,Total,_Z,Not application,_T,Total,_T,Total,_T,Total,_Z,Not applicable,_Z,Not applicable,V,Current prices,2021,,5394.731,,,,,,,,,,,,0,Units,1,One
DATAFLOW,OECD.ELS.HD:DSD_SHA@DF_SHA(1.1),Health expenditure and financing,I,FIN,Finland,A,Annual,EXP_HEALTH,Expenditure,USD_PPP_PS,"US dollars per person, PPP converted",_T,Total,_Z,Not application,_T,Total,_T,Total,_T,Total,_Z,Not applicable,_Z,Not applicable,V,Current prices,2019,,4659.76,,,,,,,,,,,,0,Units,1,One
DATAFLOW,OECD.ELS.HD:DSD_SHA@DF_SHA(1.1),Health expenditure and financing,I,FIN,Finland,A,Annual,EXP_HEALTH,Expenditure,USD_PPP_PS,"US dollars per person, PPP converted",_T,Total,_Z,Not application,_T,Total,_T,Total,_T,Total,_Z,Not applicable,_Z,Not applicable,V,Current prices,2025,,6775.237,,,,,,E,Estimated value,,,,,0,Units,1,One
DATAFLOW,OECD.ELS.HD:DSD_SHA@DF_SHA(1.1),Health expenditure and financing,I,FIN,Finland,A,Annual,EXP_HEALTH,Expenditure,USD_PPP_PS,"US dollars per person, PPP converted",_T,Total,_Z,Not application,_T,Total,_T,Total,_T,Total,_Z,Not applicable,_Z,Not applicable,V,Current prices,2023,,6562.965,,,,,,,,,,,,0,Units,1,One
DATAFLOW,OECD.ELS.HD:DSD_SHA@DF_SHA(1.1),Health expenditure and financing,I,FIN,Finland,A,Annual,EXP_HEALTH,Expenditure,USD_PPP_PS,"US dollars per person, PPP converted",_T,Total,_Z,Not application,_T,Total,_T,Total,_T,Total,_Z,Not applicable,_Z,Not applicable,V,Current prices,2003,,2276.224,,,,,,,,,,,,0,Units,1,One
DATAFLOW,OECD.ELS.HD:DSD_SHA@DF_SHA(1.1),Health expenditure and financing,I,FIN,Finland,A,Annual,EXP_HEALTH,Expenditure,USD_PPP_PS,"US dollars per person, PPP converted",_T,Total,_Z,Not application,_T,Total,_T,Total,_T,Total,_Z,Not applicable,_Z,Not applicable,V,Current prices,2004,,2477.926,,,,,,,,,,,,0,Units,1,One
DATAFLOW,OECD.ELS.HD:DSD_SHA@DF_SHA(1.1),Health expenditure and financing,I,FIN,Finland,A,Annual,EXP_HEALTH,Expenditure,USD_PPP_PS,"US dollars per person, PPP converted",_T,Total,_Z,Not application,_T,Total,_T,Total,_T,Total,_Z,Not applicable,_Z,Not applicable,V,Current prices,2024,,6786.265,,,,,,,,,,,,0,Units,1,One
DATAFLOW,OECD.ELS.HD:DSD_SHA@DF_SHA(1.1),Health expenditure and financing,I,FIN,Finland,A,Annual,EXP_HEALTH,Expenditure,USD_PPP_PS,"US dollars per person, PPP converted",_T,Total,_Z,Not application,_T,Total,_T,Total,_T,Total,_Z,Not applicable,_Z,Not applicable,V,Current prices,2002,,2201.215,,,,,,,,,,,,0,Units,1,One
DATAFLOW,OECD.ELS.HD:DSD_SHA@DF_SHA(1.1),Health expenditure and financing,I,FIN,Finland,A,Annual,EXP_HEALTH,Expenditure,USD_PPP_PS,"US dollars per person, PPP converted",_T,Total,_Z,Not application,_T,Total,_T,Total,_T,Total,_Z,Not applicable,_Z,Not applicable,V,Current prices,2022,,5834.019,,,,,,,,,,,,0,Units,1,One
DATAFLOW,OECD.ELS.HD:DSD_SHA@DF_SHA(1.1),Health expenditure and financing,I,FIN,Finland,A,Annual,EXP_HEALTH,Expenditure,USD_PPP_PS,"US dollars per person, PPP converted",_T,Total,_Z,Not application,_T,Total,_T,Total,_T,Total,_Z,Not applicable,_Z,Not applicable,V,Current prices,2007,,3005.173,,,,,,,,,,,,0,Units,1,One
DATAFLOW,OECD.ELS.HD:DSD_SHA@DF_SHA(1.1),Health expenditure and financing,I,FIN,Finland,A,Annual,EXP_HEALTH,Expenditure,USD_PPP_PS,"US dollars per person, PPP converted",_T,Total,_Z,Not application,_T,Total,_T,Total,_T,Total,_Z,Not applicable,_Z,Not applicable,V,Current prices,2005,,2573.5,,,,,,,,,,,,0,Units,1,One
DATAFLOW,OECD.ELS.HD:DSD_SHA@DF_SHA(1.1),Health expenditure and financing,I,FIN,Finland,A,Annual,EXP_HEALTH,Expenditure,USD_PPP_PS,"US dollars per person, PPP converted",_T,Total,_Z,Not application,_T,Total,_T,Total,_T,Total,_Z,Not applicable,_Z,Not applicable,V,Current prices,2006,,2751.399,,,,,,,,,,,,0,Units,1,One
DATAFLOW,OECD.ELS.HD:DSD_SHA@DF_SHA(1.1),Health expenditure and financing,I,FIN,Finland,A,Annual,EXP_HEALTH,Expenditure,USD_PPP_PS,"US dollars per person, PPP converted",_T,Total,_Z,Not application,_T,Total,_T,Total,_T,Total,_Z,Not applicable,_Z,Not applicable,V,Current prices,2009,,3284.719,,,,,,,,,,,,0,Units,1,One
DATAFLOW,OECD.ELS.HD:DSD_SHA@DF_SHA(1.1),Health expenditure and financing,I,FIN,Finland,A,Annual,EXP_HEALTH,Expenditure,USD_PPP_PS,"US dollars per person, PPP converted",_T,Total,_Z,Not application,_T,Total,_T,Total,_T,Total,_Z,Not applicable,_Z,Not applicable,V,Current prices,2008,,3243.775,,,,,,,,,,,,0,Units,1,One
DATAFLOW,OECD.ELS.HD:DSD_SHA@DF_SHA(1.1),Health expenditure and financing,I,FIN,Finland,A,Annual,EXP_HEALTH,Expenditure,USD_PPP_PS,"US dollars per person, PPP converted",_T,Total,_Z,Not application,_T,Total,_T,Total,_T,Total,_Z,Not applicable,_Z,Not applicable,V,Current prices,2014,,3955.755,,,,,,,,,,,,0,Units,1,One
DATAFLOW,OECD.ELS.HD:DSD_SHA@DF_SHA(1.1),Health expenditure and financing,I,FIN,Finland,A,Annual,EXP_HEALTH,Expenditure,USD_PPP_PS,"US dollars per person, PPP converted",_T,Total,_Z,Not application,_T,Total,_T,Total,_T,Total,_Z,Not applicable,_Z,Not applicable,V,Current prices,2016,,4103.554,,,,,,,,,,,,0,Units,1,One
DATAFLOW,OECD.ELS.HD:DSD_SHA@DF_SHA(1.1),Health expenditure and financing,I,FIN,Finland,A,Annual,EXP_HEALTH,Expenditure,USD_PPP_PS,"US dollars per person, PPP converted",_T,Total,_Z,Not application,_T,Total,_T,Total,_T,Total,_Z,Not applicable,_Z,Not applicable,V,Current prices,2018,,4330.443,,,,,,,,,,,,0,Units,1,One
DATAFLOW,OECD.ELS.HD:DSD_SHA@DF_SHA(1.1),Health expenditure and financing,I,FRA,France,A,Annual,EXP_HEALTH,Expenditure,USD_PPP_PS,"US dollars per person, PPP converted",_T,Total,_Z,Not application,_T,Total,_T,Total,_T,Total,_Z,Not applicable,_Z,Not applicable,V,Current prices,2003,,3055.102,,,,,,B,Time series break,,,,,0,Units,1,One
DATAFLOW,OECD.ELS.HD:DSD_SHA@DF_SHA(1.1),Health expenditure and financing,I,FRA,France,A,Annual,EXP_HEALTH,Expenditure,USD_PPP_PS,"US dollars per person, PPP converted",_T,Total,_Z,Not application,_T,Total,_T,Total,_T,Total,_Z,Not applicable,_Z,Not applicable,V,Current prices,2022,,6761.628,,,,,,,,,,,,0,Units,1,One
DATAFLOW,OECD.ELS.HD:DSD_SHA@DF_SHA(1.1),Health expenditure and financing,I,FRA,France,A,Annual,EXP_HEALTH,Expenditure,USD_PPP_PS,"US dollars per person, PPP converted",_T,Total,_Z,Not application,_T,Total,_T,Total,_T,Total,_Z,Not applicable,_Z,Not applicable,V,Current prices,2023,,7165.712,,,,,,,,,,,,0,Units,1,One
DATAFLOW,OECD.ELS.HD:DSD_SHA@DF_SHA(1.1),Health expenditure and financing,I,FRA,France,A,Annual,EXP_HEALTH,Expenditure,USD_PPP_PS,"US dollars per person, PPP converted",_T,Total,_Z,Not application,_T,Total,_T,Total,_T,Total,_Z,Not applicable,_Z,Not applicable,V,Current prices,2006,,3443.264,,,,,,B,Time series break,,,,,0,Units,1,One
DATAFLOW,OECD.ELS.HD:DSD_SHA@DF_SHA(1.1),Health expenditure and financing,I,FRA,France,A,Annual,EXP_HEALTH,Expenditure,USD_PPP_PS,"US dollars per person, PPP converted",_T,Total,_Z,Not application,_T,Total,_T,Total,_T,Total,_Z,Not applicable,_Z,Not applicable,V,Current prices,2025,,7521.952,,,,,,E,Estimated value,,,,,0,Units,1,One
DATAFLOW,OECD.ELS.HD:DSD_SHA@DF_SHA(1.1),Health expenditure and financing,I,FRA,France,A,Annual,EXP_HEALTH,Expenditure,USD_PPP_PS,"US dollars per person, PPP converted",_T,Total,_Z,Not application,_T,Total,_T,Total,_T,Total,_Z,Not applicable,_Z,Not applicable,V,Current prices,2024,,7433.373,,,,,,,,,,,,0,Units,1,One
DATAFLOW,OECD.ELS.HD:DSD_SHA@DF_SHA(1.1),Health expenditure and financing,I,FRA,France,A,Annual,EXP_HEALTH,Expenditure,USD_PPP_PS,"US dollars per person, PPP converted",_T,Total,_Z,Not application,_T,Total,_T,Total,_T,Total,_Z,Not applicable,_Z,Not applicable,V,Current prices,2008,,3729.353,,,,,,,,,,,,0,Units,1,One
DATAFLOW,OECD.ELS.HD:DSD_SHA@DF_SHA(1.1),Health expenditure and financing,I,FRA,France,A,Annual,EXP_HEALTH,Expenditure,USD_PPP_PS,"US dollars per person, PPP converted",_T,Total,_Z,Not application,_T,Total,_T,Total,_T,Total,_Z,Not applicable,_Z,Not applicable,V,Current prices,2007,,3588.514,,,,,,,,,,,,0,Units,1,One
DATAFLOW,OECD.ELS.HD:DSD_SHA@DF_SHA(1.1),Health expenditure and financing,I,FRA,France,A,Annual,EXP_HEALTH,Expenditure,USD_PPP_PS,"US dollars per person, PPP converted",_T,Total,_Z,Not application,_T,Total,_T,Total,_T,Total,_Z,Not applicable,_Z,Not applicable,V,Current prices,2005,,3264.574,,,,,,,,,,,,0,Units,1,One
DATAFLOW,OECD.ELS.HD:DSD_SHA@DF_SHA(1.1),Health expenditure and financing,I,FRA,France,A,Annual,EXP_HEALTH,Expenditure,USD_PPP_PS,"US dollars per person, PPP converted",_T,Total,_Z,Not application,_T,Total,_T,Total,_T,Total,_Z,Not applicable,_Z,Not applicable,V,Current prices,2004,,3169.942,,,,,,,,,,,,0,Units,1,One
DATAFLOW,OECD.ELS.HD:DSD_SHA@DF_SHA(1.1),Health expenditure and financing,I,FRA,France,A,Annual,EXP_HEALTH,Expenditure,USD_PPP_PS,"US dollars per person, PPP converted",_T,Total,_Z,Not application,_T,Total,_T,Total,_T,Total,_Z,Not applicable,_Z,Not applicable,V,Current prices,2002,,3152.016,,,,,,,,,,,,0,Units,1,One
DATAFLOW,OECD.ELS.HD:DSD_SHA@DF_SHA(1.1),Health expenditure and financing,I,FRA,France,A,Annual,EXP_HEALTH,Expenditure,USD_PPP_PS,"US dollars per person, PPP converted",_T,Total,_Z,Not application,_T,Total,_T,Total,_T,Total,_Z,Not applicable,_Z,Not applicable,V,Current prices,2001,,2875.765,,,,,,,,,,,,0,Units,1,One
DATAFLOW,OECD.ELS.HD:DSD_SHA@DF_SHA(1.1),Health expenditure and financing,I,FRA,France,A,Annual,EXP_HEALTH,Expenditure,USD_PPP_PS,"US dollars per person, PPP converted",_T,Total,_Z,Not application,_T,Total,_T,Total,_T,Total,_Z,Not applicable,_Z,Not applicable,V,Current prices,2000,,2688.047,,,,,,,,,,,,0,Units,1,One
DATAFLOW,OECD.ELS.HD:DSD_SHA@DF_SHA(1.1),Health expenditure and financing,I,FRA,France,A,Annual,EXP_HEALTH,Expenditure,USD_PPP_PS,"US dollars per person, PPP converted",_T,Total,_Z,Not application,_T,Total,_T,Total,_T,Total,_Z,Not applicable,_Z,Not applicable,V,Current prices,2014,,4558.191,,,,,,,,,,,,0,Units,1,One
DATAFLOW,OECD.ELS.HD:DSD_SHA@DF_SHA(1.1),Health expenditure and financing,I,FRA,France,A,Annual,EXP_HEALTH,Expenditure,USD_PPP_PS,"US dollars per person, PPP converted",_T,Total,_Z,Not application,_T,Total,_T,Total,_T,Total,_Z,Not applicable,_Z,Not applicable,V,Current prices,2015,,4607.219,,,,,,,,,,,,0,Units,1,One
DATAFLOW,OECD.ELS.HD:DSD_SHA@DF_SHA(1.1),Health expenditure and financing,I,FRA,France,A,Annual,EXP_HEALTH,Expenditure,USD_PPP_PS,"US dollars per person, PPP converted",_T,Total,_Z,Not application,_T,Total,_T,Total,_T,Total,_Z,Not applicable,_Z,Not applicable,V,Current prices,2011,,4090.696,,,,,,,,,,,,0,Units,1,One
DATAFLOW,OECD.ELS.HD:DSD_SHA@DF_SHA(1.1),Health expenditure and financing,I,FRA,France,A,Annual,EXP_HEALTH,Expenditure,USD_PPP_PS,"US dollars per person, PPP converted",_T,Total,_Z,Not application,_T,Total,_T,Total,_T,Total,_Z,Not applicable,_Z,Not applicable,V,Current prices,2009,,3884.7,,,,,,,,,,,,0,Units,1,One
DATAFLOW,OECD.ELS.HD:DSD_SHA@DF_SHA(1.1),Health expenditure and financing,I,FRA,France,A,Annual,EXP_HEALTH,Expenditure,USD_PPP_PS,"US dollars per person, PPP converted",_T,Total,_Z,Not application,_T,Total,_T,Total,_T,Total,_Z,Not applicable,_Z,Not applicable,V,Current prices,2013,,4490.32,,,,,,,,,,,,0,Units,1,One
DATAFLOW,OECD.ELS.HD:DSD_SHA@DF_SHA(1.1),Health expenditure and financing,I,FRA,France,A,Annual,EXP_HEALTH,Expenditure,USD_PPP_PS,"US dollars per person, PPP converted",_T,Total,_Z,Not application,_T,Total,_T,Total,_T,Total,_Z,Not applicable,_Z,Not applicable,V,Current prices,2012,,4225.235,,,,,,,,,,,,0,Units,1,One
DATAFLOW,OECD.ELS.HD:DSD_SHA@DF_SHA(1.1),Health expenditure and financing,I,FRA,France,A,Annual,EXP_HEALTH,Expenditure,USD_PPP_PS,"US dollars per person, PPP converted",_T,Total,_Z,Not application,_T,Total,_T,Total,_T,Total,_Z,Not applicable,_Z,Not applicable,V,Current prices,2010,,3970.767,,,,,,B,Time series break,,,,,0,Units,1,One
DATAFLOW,OECD.ELS.HD:DSD_SHA@DF_SHA(1.1),Health expenditure and financing,I,FRA,France,A,Annual,EXP_HEALTH,Expenditure,USD_PPP_PS,"US dollars per person, PPP converted",_T,Total,_Z,Not application,_T,Total,_T,Total,_T,Total,_Z,Not applicable,_Z,Not applicable,V,Current prices,2017,,4944.338,,,,,,,,,,,,0,Units,1,One
DATAFLOW,OECD.ELS.HD:DSD_SHA@DF_SHA(1.1),Health expenditure and financing,I,FRA,France,A,Annual,EXP_HEALTH,Expenditure,USD_PPP_PS,"US dollars per person, PPP converted",_T,Total,_Z,Not application,_T,Total,_T,Total,_T,Total,_Z,Not applicable,_Z,Not applicable,V,Current prices,2016,,4863.273,,,,,,,,,,,,0,Units,1,One
DATAFLOW,OECD.ELS.HD:DSD_SHA@DF_SHA(1.1),Health expenditure and financing,I,FRA,France,A,Annual,EXP_HEALTH,Expenditure,USD_PPP_PS,"US dollars per person, PPP converted",_T,Total,_Z,Not application,_T,Total,_T,Total,_T,Total,_Z,Not applicable,_Z,Not applicable,V,Current prices,2021,,6300.431,,,,,,,,,,,,0,Units,1,One
DATAFLOW,OECD.ELS.HD:DSD_SHA@DF_SHA(1.1),Health expenditure and financing,I,FRA,France,A,Annual,EXP_HEALTH,Expenditure,USD_PPP_PS,"US dollars per person, PPP converted",_T,Total,_Z,Not application,_T,Total,_T,Total,_T,Total,_Z,Not applicable,_Z,Not applicable,V,Current prices,2020,,5770.47,,,,,,,,,,,,0,Units,1,One
DATAFLOW,OECD.ELS.HD:DSD_SHA@DF_SHA(1.1),Health expenditure and financing,I,FRA,France,A,Annual,EXP_HEALTH,Expenditure,USD_PPP_PS,"US dollars per person, PPP converted",_T,Total,_Z,Not application,_T,Total,_T,Total,_T,Total,_Z,Not applicable,_Z,Not applicable,V,Current prices,2019,,5433.728,,,,,,,,,,,,0,Units,1,One
DATAFLOW,OECD.ELS.HD:DSD_SHA@DF_SHA(1.1),Health expenditure and financing,I,DEU,Germany,A,Annual,EXP_HEALTH,Expenditure,USD_PPP_PS,"US dollars per person, PPP converted",_T,Total,_Z,Not application,_T,Total,_T,Total,_T,Total,_Z,Not applicable,_Z,Not applicable,V,Current prices,2019,,6785.384,,,,,,,,,,,,0,Units,1,One
DATAFLOW,OECD.ELS.HD:DSD_SHA@DF_SHA(1.1),Health expenditure and financing,I,DEU,Germany,A,Annual,EXP_HEALTH,Expenditure,USD_PPP_PS,"US dollars per person, PPP converted",_T,Total,_Z,Not application,_T,Total,_T,Total,_T,Total,_Z,Not applicable,_Z,Not applicable,V,Current prices,2024,,9584.343,,,,,,,,,,,,0,Units,1,One
DATAFLOW,OECD.ELS.HD:DSD_SHA@DF_SHA(1.1),Health expenditure and financing,I,DEU,Germany,A,Annual,EXP_HEALTH,Expenditure,USD_PPP_PS,"US dollars per person, PPP converted",_T,Total,_Z,Not application,_T,Total,_T,Total,_T,Total,_Z,Not applicable,_Z,Not applicable,V,Current prices,2004,,3378.185,,,,,,,,,,,,0,Units,1,One
DATAFLOW,OECD.ELS.HD:DSD_SHA@DF_SHA(1.1),Health expenditure and financing,I,DEU,Germany,A,Annual,EXP_HEALTH,Expenditure,USD_PPP_PS,"US dollars per person, PPP converted",_T,Total,_Z,Not application,_T,Total,_T,Total,_T,Total,_Z,Not applicable,_Z,Not applicable,V,Current prices,2018,,6247.099,,,,,,,,,,,,0,Units,1,One
DATAFLOW,OECD.ELS.HD:DSD_SHA@DF_SHA(1.1),Health expenditure and financing,I,DEU,Germany,A,Annual,EXP_HEALTH,Expenditure,USD_PPP_PS,"US dollars per person, PPP converted",_T,Total,_Z,Not application,_T,Total,_T,Total,_T,Total,_Z,Not applicable,_Z,Not applicable,V,Current prices,2022,,8792.414,,,,,,,,,,,,0,Units,1,One
DATAFLOW,OECD.ELS.HD:DSD_SHA@DF_SHA(1.1),Health expenditure and financing,I,DEU,Germany,A,Annual,EXP_HEALTH,Expenditure,USD_PPP_PS,"US dollars per person, PPP converted",_T,Total,_Z,Not application,_T,Total,_T,Total,_T,Total,_Z,Not applicable,_Z,Not applicable,V,Current prices,2002,,3227.222,,,,,,,,,,,,0,Units,1,One
DATAFLOW,OECD.ELS.HD:DSD_SHA@DF_SHA(1.1),Health expenditure and financing,I,DEU,Germany,A,Annual,EXP_HEALTH,Expenditure,USD_PPP_PS,"US dollars per person, PPP converted",_T,Total,_Z,Not application,_T,Total,_T,Total,_T,Total,_Z,Not applicable,_Z,Not applicable,V,Current prices,2001,,2998.924,,,,,,,,,,,,0,Units,1,One
DATAFLOW,OECD.ELS.HD:DSD_SHA@DF_SHA(1.1),Health expenditure and financing,I,DEU,Germany,A,Annual,EXP_HEALTH,Expenditure,USD_PPP_PS,"US dollars per person, PPP converted",_T,Total,_Z,Not application,_T,Total,_T,Total,_T,Total,_Z,Not applicable,_Z,Not applicable,V,Current prices,2000,,2886.244,,,,,,,,,,,,0,Units,1,One
DATAFLOW,OECD.ELS.HD:DSD_SHA@DF_SHA(1.1),Health expenditure and financing,I,DEU,Germany,A,Annual,EXP_HEALTH,Expenditure,USD_PPP_PS,"US dollars per person, PPP converted",_T,Total,_Z,Not application,_T,Total,_T,Total,_T,Total,_Z,Not applicable,_Z,Not applicable,V,Current prices,2016,,5645.607,,,,,,,,,,,,0,Units,1,One
DATAFLOW,OECD.ELS.HD:DSD_SHA@DF_SHA(1.1),Health expenditure and financing,I,DEU,Germany,A,Annual,EXP_HEALTH,Expenditure,USD_PPP_PS,"US dollars per person, PPP converted",_T,Total,_Z,Not application,_T,Total,_T,Total,_T,Total,_Z,Not applicable,_Z,Not applicable,V,Current prices,2017,,5940.117,,,,,,,,,,,,0,Units,1,One
DATAFLOW,OECD.ELS.HD:DSD_SHA@DF_SHA(1.1),Health expenditure and financing,I,DEU,Germany,A,Annual,EXP_HEALTH,Expenditure,USD_PPP_PS,"US dollars per person, PPP converted",_T,Total,_Z,Not application,_T,Total,_T,Total,_T,Total,_Z,Not applicable,_Z,Not applicable,V,Current prices,2015,,5274.178,,,,,,,,,,,,0,Units,1,One
DATAFLOW,OECD.ELS.HD:DSD_SHA@DF_SHA(1.1),Health expenditure and financing,I,DEU,Germany,A,Annual,EXP_HEALTH,Expenditure,USD_PPP_PS,"US dollars per person, PPP converted",_T,Total,_Z,Not application,_T,Total,_T,Total,_T,Total,_Z,Not applicable,_Z,Not applicable,V,Current prices,2005,,3416.844,,,,,,,,,,,,0,Units,1,One
DATAFLOW,OECD.ELS.HD:DSD_SHA@DF_SHA(1.1),Health expenditure and financing,I,DEU,Germany,A,Annual,EXP_HEALTH,Expenditure,USD_PPP_PS,"US dollars per person, PPP converted",_T,Total,_Z,Not application,_T,Total,_T,Total,_T,Total,_Z,Not applicable,_Z,Not applicable,V,Current prices,2023,,8927.4,,,,,,,,,,,,0,Units,1,One
DATAFLOW,OECD.ELS.HD:DSD_SHA@DF_SHA(1.1),Health expenditure and financing,I,DEU,Germany,A,Annual,EXP_HEALTH,Expenditure,USD_PPP_PS,"US dollars per person, PPP converted",_T,Total,_Z,Not application,_T,Total,_T,Total,_T,Total,_Z,Not applicable,_Z,Not applicable,V,Current prices,2003,,3313.961,,,,,,,,,,,,0,Units,1,One
DATAFLOW,OECD.ELS.HD:DSD_SHA@DF_SHA(1.1),Health expenditure and financing,I,DEU,Germany,A,Annual,EXP_HEALTH,Expenditure,USD_PPP_PS,"US dollars per person, PPP converted",_T,Total,_Z,Not application,_T,Total,_T,Total,_T,Total,_Z,Not applicable,_Z,Not applicable,V,Current prices,2025,,10115.728,,,,,,P,Provisional value,,,,,0,Units,1,One
DATAFLOW,OECD.ELS.HD:DSD_SHA@DF_SHA(1.1),Health expenditure and financing,I,DEU,Germany,A,Annual,EXP_HEALTH,Expenditure,USD_PPP_PS,"US dollars per person, PPP converted",_T,Total,_Z,Not application,_T,Total,_T,Total,_T,Total,_Z,Not applicable,_Z,Not applicable,V,Current prices,2009,,4144.834,,,,,,,,,,,,0,Units,1,One
DATAFLOW,OECD.ELS.HD:DSD_SHA@DF_SHA(1.1),Health expenditure and financing,I,DEU,Germany,A,Annual,EXP_HEALTH,Expenditure,USD_PPP_PS,"US dollars per person, PPP converted",_T,Total,_Z,Not application,_T,Total,_T,Total,_T,Total,_Z,Not applicable,_Z,Not applicable,V,Current prices,2006,,3549.342,,,,,,,,,,,,0,Units,1,One
DATAFLOW,OECD.ELS.HD:DSD_SHA@DF_SHA(1.1),Health expenditure and financing,I,DEU,Germany,A,Annual,EXP_HEALTH,Expenditure,USD_PPP_PS,"US dollars per person, PPP converted",_T,Total,_Z,Not application,_T,Total,_T,Total,_T,Total,_Z,Not applicable,_Z,Not applicable,V,Current prices,2007,,3732.965,,,,,,,,,,,,0,Units,1,One
DATAFLOW,OECD.ELS.HD:DSD_SHA@DF_SHA(1.1),Health expenditure and financing,I,DEU,Germany,A,Annual,EXP_HEALTH,Expenditure,USD_PPP_PS,"US dollars per person, PPP converted",_T,Total,_Z,Not application,_T,Total,_T,Total,_T,Total,_Z,Not applicable,_Z,Not applicable,V,Current prices,2008,,3936.137,,,,,,,,,,,,0,Units,1,One
DATAFLOW,OECD.ELS.HD:DSD_SHA@DF_SHA(1.1),Health expenditure and financing,I,DEU,Germany,A,Annual,EXP_HEALTH,Expenditure,USD_PPP_PS,"US dollars per person, PPP converted",_T,Total,_Z,Not application,_T,Total,_T,Total,_T,Total,_Z,Not applicable,_Z,Not applicable,V,Current prices,2010,,4401.724,,,,,,,,,,,,0,Units,1,One
DATAFLOW,OECD.ELS.HD:DSD_SHA@DF_SHA(1.1),Health expenditure and financing,I,DEU,Germany,A,Annual,EXP_HEALTH,Expenditure,USD_PPP_PS,"US dollars per person, PPP converted",_T,Total,_Z,Not application,_T,Total,_T,Total,_T,Total,_Z,Not applicable,_Z,Not applicable,V,Current prices,2012,,4724.81,,,,,,,,,,,,0,Units,1,One
DATAFLOW,OECD.ELS.HD:DSD_SHA@DF_SHA(1.1),Health expenditure and financing,I,DEU,Germany,A,Annual,EXP_HEALTH,Expenditure,USD_PPP_PS,"US dollars per person, PPP converted",_T,Total,_Z,Not application,_T,Total,_T,Total,_T,Total,_Z,Not applicable,_Z,Not applicable,V,Current prices,2011,,4547.394,,,,,,,,,,,,0,Units,1,One
DATAFLOW,OECD.ELS.HD:DSD_SHA@DF_SHA(1.1),Health expenditure and financing,I,DEU,Germany,A,Annual,EXP_HEALTH,Expenditure,USD_PPP_PS,"US dollars per person, PPP converted",_T,Total,_Z,Not application,_T,Total,_T,Total,_T,Total,_Z,Not applicable,_Z,Not applicable,V,Current prices,2014,,5132.263,,,,,,,,,,,,0,Units,1,One
DATAFLOW,OECD.ELS.HD:DSD_SHA@DF_SHA(1.1),Health expenditure and financing,I,DEU,Germany,A,Annual,EXP_HEALTH,Expenditure,USD_PPP_PS,"US dollars per person, PPP converted",_T,Total,_Z,Not application,_T,Total,_T,Total,_T,Total,_Z,Not applicable,_Z,Not applicable,V,Current prices,2013,,4932.973,,,,,,,,,,,,0,Units,1,One
DATAFLOW,OECD.ELS.HD:DSD_SHA@DF_SHA(1.1),Health expenditure and financing,I,AUS,Australia,A,Annual,EXP_HEALTH,Expenditure,USD_PPP_PS,"US dollars per person, PPP converted",_T,Total,_Z,Not application,_T,Total,_T,Total,_T,Total,_Z,Not applicable,_Z,Not applicable,V,Current prices,2023,,7574.073,,,,,,,,,,,,0,Units,1,One
DATAFLOW,OECD.ELS.HD:DSD_SHA@DF_SHA(1.1),Health expenditure and financing,I,AUS,Australia,A,Annual,EXP_HEALTH,Expenditure,USD_PPP_PS,"US dollars per person, PPP converted",_T,Total,_Z,Not application,_T,Total,_T,Total,_T,Total,_Z,Not applicable,_Z,Not applicable,V,Current prices,2022,,6982.292,,,,,,,,,,,,0,Units,1,One
DATAFLOW,OECD.ELS.HD:DSD_SHA@DF_SHA(1.1),Health expenditure and financing,I,AUS,Australia,A,Annual,EXP_HEALTH,Expenditure,USD_PPP_PS,"US dollars per person, PPP converted",_T,Total,_Z,Not application,_T,Total,_T,Total,_T,Total,_Z,Not applicable,_Z,Not applicable,V,Current prices,2024,,7884.927,,,,,,E,Estimated value,,,,,0,Units,1,One
DATAFLOW,OECD.ELS.HD:DSD_SHA@DF_SHA(1.1),Health expenditure and financing,I,AUS,Australia,A,Annual,EXP_HEALTH,Expenditure,USD_PPP_PS,"US dollars per person, PPP converted",_T,Total,_Z,Not application,_T,Total,_T,Total,_T,Total,_Z,Not applicable,_Z,Not applicable,V,Current prices,2008,,3350.144,,,,,,D,Definition differs,,,,,0,Units,1,One
DATAFLOW,OECD.ELS.HD:DSD_SHA@DF_SHA(1.1),Health expenditure and financing,I,CHL,Chile,A,Annual,EXP_HEALTH,Expenditure,USD_PPP_PS,"US dollars per person, PPP converted",_T,Total,_Z,Not application,_T,Total,_T,Total,_T,Total,_Z,Not applicable,_Z,Not applicable,V,Current prices,2015,,1833.552,,,,,,,,,,,,0,Units,1,One
DATAFLOW,OECD.ELS.HD:DSD_SHA@DF_SHA(1.1),Health expenditure and financing,I,CHL,Chile,A,Annual,EXP_HEALTH,Expenditure,USD_PPP_PS,"US dollars per person, PPP converted",_T,Total,_Z,Not application,_T,Total,_T,Total,_T,Total,_Z,Not applicable,_Z,Not applicable,V,Current prices,2019,,2389.441,,,,,,,,,,,,0,Units,1,One
DATAFLOW,OECD.ELS.HD:DSD_SHA@DF_SHA(1.1),Health expenditure and financing,I,CHL,Chile,A,Annual,EXP_HEALTH,Expenditure,USD_PPP_PS,"US dollars per person, PPP converted",_T,Total,_Z,Not application,_T,Total,_T,Total,_T,Total,_Z,Not applicable,_Z,Not applicable,V,Current prices,2022,,3130.127,,,,,,,,,,,,0,Units,1,One
DATAFLOW,OECD.ELS.HD:DSD_SHA@DF_SHA(1.1),Health expenditure and financing,I,CHL,Chile,A,Annual,EXP_HEALTH,Expenditure,USD_PPP_PS,"US dollars per person, PPP converted",_T,Total,_Z,Not application,_T,Total,_T,Total,_T,Total,_Z,Not applicable,_Z,Not applicable,V,Current prices,2020,,2489.426,,,,,,,,,,,,0,Units,1,One
DATAFLOW,OECD.ELS.HD:DSD_SHA@DF_SHA(1.1),Health expenditure and financing,I,CHL,Chile,A,Annual,EXP_HEALTH,Expenditure,USD_PPP_PS,"US dollars per person, PPP converted",_T,Total,_Z,Not application,_T,Total,_T,Total,_T,Total,_Z,Not applicable,_Z,Not applicable,V,Current prices,2021,,2848.285,,,,,,,,,,,,0,Units,1,One
DATAFLOW,OECD.ELS.HD:DSD_SHA@DF_SHA(1.1),Health expenditure and financing,I,CHL,Chile,A,Annual,EXP_HEALTH,Expenditure,USD_PPP_PS,"US dollars per person, PPP converted",_T,Total,_Z,Not application,_T,Total,_T,Total,_T,Total,_Z,Not applicable,_Z,Not applicable,V,Current prices,2024,,4002.955,,,,,,,,,,,,0,Units,1,One
DATAFLOW,OECD.ELS.HD:DSD_SHA@DF_SHA(1.1),Health expenditure and financing,I,CHL,Chile,A,Annual,EXP_HEALTH,Expenditure,USD_PPP_PS,"US dollars per person, PPP converted",_T,Total,_Z,Not application,_T,Total,_T,Total,_T,Total,_Z,Not applicable,_Z,Not applicable,V,Current prices,2025,,4095.044,,,,,,P,Provisional value,,,,,0,Units,1,One
DATAFLOW,OECD.ELS.HD:DSD_SHA@DF_SHA(1.1),Health expenditure and financing,I,AUS,Australia,A,Annual,EXP_HEALTH,Expenditure,USD_PPP_PS,"US dollars per person, PPP converted",_T,Total,_Z,Not application,_T,Total,_T,Total,_T,Total,_Z,Not applicable,_Z,Not applicable,V,Current prices,2013,,4087.849,,,,,,D,Definition differs,,,,,0,Units,1,One
DATAFLOW,OECD.ELS.HD:DSD_SHA@DF_SHA(1.1),Health expenditure and financing,I,AUS,Australia,A,Annual,EXP_HEALTH,Expenditure,USD_PPP_PS,"US dollars per person, PPP converted",_T,Total,_Z,Not application,_T,Total,_T,Total,_T,Total,_Z,Not applicable,_Z,Not applicable,V,Current prices,2012,,3854.19,,,,,,D,Definition differs,,,,,0,Units,1,One
DATAFLOW,OECD.ELS.HD:DSD_SHA@DF_SHA(1.1),Health expenditure and financing,I,CHL,Chile,A,Annual,EXP_HEALTH,Expenditure,USD_PPP_PS,"US dollars per person, PPP converted",_T,Total,_Z,Not application,_T,Total,_T,Total,_T,Total,_Z,Not applicable,_Z,Not applicable,V,Current prices,2014,,1754.988,,,,,,,,,,,,0,Units,1,One
DATAFLOW,OECD.ELS.HD:DSD_SHA@DF_SHA(1.1),Health expenditure and financing,I,CHL,Chile,A,Annual,EXP_HEALTH,Expenditure,USD_PPP_PS,"US dollars per person, PPP converted",_T,Total,_Z,Not application,_T,Total,_T,Total,_T,Total,_Z,Not applicable,_Z,Not applicable,V,Current prices,2013,,1658.112,,,,,,,,,,,,0,Units,1,One
DATAFLOW,OECD.ELS.HD:DSD_SHA@DF_SHA(1.1),Health expenditure and financing,I,CHL,Chile,A,Annual,EXP_HEALTH,Expenditure,USD_PPP_PS,"US dollars per person, PPP converted",_T,Total,_Z,Not application,_T,Total,_T,Total,_T,Total,_Z,Not applicable,_Z,Not applicable,V,Current prices,2012,,1485.284,,,,,,,,,,,,0,Units,1,One
DATAFLOW,OECD.ELS.HD:DSD_SHA@DF_SHA(1.1),Health expenditure and financing,I,CHL,Chile,A,Annual,EXP_HEALTH,Expenditure,USD_PPP_PS,"US dollars per person, PPP converted",_T,Total,_Z,Not application,_T,Total,_T,Total,_T,Total,_Z,Not applicable,_Z,Not applicable,V,Current prices,2011,,1355.452,,,,,,,,,,,,0,Units,1,One
DATAFLOW,OECD.ELS.HD:DSD_SHA@DF_SHA(1.1),Health expenditure and financing,I,CHL,Chile,A,Annual,EXP_HEALTH,Expenditure,USD_PPP_PS,"US dollars per person, PPP converted",_T,Total,_Z,Not application,_T,Total,_T,Total,_T,Total,_Z,Not applicable,_Z,Not applicable,V,Current prices,2010,,1254.254,,,,,,,,,,,,0,Units,1,One
DATAFLOW,OECD.ELS.HD:DSD_SHA@DF_SHA(1.1),Health expenditure and financing,I,CHL,Chile,A,Annual,EXP_HEALTH,Expenditure,USD_PPP_PS,"US dollars per person, PPP converted",_T,Total,_Z,Not application,_T,Total,_T,Total,_T,Total,_Z,Not applicable,_Z,Not applicable,V,Current prices,2008,,1129.411,,,,,,,,,,,,0,Units,1,One
DATAFLOW,OECD.ELS.HD:DSD_SHA@DF_SHA(1.1),Health expenditure and financing,I,ISL,Iceland,A,Annual,EXP_HEALTH,Expenditure,USD_PPP_PS,"US dollars per person, PPP converted",_T,Total,_Z,Not application,_T,Total,_T,Total,_T,Total,_Z,Not applicable,_Z,Not applicable,V,Current prices,2013,,3519.915,,,,,,,,,,,,0,Units,1,One
DATAFLOW,OECD.ELS.HD:DSD_SHA@DF_SHA(1.1),Health expenditure and financing,I,ISL,Iceland,A,Annual,EXP_HEALTH,Expenditure,USD_PPP_PS,"US dollars per person, PPP converted",_T,Total,_Z,Not application,_T,Total,_T,Total,_T,Total,_Z,Not applicable,_Z,Not applicable,V,Current prices,2012,,3419.828,,,,,,,,,,,,0,Units,1,One
DATAFLOW,OECD.ELS.HD:DSD_SHA@DF_SHA(1.1),Health expenditure and financing,I,ISL,Iceland,A,Annual,EXP_HEALTH,Expenditure,USD_PPP_PS,"US dollars per person, PPP converted",_T,Total,_Z,Not application,_T,Total,_T,Total,_T,Total,_Z,Not applicable,_Z,Not applicable,V,Current prices,2011,,3333.712,,,,,,,,,,,,0,Units,1,One
DATAFLOW,OECD.ELS.HD:DSD_SHA@DF_SHA(1.1),Health expenditure and financing,I,ISL,Iceland,A,Annual,EXP_HEALTH,Expenditure,USD_PPP_PS,"US dollars per person, PPP converted",_T,Total,_Z,Not application,_T,Total,_T,Total,_T,Total,_Z,Not applicable,_Z,Not applicable,V,Current prices,2010,,3262.452,,,,,,,,,,,,0,Units,1,One
DATAFLOW,OECD.ELS.HD:DSD_SHA@DF_SHA(1.1),Health expenditure and financing,I,ISL,Iceland,A,Annual,EXP_HEALTH,Expenditure,USD_PPP_PS,"US dollars per person, PPP converted",_T,Total,_Z,Not application,_T,Total,_T,Total,_T,Total,_Z,Not applicable,_Z,Not applicable,V,Current prices,2000,,2659.447,,,,,,B,Time series break,,,,,0,Units,1,One
DATAFLOW,OECD.ELS.HD:DSD_SHA@DF_SHA(1.1),Health expenditure and financing,I,ISL,Iceland,A,Annual,EXP_HEALTH,Expenditure,USD_PPP_PS,"US dollars per person, PPP converted",_T,Total,_Z,Not application,_T,Total,_T,Total,_T,Total,_Z,Not applicable,_Z,Not applicable,V,Current prices,2025,,7135.163,,,,,,P,Provisional value,,,,,0,Units,1,One
DATAFLOW,OECD.ELS.HD:DSD_SHA@DF_SHA(1.1),Health expenditure and financing,I,ISL,Iceland,A,Annual,EXP_HEALTH,Expenditure,USD_PPP_PS,"US dollars per person, PPP converted",_T,Total,_Z,Not application,_T,Total,_T,Total,_T,Total,_Z,Not applicable,_Z,Not applicable,V,Current prices,2017,,4142.909,,,,,,,,,,,,0,Units,1,One
DATAFLOW,OECD.ELS.HD:DSD_SHA@DF_SHA(1.1),Health expenditure and financing,I,ISL,Iceland,A,Annual,EXP_HEALTH,Expenditure,USD_PPP_PS,"US dollars per person, PPP converted",_T,Total,_Z,Not application,_T,Total,_T,Total,_T,Total,_Z,Not applicable,_Z,Not applicable,V,Current prices,2016,,3967.963,,,,,,,,,,,,0,Units,1,One
DATAFLOW,OECD.ELS.HD:DSD_SHA@DF_SHA(1.1),Health expenditure and financing,I,ISL,Iceland,A,Annual,EXP_HEALTH,Expenditure,USD_PPP_PS,"US dollars per person, PPP converted",_T,Total,_Z,Not application,_T,Total,_T,Total,_T,Total,_Z,Not applicable,_Z,Not applicable,V,Current prices,2024,,7013.286,,,,,,,,,,,,0,Units,1,One
DATAFLOW,OECD.ELS.HD:DSD_SHA@DF_SHA(1.1),Health expenditure and financing,I,ISL,Iceland,A,Annual,EXP_HEALTH,Expenditure,USD_PPP_PS,"US dollars per person, PPP converted",_T,Total,_Z,Not application,_T,Total,_T,Total,_T,Total,_Z,Not applicable,_Z,Not applicable,V,Current prices,2023,,6493.054,,,,,,,,,,,,0,Units,1,One
DATAFLOW,OECD.ELS.HD:DSD_SHA@DF_SHA(1.1),Health expenditure and financing,I,ISL,Iceland,A,Annual,EXP_HEALTH,Expenditure,USD_PPP_PS,"US dollars per person, PPP converted",_T,Total,_Z,Not application,_T,Total,_T,Total,_T,Total,_Z,Not applicable,_Z,Not applicable,V,Current prices,2022,,6137.699,,,,,,,,,,,,0,Units,1,One
DATAFLOW,OECD.ELS.HD:DSD_SHA@DF_SHA(1.1),Health expenditure and financing,I,ISL,Iceland,A,Annual,EXP_HEALTH,Expenditure,USD_PPP_PS,"US dollars per person, PPP converted",_T,Total,_Z,Not application,_T,Total,_T,Total,_T,Total,_Z,Not applicable,_Z,Not applicable,V,Current prices,2021,,5555.612,,,,,,,,,,,,0,Units,1,One
DATAFLOW,OECD.ELS.HD:DSD_SHA@DF_SHA(1.1),Health expenditure and financing,I,ISL,Iceland,A,Annual,EXP_HEALTH,Expenditure,USD_PPP_PS,"US dollars per person, PPP converted",_T,Total,_Z,Not application,_T,Total,_T,Total,_T,Total,_Z,Not applicable,_Z,Not applicable,V,Current prices,2020,,5010.877,,,,,,,,,,,,0,Units,1,One
DATAFLOW,OECD.ELS.HD:DSD_SHA@DF_SHA(1.1),Health expenditure and financing,I,ISL,Iceland,A,Annual,EXP_HEALTH,Expenditure,USD_PPP_PS,"US dollars per person, PPP converted",_T,Total,_Z,Not application,_T,Total,_T,Total,_T,Total,_Z,Not applicable,_Z,Not applicable,V,Current prices,2019,,4634.479,,,,,,,,,,,,0,Units,1,One
DATAFLOW,OECD.ELS.HD:DSD_SHA@DF_SHA(1.1),Health expenditure and financing,I,ISL,Iceland,A,Annual,EXP_HEALTH,Expenditure,USD_PPP_PS,"US dollars per person, PPP converted",_T,Total,_Z,Not application,_T,Total,_T,Total,_T,Total,_Z,Not applicable,_Z,Not applicable,V,Current prices,2018,,4265.976,,,,,,,,,,,,0,Units,1,One
DATAFLOW,OECD.ELS.HD:DSD_SHA@DF_SHA(1.1),Health expenditure and financing,I,ISL,Iceland,A,Annual,EXP_HEALTH,Expenditure,USD_PPP_PS,"US dollars per person, PPP converted",_T,Total,_Z,Not application,_T,Total,_T,Total,_T,Total,_Z,Not applicable,_Z,Not applicable,V,Current prices,2003,,3108.905,,,,,,,,,,,,0,Units,1,One
DATAFLOW,OECD.ELS.HD:DSD_SHA@DF_SHA(1.1),Health expenditure and financing,I,ISL,Iceland,A,Annual,EXP_HEALTH,Expenditure,USD_PPP_PS,"US dollars per person, PPP converted",_T,Total,_Z,Not application,_T,Total,_T,Total,_T,Total,_Z,Not applicable,_Z,Not applicable,V,Current prices,2007,,3560.703,,,,,,,,,,,,0,Units,1,One
DATAFLOW,OECD.ELS.HD:DSD_SHA@DF_SHA(1.1),Health expenditure and financing,I,ISL,Iceland,A,Annual,EXP_HEALTH,Expenditure,USD_PPP_PS,"US dollars per person, PPP converted",_T,Total,_Z,Not application,_T,Total,_T,Total,_T,Total,_Z,Not applicable,_Z,Not applicable,V,Current prices,2002,,3057.131,,,,,,,,,,,,0,Units,1,One
DATAFLOW,OECD.ELS.HD:DSD_SHA@DF_SHA(1.1),Health expenditure and financing,I,ISL,Iceland,A,Annual,EXP_HEALTH,Expenditure,USD_PPP_PS,"US dollars per person, PPP converted",_T,Total,_Z,Not application,_T,Total,_T,Total,_T,Total,_Z,Not applicable,_Z,Not applicable,V,Current prices,2006,,3393.064,,,,,,,,,,,,0,Units,1,One
DATAFLOW,OECD.ELS.HD:DSD_SHA@DF_SHA(1.1),Health expenditure and financing,I,ISL,Iceland,A,Annual,EXP_HEALTH,Expenditure,USD_PPP_PS,"US dollars per person, PPP converted",_T,Total,_Z,Not application,_T,Total,_T,Total,_T,Total,_Z,Not applicable,_Z,Not applicable,V,Current prices,2005,,3281.175,,,,,,,,,,,,0,Units,1,One
DATAFLOW,OECD.ELS.HD:DSD_SHA@DF_SHA(1.1),Health expenditure and financing,I,ISL,Iceland,A,Annual,EXP_HEALTH,Expenditure,USD_PPP_PS,"US dollars per person, PPP converted",_T,Total,_Z,Not application,_T,Total,_T,Total,_T,Total,_Z,Not applicable,_Z,Not applicable,V,Current prices,2004,,3261.804,,,,,,,,,,,,0,Units,1,One
DATAFLOW,OECD.ELS.HD:DSD_SHA@DF_SHA(1.1),Health expenditure and financing,I,IRL,Ireland,A,Annual,EXP_HEALTH,Expenditure,USD_PPP_PS,"US dollars per person, PPP converted",_T,Total,_Z,Not application,_T,Total,_T,Total,_T,Total,_Z,Not applicable,_Z,Not applicable,V,Current prices,2025,,8284.317,,,,,,P,Provisional value,,,,,0,Units,1,One
DATAFLOW,OECD.ELS.HD:DSD_SHA@DF_SHA(1.1),Health expenditure and financing,I,IRL,Ireland,A,Annual,EXP_HEALTH,Expenditure,USD_PPP_PS,"US dollars per person, PPP converted",_T,Total,_Z,Not application,_T,Total,_T,Total,_T,Total,_Z,Not applicable,_Z,Not applicable,V,Current prices,2024,,7900.295,,,,,,,,,,,,0,Units,1,One
DATAFLOW,OECD.ELS.HD:DSD_SHA@DF_SHA(1.1),Health expenditure and financing,I,IRL,Ireland,A,Annual,EXP_HEALTH,Expenditure,USD_PPP_PS,"US dollars per person, PPP converted",_T,Total,_Z,Not application,_T,Total,_T,Total,_T,Total,_Z,Not applicable,_Z,Not applicable,V,Current prices,2023,,7333.768,,,,,,,,,,,,0,Units,1,One
DATAFLOW,OECD.ELS.HD:DSD_SHA@DF_SHA(1.1),Health expenditure and financing,I,IRL,Ireland,A,Annual,EXP_HEALTH,Expenditure,USD_PPP_PS,"US dollars per person, PPP converted",_T,Total,_Z,Not application,_T,Total,_T,Total,_T,Total,_Z,Not applicable,_Z,Not applicable,V,Current prices,2022,,6863.892,,,,,,,,,,,,0,Units,1,One
DATAFLOW,OECD.ELS.HD:DSD_SHA@DF_SHA(1.1),Health expenditure and financing,I,IRL,Ireland,A,Annual,EXP_HEALTH,Expenditure,USD_PPP_PS,"US dollars per person, PPP converted",_T,Total,_Z,Not application,_T,Total,_T,Total,_T,Total,_Z,Not applicable,_Z,Not applicable,V,Current prices,2021,,6188.965,,,,,,,,,,,,0,Units,1,One
DATAFLOW,OECD.ELS.HD:DSD_SHA@DF_SHA(1.1),Health expenditure and financing,I,IRL,Ireland,A,Annual,EXP_HEALTH,Expenditure,USD_PPP_PS,"US dollars per person, PPP converted",_T,Total,_Z,Not application,_T,Total,_T,Total,_T,Total,_Z,Not applicable,_Z,Not applicable,V,Current prices,2020,,5585.105,,,,,,,,,,,,0,Units,1,One
DATAFLOW,OECD.ELS.HD:DSD_SHA@DF_SHA(1.1),Health expenditure and financing,I,IRL,Ireland,A,Annual,EXP_HEALTH,Expenditure,USD_PPP_PS,"US dollars per person, PPP converted",_T,Total,_Z,Not application,_T,Total,_T,Total,_T,Total,_Z,Not applicable,_Z,Not applicable,V,Current prices,2019,,5183.907,,,,,,,,,,,,0,Units,1,One
DATAFLOW,OECD.ELS.HD:DSD_SHA@DF_SHA(1.1),Health expenditure and financing,I,IRL,Ireland,A,Annual,EXP_HEALTH,Expenditure,USD_PPP_PS,"US dollars per person, PPP converted",_T,Total,_Z,Not application,_T,Total,_T,Total,_T,Total,_Z,Not applicable,_Z,Not applicable,V,Current prices,2018,,4855.401,,,,,,,,,,,,0,Units,1,One
DATAFLOW,OECD.ELS.HD:DSD_SHA@DF_SHA(1.1),Health expenditure and financing,I,IRL,Ireland,A,Annual,EXP_HEALTH,Expenditure,USD_PPP_PS,"US dollars per person, PPP converted",_T,Total,_Z,Not application,_T,Total,_T,Total,_T,Total,_Z,Not applicable,_Z,Not applicable,V,Current prices,2017,,4676.421,,,,,,,,,,,,0,Units,1,One
DATAFLOW,OECD.ELS.HD:DSD_SHA@DF_SHA(1.1),Health expenditure and financing,I,IRL,Ireland,A,Annual,EXP_HEALTH,Expenditure,USD_PPP_PS,"US dollars per person, PPP converted",_T,Total,_Z,Not application,_T,Total,_T,Total,_T,Total,_Z,Not applicable,_Z,Not applicable,V,Current prices,2016,,4556.428,,,,,,,,,,,,0,Units,1,One
DATAFLOW,OECD.ELS.HD:DSD_SHA@DF_SHA(1.1),Health expenditure and financing,I,IRL,Ireland,A,Annual,EXP_HEALTH,Expenditure,USD_PPP_PS,"US dollars per person, PPP converted",_T,Total,_Z,Not application,_T,Total,_T,Total,_T,Total,_Z,Not applicable,_Z,Not applicable,V,Current prices,2015,,4303.342,,,,,,,,,,,,0,Units,1,One
DATAFLOW,OECD.ELS.HD:DSD_SHA@DF_SHA(1.1),Health expenditure and financing,I,IRL,Ireland,A,Annual,EXP_HEALTH,Expenditure,USD_PPP_PS,"US dollars per person, PPP converted",_T,Total,_Z,Not application,_T,Total,_T,Total,_T,Total,_Z,Not applicable,_Z,Not applicable,V,Current prices,2014,,4192.056,,,,,,,,,,,,0,Units,1,One
DATAFLOW,OECD.ELS.HD:DSD_SHA@DF_SHA(1.1),Health expenditure and financing,I,IRL,Ireland,A,Annual,EXP_HEALTH,Expenditure,USD_PPP_PS,"US dollars per person, PPP converted",_T,Total,_Z,Not application,_T,Total,_T,Total,_T,Total,_Z,Not applicable,_Z,Not applicable,V,Current prices,2013,,4257.962,,,,,,,,,,,,0,Units,1,One
DATAFLOW,OECD.ELS.HD:DSD_SHA@DF_SHA(1.1),Health expenditure and financing,I,IRL,Ireland,A,Annual,EXP_HEALTH,Expenditure,USD_PPP_PS,"US dollars per person, PPP converted",_T,Total,_Z,Not application,_T,Total,_T,Total,_T,Total,_Z,Not applicable,_Z,Not applicable,V,Current prices,2012,,4327.311,,,,,,,,,,,,0,Units,1,One
DATAFLOW,OECD.ELS.HD:DSD_SHA@DF_SHA(1.1),Health expenditure and financing,I,IRL,Ireland,A,Annual,EXP_HEALTH,Expenditure,USD_PPP_PS,"US dollars per person, PPP converted",_T,Total,_Z,Not application,_T,Total,_T,Total,_T,Total,_Z,Not applicable,_Z,Not applicable,V,Current prices,2011,,4181.222,,,,,,,,,,,,0,Units,1,One
DATAFLOW,OECD.ELS.HD:DSD_SHA@DF_SHA(1.1),Health expenditure and financing,I,IRL,Ireland,A,Annual,EXP_HEALTH,Expenditure,USD_PPP_PS,"US dollars per person, PPP converted",_T,Total,_Z,Not application,_T,Total,_T,Total,_T,Total,_Z,Not applicable,_Z,Not applicable,V,Current prices,2010,,4048.41,,,,,,,,,,,,0,Units,1,One
DATAFLOW,OECD.ELS.HD:DSD_SHA@DF_SHA(1.1),Health expenditure and financing,I,IRL,Ireland,A,Annual,EXP_HEALTH,Expenditure,USD_PPP_PS,"US dollars per person, PPP converted",_T,Total,_Z,Not application,_T,Total,_T,Total,_T,Total,_Z,Not applicable,_Z,Not applicable,V,Current prices,2009,,3858.953,,,,,,,,,,,,0,Units,1,One
DATAFLOW,OECD.ELS.HD:DSD_SHA@DF_SHA(1.1),Health expenditure and financing,I,IRL,Ireland,A,Annual,EXP_HEALTH,Expenditure,USD_PPP_PS,"US dollars per person, PPP converted",_T,Total,_Z,Not application,_T,Total,_T,Total,_T,Total,_Z,Not applicable,_Z,Not applicable,V,Current prices,2008,,3643.273,,,,,,,,,,,,0,Units,1,One
DATAFLOW,OECD.ELS.HD:DSD_SHA@DF_SHA(1.1),Health expenditure and financing,I,IRL,Ireland,A,Annual,EXP_HEALTH,Expenditure,USD_PPP_PS,"US dollars per person, PPP converted",_T,Total,_Z,Not application,_T,Total,_T,Total,_T,Total,_Z,Not applicable,_Z,Not applicable,V,Current prices,2007,,3384.493,,,,,,,,,,,,0,Units,1,One
DATAFLOW,OECD.ELS.HD:DSD_SHA@DF_SHA(1.1),Health expenditure and financing,I,IRL,Ireland,A,Annual,EXP_HEALTH,Expenditure,USD_PPP_PS,"US dollars per person, PPP converted",_T,Total,_Z,Not application,_T,Total,_T,Total,_T,Total,_Z,Not applicable,_Z,Not applicable,V,Current prices,2006,,3203.321,,,,,,,,,,,,0,Units,1,One
DATAFLOW,OECD.ELS.HD:DSD_SHA@DF_SHA(1.1),Health expenditure and financing,I,IRL,Ireland,A,Annual,EXP_HEALTH,Expenditure,USD_PPP_PS,"US dollars per person, PPP converted",_T,Total,_Z,Not application,_T,Total,_T,Total,_T,Total,_Z,Not applicable,_Z,Not applicable,V,Current prices,2005,,3093.376,,,,,,,,,,,,0,Units,1,One
DATAFLOW,OECD.ELS.HD:DSD_SHA@DF_SHA(1.1),Health expenditure and financing,I,IRL,Ireland,A,Annual,EXP_HEALTH,Expenditure,USD_PPP_PS,"US dollars per person, PPP converted",_T,Total,_Z,Not application,_T,Total,_T,Total,_T,Total,_Z,Not applicable,_Z,Not applicable,V,Current prices,2004,,2803.94,,,,,,,,,,,,0,Units,1,One
DATAFLOW,OECD.ELS.HD:DSD_SHA@DF_SHA(1.1),Health expenditure and financing,I,IRL,Ireland,A,Annual,EXP_HEALTH,Expenditure,USD_PPP_PS,"US dollars per person, PPP converted",_T,Total,_Z,Not application,_T,Total,_T,Total,_T,Total,_Z,Not applicable,_Z,Not applicable,V,Current prices,2003,,2577.823,,,,,,,,,,,,0,Units,1,One
DATAFLOW,OECD.ELS.HD:DSD_SHA@DF_SHA(1.1),Health expenditure and financing,I,IRL,Ireland,A,Annual,EXP_HEALTH,Expenditure,USD_PPP_PS,"US dollars per person, PPP converted",_T,Total,_Z,Not application,_T,Total,_T,Total,_T,Total,_Z,Not applicable,_Z,Not applicable,V,Current prices,2002,,2418.861,,,,,,,,,,,,0,Units,1,One
DATAFLOW,OECD.ELS.HD:DSD_SHA@DF_SHA(1.1),Health expenditure and financing,I,IRL,Ireland,A,Annual,EXP_HEALTH,Expenditure,USD_PPP_PS,"US dollars per person, PPP converted",_T,Total,_Z,Not application,_T,Total,_T,Total,_T,Total,_Z,Not applicable,_Z,Not applicable,V,Current prices,2001,,2134.708,,,,,,,,,,,,0,Units,1,One
DATAFLOW,OECD.ELS.HD:DSD_SHA@DF_SHA(1.1),Health expenditure and financing,I,IRL,Ireland,A,Annual,EXP_HEALTH,Expenditure,USD_PPP_PS,"US dollars per person, PPP converted",_T,Total,_Z,Not application,_T,Total,_T,Total,_T,Total,_Z,Not applicable,_Z,Not applicable,V,Current prices,2000,,1830.142,,,,,,,,,,,,0,Units,1,One
DATAFLOW,OECD.ELS.HD:DSD_SHA@DF_SHA(1.1),Health expenditure and financing,I,ISR,Israel,A,Annual,EXP_HEALTH,Expenditure,USD_PPP_PS,"US dollars per person, PPP converted",_T,Total,_Z,Not application,_T,Total,_T,Total,_T,Total,_Z,Not applicable,_Z,Not applicable,V,Current prices,2023,,4049.04,,,,,,D,Definition differs,P,Provisional value,,,0,Units,1,One
DATAFLOW,OECD.ELS.HD:DSD_SHA@DF_SHA(1.1),Health expenditure and financing,I,ISR,Israel,A,Annual,EXP_HEALTH,Expenditure,USD_PPP_PS,"US dollars per person, PPP converted",_T,Total,_Z,Not application,_T,Total,_T,Total,_T,Total,_Z,Not applicable,_Z,Not applicable,V,Current prices,2025,,4304.23,,,,,,D,Definition differs,E,Estimated value,,,0,Units,1,One
DATAFLOW,OECD.ELS.HD:DSD_SHA@DF_SHA(1.1),Health expenditure and financing,I,ISR,Israel,A,Annual,EXP_HEALTH,Expenditure,USD_PPP_PS,"US dollars per person, PPP converted",_T,Total,_Z,Not application,_T,Total,_T,Total,_T,Total,_Z,Not applicable,_Z,Not applicable,V,Current prices,2024,,4234.976,,,,,,D,Definition differs,E,Estimated value,,,0,Units,1,One
DATAFLOW,OECD.ELS.HD:DSD_SHA@DF_SHA(1.1),Health expenditure and financing,I,ISR,Israel,A,Annual,EXP_HEALTH,Expenditure,USD_PPP_PS,"US dollars per person, PPP converted",_T,Total,_Z,Not application,_T,Total,_T,Total,_T,Total,_Z,Not applicable,_Z,Not applicable,V,Current prices,2006,,1738.126,,,,,,B,Time series break,,,,,0,Units,1,One
DATAFLOW,OECD.ELS.HD:DSD_SHA@DF_SHA(1.1),Health expenditure and financing,I,ISR,Israel,A,Annual,EXP_HEALTH,Expenditure,USD_PPP_PS,"US dollars per person, PPP converted",_T,Total,_Z,Not application,_T,Total,_T,Total,_T,Total,_Z,Not applicable,_Z,Not applicable,V,Current prices,2022,,3724.325,,,,,,,,,,,,0,Units,1,One
DATAFLOW,OECD.ELS.HD:DSD_SHA@DF_SHA(1.1),Health expenditure and financing,I,ISR,Israel,A,Annual,EXP_HEALTH,Expenditure,USD_PPP_PS,"US dollars per person, PPP converted",_T,Total,_Z,Not application,_T,Total,_T,Total,_T,Total,_Z,Not applicable,_Z,Not applicable,V,Current prices,2021,,3476.472,,,,,,,,,,,,0,Units,1,One
DATAFLOW,OECD.ELS.HD:DSD_SHA@DF_SHA(1.1),Health expenditure and financing,I,ISR,Israel,A,Annual,EXP_HEALTH,Expenditure,USD_PPP_PS,"US dollars per person, PPP converted",_T,Total,_Z,Not application,_T,Total,_T,Total,_T,Total,_Z,Not applicable,_Z,Not applicable,V,Current prices,2020,,3015.382,,,,,,,,,,,,0,Units,1,One
DATAFLOW,OECD.ELS.HD:DSD_SHA@DF_SHA(1.1),Health expenditure and financing,I,ISR,Israel,A,Annual,EXP_HEALTH,Expenditure,USD_PPP_PS,"US dollars per person, PPP converted",_T,Total,_Z,Not application,_T,Total,_T,Total,_T,Total,_Z,Not applicable,_Z,Not applicable,V,Current prices,2019,,2811.711,,,,,,,,,,,,0,Units,1,One
DATAFLOW,OECD.ELS.HD:DSD_SHA@DF_SHA(1.1),Health expenditure and financing,I,ISR,Israel,A,Annual,EXP_HEALTH,Expenditure,USD_PPP_PS,"US dollars per person, PPP converted",_T,Total,_Z,Not application,_T,Total,_T,Total,_T,Total,_Z,Not applicable,_Z,Not applicable,V,Current prices,2018,,2748.975,,,,,,,,,,,,0,Units,1,One
DATAFLOW,OECD.ELS.HD:DSD_SHA@DF_SHA(1.1),Health expenditure and financing,I,ISR,Israel,A,Annual,EXP_HEALTH,Expenditure,USD_PPP_PS,"US dollars per person, PPP converted",_T,Total,_Z,Not application,_T,Total,_T,Total,_T,Total,_Z,Not applicable,_Z,Not applicable,V,Current prices,2017,,2626.181,,,,,,,,,,,,0,Units,1,One
DATAFLOW,OECD.ELS.HD:DSD_SHA@DF_SHA(1.1),Health expenditure and financing,I,ISR,Israel,A,Annual,EXP_HEALTH,Expenditure,USD_PPP_PS,"US dollars per person, PPP converted",_T,Total,_Z,Not application,_T,Total,_T,Total,_T,Total,_Z,Not applicable,_Z,Not applicable,V,Current prices,2016,,2524.083,,,,,,,,,,,,0,Units,1,One
DATAFLOW,OECD.ELS.HD:DSD_SHA@DF_SHA(1.1),Health expenditure and financing,I,ISR,Israel,A,Annual,EXP_HEALTH,Expenditure,USD_PPP_PS,"US dollars per person, PPP converted",_T,Total,_Z,Not application,_T,Total,_T,Total,_T,Total,_Z,Not applicable,_Z,Not applicable,V,Current prices,2015,,2310.019,,,,,,,,,,,,0,Units,1,One
DATAFLOW,OECD.ELS.HD:DSD_SHA@DF_SHA(1.1),Health expenditure and financing,I,DNK,Denmark,A,Annual,EXP_HEALTH,Expenditure,USD_PPP_PS,"US dollars per person, PPP converted",_T,Total,_Z,Not application,_T,Total,_T,Total,_T,Total,_Z,Not applicable,_Z,Not applicable,V,Current prices,2005,,3014.982,,,,,,,,,,,,0,Units,1,One
DATAFLOW,OECD.ELS.HD:DSD_SHA@DF_SHA(1.1),Health expenditure and financing,I,AUS,Australia,A,Annual,EXP_HEALTH,Expenditure,USD_PPP_PS,"US dollars per person, PPP converted",_T,Total,_Z,Not application,_T,Total,_T,Total,_T,Total,_Z,Not applicable,_Z,Not applicable,V,Current prices,2000,,2150.37,,,,,,D,Definition differs,,,,,0,Units,1,One
DATAFLOW,OECD.ELS.HD:DSD_SHA@DF_SHA(1.1),Health expenditure and financing,I,AUS,Australia,A,Annual,EXP_HEALTH,Expenditure,USD_PPP_PS,"US dollars per person, PPP converted",_T,Total,_Z,Not application,_T,Total,_T,Total,_T,Total,_Z,Not applicable,_Z,Not applicable,V,Current prices,2001,,2288.493,,,,,,D,Definition differs,,,,,0,Units,1,One
DATAFLOW,OECD.ELS.HD:DSD_SHA@DF_SHA(1.1),Health expenditure and financing,I,AUS,Australia,A,Annual,EXP_HEALTH,Expenditure,USD_PPP_PS,"US dollars per person, PPP converted",_T,Total,_Z,Not application,_T,Total,_T,Total,_T,Total,_Z,Not applicable,_Z,Not applicable,V,Current prices,2007,,3199.637,,,,,,D,Definition differs,,,,,0,Units,1,One
DATAFLOW,OECD.ELS.HD:DSD_SHA@DF_SHA(1.1),Health expenditure and financing,I,AUT,Austria,A,Annual,EXP_HEALTH,Expenditure,USD_PPP_PS,"US dollars per person, PPP converted",_T,Total,_Z,Not application,_T,Total,_T,Total,_T,Total,_Z,Not applicable,_Z,Not applicable,V,Current prices,2006,,3649.101,,,,,,,,,,,,0,Units,1,One
DATAFLOW,OECD.ELS.HD:DSD_SHA@DF_SHA(1.1),Health expenditure and financing,I,AUT,Austria,A,Annual,EXP_HEALTH,Expenditure,USD_PPP_PS,"US dollars per person, PPP converted",_T,Total,_Z,Not application,_T,Total,_T,Total,_T,Total,_Z,Not applicable,_Z,Not applicable,V,Current prices,2005,,3484.886,,,,,,,,,,,,0,Units,1,One
DATAFLOW,OECD.ELS.HD:DSD_SHA@DF_SHA(1.1),Health expenditure and financing,I,AUT,Austria,A,Annual,EXP_HEALTH,Expenditure,USD_PPP_PS,"US dollars per person, PPP converted",_T,Total,_Z,Not application,_T,Total,_T,Total,_T,Total,_Z,Not applicable,_Z,Not applicable,V,Current prices,2004,,3421.396,,,,,,,,,,,,0,Units,1,One
DATAFLOW,OECD.ELS.HD:DSD_SHA@DF_SHA(1.1),Health expenditure and financing,I,EST,Estonia,A,Annual,EXP_HEALTH,Expenditure,USD_PPP_PS,"US dollars per person, PPP converted",_T,Total,_Z,Not application,_T,Total,_T,Total,_T,Total,_Z,Not applicable,_Z,Not applicable,V,Current prices,2017,,2201.474,,,,,,,,,,,,0,Units,1,One
DATAFLOW,OECD.ELS.HD:DSD_SHA@DF_SHA(1.1),Health expenditure and financing,I,EST,Estonia,A,Annual,EXP_HEALTH,Expenditure,USD_PPP_PS,"US dollars per person, PPP converted",_T,Total,_Z,Not application,_T,Total,_T,Total,_T,Total,_Z,Not applicable,_Z,Not applicable,V,Current prices,2008,,1345.946,,,,,,,,,,,,0,Units,1,One
DATAFLOW,OECD.ELS.HD:DSD_SHA@DF_SHA(1.1),Health expenditure and financing,I,EST,Estonia,A,Annual,EXP_HEALTH,Expenditure,USD_PPP_PS,"US dollars per person, PPP converted",_T,Total,_Z,Not application,_T,Total,_T,Total,_T,Total,_Z,Not applicable,_Z,Not applicable,V,Current prices,2009,,1367.901,,,,,,,,,,,,0,Units,1,One
DATAFLOW,OECD.ELS.HD:DSD_SHA@DF_SHA(1.1),Health expenditure and financing,I,EST,Estonia,A,Annual,EXP_HEALTH,Expenditure,USD_PPP_PS,"US dollars per person, PPP converted",_T,Total,_Z,Not application,_T,Total,_T,Total,_T,Total,_Z,Not applicable,_Z,Not applicable,V,Current prices,2006,,987.788,,,,,,,,,,,,0,Units,1,One
DATAFLOW,OECD.ELS.HD:DSD_SHA@DF_SHA(1.1),Health expenditure and financing,I,EST,Estonia,A,Annual,EXP_HEALTH,Expenditure,USD_PPP_PS,"US dollars per person, PPP converted",_T,Total,_Z,Not application,_T,Total,_T,Total,_T,Total,_Z,Not applicable,_Z,Not applicable,V,Current prices,2002,,624.72,,,,,,,,,,,,0,Units,1,One
DATAFLOW,OECD.ELS.HD:DSD_SHA@DF_SHA(1.1),Health expenditure and financing,I,EST,Estonia,A,Annual,EXP_HEALTH,Expenditure,USD_PPP_PS,"US dollars per person, PPP converted",_T,Total,_Z,Not application,_T,Total,_T,Total,_T,Total,_Z,Not applicable,_Z,Not applicable,V,Current prices,2001,,545.306,,,,,,,,,,,,0,Units,1,One
DATAFLOW,OECD.ELS.HD:DSD_SHA@DF_SHA(1.1),Health expenditure and financing,I,EST,Estonia,A,Annual,EXP_HEALTH,Expenditure,USD_PPP_PS,"US dollars per person, PPP converted",_T,Total,_Z,Not application,_T,Total,_T,Total,_T,Total,_Z,Not applicable,_Z,Not applicable,V,Current prices,2000,,543.127,,,,,,,,,,,,0,Units,1,One
DATAFLOW,OECD.ELS.HD:DSD_SHA@DF_SHA(1.1),Health expenditure and financing,I,EST,Estonia,A,Annual,EXP_HEALTH,Expenditure,USD_PPP_PS,"US dollars per person, PPP converted",_T,Total,_Z,Not application,_T,Total,_T,Total,_T,Total,_Z,Not applicable,_Z,Not applicable,V,Current prices,2003,,740.064,,,,,,,,,,,,0,Units,1,One
DATAFLOW,OECD.ELS.HD:DSD_SHA@DF_SHA(1.1),Health expenditure and financing,I,EST,Estonia,A,Annual,EXP_HEALTH,Expenditure,USD_PPP_PS,"US dollars per person, PPP converted",_T,Total,_Z,Not application,_T,Total,_T,Total,_T,Total,_Z,Not applicable,_Z,Not applicable,V,Current prices,2004,,848.594,,,,,,,,,,,,0,Units,1,One
DATAFLOW,OECD.ELS.HD:DSD_SHA@DF_SHA(1.1),Health expenditure and financing,I,EST,Estonia,A,Annual,EXP_HEALTH,Expenditure,USD_PPP_PS,"US dollars per person, PPP converted",_T,Total,_Z,Not application,_T,Total,_T,Total,_T,Total,_Z,Not applicable,_Z,Not applicable,V,Current prices,2005,,931.229,,,,,,,,,,,,0,Units,1,One
DATAFLOW,OECD.ELS.HD:DSD_SHA@DF_SHA(1.1),Health expenditure and financing,I,AUT,Austria,A,Annual,EXP_HEALTH,Expenditure,USD_PPP_PS,"US dollars per person, PPP converted",_T,Total,_Z,Not application,_T,Total,_T,Total,_T,Total,_Z,Not applicable,_Z,Not applicable,V,Current prices,2001,,2900.767,,,,,,,,,,,,0,Units,1,One
DATAFLOW,OECD.ELS.HD:DSD_SHA@DF_SHA(1.1),Health expenditure and financing,I,AUT,Austria,A,Annual,EXP_HEALTH,Expenditure,USD_PPP_PS,"US dollars per person, PPP converted",_T,Total,_Z,Not application,_T,Total,_T,Total,_T,Total,_Z,Not applicable,_Z,Not applicable,V,Current prices,2000,,2844.938,,,,,,,,,,,,0,Units,1,One
DATAFLOW,OECD.ELS.HD:DSD_SHA@DF_SHA(1.1),Health expenditure and financing,I,EST,Estonia,A,Annual,EXP_HEALTH,Expenditure,USD_PPP_PS,"US dollars per person, PPP converted",_T,Total,_Z,Not application,_T,Total,_T,Total,_T,Total,_Z,Not applicable,_Z,Not applicable,V,Current prices,2011,,1466.12,,,,,,,,,,,,0,Units,1,One
DATAFLOW,OECD.ELS.HD:DSD_SHA@DF_SHA(1.1),Health expenditure and financing,I,EST,Estonia,A,Annual,EXP_HEALTH,Expenditure,USD_PPP_PS,"US dollars per person, PPP converted",_T,Total,_Z,Not application,_T,Total,_T,Total,_T,Total,_Z,Not applicable,_Z,Not applicable,V,Current prices,2014,,1821.237,,,,,,,,,,,,0,Units,1,One
DATAFLOW,OECD.ELS.HD:DSD_SHA@DF_SHA(1.1),Health expenditure and financing,I,EST,Estonia,A,Annual,EXP_HEALTH,Expenditure,USD_PPP_PS,"US dollars per person, PPP converted",_T,Total,_Z,Not application,_T,Total,_T,Total,_T,Total,_Z,Not applicable,_Z,Not applicable,V,Current prices,2016,,2096.544,,,,,,,,,,,,0,Units,1,One
DATAFLOW,OECD.ELS.HD:DSD_SHA@DF_SHA(1.1),Health expenditure and financing,I,EST,Estonia,A,Annual,EXP_HEALTH,Expenditure,USD_PPP_PS,"US dollars per person, PPP converted",_T,Total,_Z,Not application,_T,Total,_T,Total,_T,Total,_Z,Not applicable,_Z,Not applicable,V,Current prices,2015,,1941.591,,,,,,,,,,,,0,Units,1,One
DATAFLOW,OECD.ELS.HD:DSD_SHA@DF_SHA(1.1),Health expenditure and financing,I,EST,Estonia,A,Annual,EXP_HEALTH,Expenditure,USD_PPP_PS,"US dollars per person, PPP converted",_T,Total,_Z,Not application,_T,Total,_T,Total,_T,Total,_Z,Not applicable,_Z,Not applicable,V,Current prices,2012,,1583.049,,,,,,,,,,,,0,Units,1,One
DATAFLOW,OECD.ELS.HD:DSD_SHA@DF_SHA(1.1),Health expenditure and financing,I,FIN,Finland,A,Annual,EXP_HEALTH,Expenditure,USD_PPP_PS,"US dollars per person, PPP converted",_T,Total,_Z,Not application,_T,Total,_T,Total,_T,Total,_Z,Not applicable,_Z,Not applicable,V,Current prices,2000,,1877.209,,,,,,,,,,,,0,Units,1,One
DATAFLOW,OECD.ELS.HD:DSD_SHA@DF_SHA(1.1),Health expenditure and financing,I,FIN,Finland,A,Annual,EXP_HEALTH,Expenditure,USD_PPP_PS,"US dollars per person, PPP converted",_T,Total,_Z,Not application,_T,Total,_T,Total,_T,Total,_Z,Not applicable,_Z,Not applicable,V,Current prices,2001,,1982.592,,,,,,,,,,,,0,Units,1,One
DATAFLOW,OECD.ELS.HD:DSD_SHA@DF_SHA(1.1),Health expenditure and financing,I,FIN,Finland,A,Annual,EXP_HEALTH,Expenditure,USD_PPP_PS,"US dollars per person, PPP converted",_T,Total,_Z,Not application,_T,Total,_T,Total,_T,Total,_Z,Not applicable,_Z,Not applicable,V,Current prices,2020,,4966.75,,,,,,,,,,,,0,Units,1,One
DATAFLOW,OECD.ELS.HD:DSD_SHA@DF_SHA(1.1),Health expenditure and financing,I,FIN,Finland,A,Annual,EXP_HEALTH,Expenditure,USD_PPP_PS,"US dollars per person, PPP converted",_T,Total,_Z,Not application,_T,Total,_T,Total,_T,Total,_Z,Not applicable,_Z,Not applicable,V,Current prices,2015,,3992.493,,,,,,B,Time series break,,,,,0,Units,1,One
DATAFLOW,OECD.ELS.HD:DSD_SHA@DF_SHA(1.1),Health expenditure and financing,I,FIN,Finland,A,Annual,EXP_HEALTH,Expenditure,USD_PPP_PS,"US dollars per person, PPP converted",_T,Total,_Z,Not application,_T,Total,_T,Total,_T,Total,_Z,Not applicable,_Z,Not applicable,V,Current prices,2011,,3598.302,,,,,,,,,,,,0,Units,1,One
DATAFLOW,OECD.ELS.HD:DSD_SHA@DF_SHA(1.1),Health expenditure and financing,I,KOR,Korea,A,Annual,EXP_HEALTH,Expenditure,USD_PPP_PS,"US dollars per person, PPP converted",_T,Total,_Z,Not application,_T,Total,_T,Total,_T,Total,_Z,Not applicable,_Z,Not applicable,V,Current prices,2004,,1080.895,,,,,,,,,,,,0,Units,1,One
DATAFLOW,OECD.ELS.HD:DSD_SHA@DF_SHA(1.1),Health expenditure and financing,I,KOR,Korea,A,Annual,EXP_HEALTH,Expenditure,USD_PPP_PS,"US dollars per person, PPP converted",_T,Total,_Z,Not application,_T,Total,_T,Total,_T,Total,_Z,Not applicable,_Z,Not applicable,V,Current prices,2003,,1017.042,,,,,,,,,,,,0,Units,1,One
DATAFLOW,OECD.ELS.HD:DSD_SHA@DF_SHA(1.1),Health expenditure and financing,I,KOR,Korea,A,Annual,EXP_HEALTH,Expenditure,USD_PPP_PS,"US dollars per person, PPP converted",_T,Total,_Z,Not application,_T,Total,_T,Total,_T,Total,_Z,Not applicable,_Z,Not applicable,V,Current prices,2002,,860.521,,,,,,,,,,,,0,Units,1,One
DATAFLOW,OECD.ELS.HD:DSD_SHA@DF_SHA(1.1),Health expenditure and financing,I,KOR,Korea,A,Annual,EXP_HEALTH,Expenditure,USD_PPP_PS,"US dollars per person, PPP converted",_T,Total,_Z,Not application,_T,Total,_T,Total,_T,Total,_Z,Not applicable,_Z,Not applicable,V,Current prices,2000,,715.918,,,,,,,,,,,,0,Units,1,One
DATAFLOW,OECD.ELS.HD:DSD_SHA@DF_SHA(1.1),Health expenditure and financing,I,KOR,Korea,A,Annual,EXP_HEALTH,Expenditure,USD_PPP_PS,"US dollars per person, PPP converted",_T,Total,_Z,Not application,_T,Total,_T,Total,_T,Total,_Z,Not applicable,_Z,Not applicable,V,Current prices,2025,,5281.676,,,,,,P,Provisional value,,,,,0,Units,1,One
DATAFLOW,OECD.ELS.HD:DSD_SHA@DF_SHA(1.1),Health expenditure and financing,I,KOR,Korea,A,Annual,EXP_HEALTH,Expenditure,USD_PPP_PS,"US dollars per person, PPP converted",_T,Total,_Z,Not application,_T,Total,_T,Total,_T,Total,_Z,Not applicable,_Z,Not applicable,V,Current prices,2001,,839.131,,,,,,B,Time series break,,,,,0,Units,1,One
DATAFLOW,OECD.ELS.HD:DSD_SHA@DF_SHA(1.1),Health expenditure and financing,I,KOR,Korea,A,Annual,EXP_HEALTH,Expenditure,USD_PPP_PS,"US dollars per person, PPP converted",_T,Total,_Z,Not application,_T,Total,_T,Total,_T,Total,_Z,Not applicable,_Z,Not applicable,V,Current prices,2008,,1575.668,,,,,,,,,,,,0,Units,1,One
DATAFLOW,OECD.ELS.HD:DSD_SHA@DF_SHA(1.1),Health expenditure and financing,I,KOR,Korea,A,Annual,EXP_HEALTH,Expenditure,USD_PPP_PS,"US dollars per person, PPP converted",_T,Total,_Z,Not application,_T,Total,_T,Total,_T,Total,_Z,Not applicable,_Z,Not applicable,V,Current prices,2007,,1448.189,,,,,,,,,,,,0,Units,1,One
DATAFLOW,OECD.ELS.HD:DSD_SHA@DF_SHA(1.1),Health expenditure and financing,I,KOR,Korea,A,Annual,EXP_HEALTH,Expenditure,USD_PPP_PS,"US dollars per person, PPP converted",_T,Total,_Z,Not application,_T,Total,_T,Total,_T,Total,_Z,Not applicable,_Z,Not applicable,V,Current prices,2006,,1330.673,,,,,,,,,,,,0,Units,1,One
DATAFLOW,OECD.ELS.HD:DSD_SHA@DF_SHA(1.1),Health expenditure and financing,I,KOR,Korea,A,Annual,EXP_HEALTH,Expenditure,USD_PPP_PS,"US dollars per person, PPP converted",_T,Total,_Z,Not application,_T,Total,_T,Total,_T,Total,_Z,Not applicable,_Z,Not applicable,V,Current prices,2022,,4714.771,,,,,,,,,,,,0,Units,1,One
DATAFLOW,OECD.ELS.HD:DSD_SHA@DF_SHA(1.1),Health expenditure and financing,I,KOR,Korea,A,Annual,EXP_HEALTH,Expenditure,USD_PPP_PS,"US dollars per person, PPP converted",_T,Total,_Z,Not application,_T,Total,_T,Total,_T,Total,_Z,Not applicable,_Z,Not applicable,V,Current prices,2021,,4106.425,,,,,,,,,,,,0,Units,1,One
DATAFLOW,OECD.ELS.HD:DSD_SHA@DF_SHA(1.1),Health expenditure and financing,I,KOR,Korea,A,Annual,EXP_HEALTH,Expenditure,USD_PPP_PS,"US dollars per person, PPP converted",_T,Total,_Z,Not application,_T,Total,_T,Total,_T,Total,_Z,Not applicable,_Z,Not applicable,V,Current prices,2020,,3618.078,,,,,,,,,,,,0,Units,1,One
DATAFLOW,OECD.ELS.HD:DSD_SHA@DF_SHA(1.1),Health expenditure and financing,I,KOR,Korea,A,Annual,EXP_HEALTH,Expenditure,USD_PPP_PS,"US dollars per person, PPP converted",_T,Total,_Z,Not application,_T,Total,_T,Total,_T,Total,_Z,Not applicable,_Z,Not applicable,V,Current prices,2019,,3374.802,,,,,,,,,,,,0,Units,1,One
DATAFLOW,OECD.ELS.HD:DSD_SHA@DF_SHA(1.1),Health expenditure and financing,I,KOR,Korea,A,Annual,EXP_HEALTH,Expenditure,USD_PPP_PS,"US dollars per person, PPP converted",_T,Total,_Z,Not application,_T,Total,_T,Total,_T,Total,_Z,Not applicable,_Z,Not applicable,V,Current prices,2018,,3090.994,,,,,,,,,,,,0,Units,1,One
DATAFLOW,OECD.ELS.HD:DSD_SHA@DF_SHA(1.1),Health expenditure and financing,I,KOR,Korea,A,Annual,EXP_HEALTH,Expenditure,USD_PPP_PS,"US dollars per person, PPP converted",_T,Total,_Z,Not application,_T,Total,_T,Total,_T,Total,_Z,Not applicable,_Z,Not applicable,V,Current prices,2017,,2832.054,,,,,,,,,,,,0,Units,1,One
DATAFLOW,OECD.ELS.HD:DSD_SHA@DF_SHA(1.1),Health expenditure and financing,I,KOR,Korea,A,Annual,EXP_HEALTH,Expenditure,USD_PPP_PS,"US dollars per person, PPP converted",_T,Total,_Z,Not application,_T,Total,_T,Total,_T,Total,_Z,Not applicable,_Z,Not applicable,V,Current prices,2016,,2689.795,,,,,,,,,,,,0,Units,1,One
DATAFLOW,OECD.ELS.HD:DSD_SHA@DF_SHA(1.1),Health expenditure and financing,I,KOR,Korea,A,Annual,EXP_HEALTH,Expenditure,USD_PPP_PS,"US dollars per person, PPP converted",_T,Total,_Z,Not application,_T,Total,_T,Total,_T,Total,_Z,Not applicable,_Z,Not applicable,V,Current prices,2015,,2538.289,,,,,,,,,,,,0,Units,1,One
DATAFLOW,OECD.ELS.HD:DSD_SHA@DF_SHA(1.1),Health expenditure and financing,I,KOR,Korea,A,Annual,EXP_HEALTH,Expenditure,USD_PPP_PS,"US dollars per person, PPP converted",_T,Total,_Z,Not application,_T,Total,_T,Total,_T,Total,_Z,Not applicable,_Z,Not applicable,V,Current prices,2014,,2255.9,,,,,,,,,,,,0,Units,1,One
DATAFLOW,OECD.ELS.HD:DSD_SHA@DF_SHA(1.1),Health expenditure and financing,I,KOR,Korea,A,Annual,EXP_HEALTH,Expenditure,USD_PPP_PS,"US dollars per person, PPP converted",_T,Total,_Z,Not application,_T,Total,_T,Total,_T,Total,_Z,Not applicable,_Z,Not applicable,V,Current prices,2013,,2163.514,,,,,,,,,,,,0,Units,1,One
DATAFLOW,OECD.ELS.HD:DSD_SHA@DF_SHA(1.1),Health expenditure and financing,I,KOR,Korea,A,Annual,EXP_HEALTH,Expenditure,USD_PPP_PS,"US dollars per person, PPP converted",_T,Total,_Z,Not application,_T,Total,_T,Total,_T,Total,_Z,Not applicable,_Z,Not applicable,V,Current prices,2012,,2101.789,,,,,,,,,,,,0,Units,1,One
DATAFLOW,OECD.ELS.HD:DSD_SHA@DF_SHA(1.1),Health expenditure and financing,I,KOR,Korea,A,Annual,EXP_HEALTH,Expenditure,USD_PPP_PS,"US dollars per person, PPP converted",_T,Total,_Z,Not application,_T,Total,_T,Total,_T,Total,_Z,Not applicable,_Z,Not applicable,V,Current prices,2011,,2014.281,,,,,,,,,,,,0,Units,1,One
DATAFLOW,OECD.ELS.HD:DSD_SHA@DF_SHA(1.1),Health expenditure and financing,I,KOR,Korea,A,Annual,EXP_HEALTH,Expenditure,USD_PPP_PS,"US dollars per person, PPP converted",_T,Total,_Z,Not application,_T,Total,_T,Total,_T,Total,_Z,Not applicable,_Z,Not applicable,V,Current prices,2010,,1917.798,,,,,,,,,,,,0,Units,1,One
DATAFLOW,OECD.ELS.HD:DSD_SHA@DF_SHA(1.1),Health expenditure and financing,I,KOR,Korea,A,Annual,EXP_HEALTH,Expenditure,USD_PPP_PS,"US dollars per person, PPP converted",_T,Total,_Z,Not application,_T,Total,_T,Total,_T,Total,_Z,Not applicable,_Z,Not applicable,V,Current prices,2009,,1723.607,,,,,,,,,,,,0,Units,1,One
DATAFLOW,OECD.ELS.HD:DSD_SHA@DF_SHA(1.1),Health expenditure and financing,I,LVA,Latvia,A,Annual,EXP_HEALTH,Expenditure,USD_PPP_PS,"US dollars per person, PPP converted",_T,Total,_Z,Not application,_T,Total,_T,Total,_T,Total,_Z,Not applicable,_Z,Not applicable,V,Current prices,2005,,782.223,,,,,,,,,,,,0,Units,1,One
DATAFLOW,OECD.ELS.HD:DSD_SHA@DF_SHA(1.1),Health expenditure and financing,I,LVA,Latvia,A,Annual,EXP_HEALTH,Expenditure,USD_PPP_PS,"US dollars per person, PPP converted",_T,Total,_Z,Not application,_T,Total,_T,Total,_T,Total,_Z,Not applicable,_Z,Not applicable,V,Current prices,2004,,727.836,,,,,,,,,,,,0,Units,1,One
DATAFLOW,OECD.ELS.HD:DSD_SHA@DF_SHA(1.1),Health expenditure and financing,I,LVA,Latvia,A,Annual,EXP_HEALTH,Expenditure,USD_PPP_PS,"US dollars per person, PPP converted",_T,Total,_Z,Not application,_T,Total,_T,Total,_T,Total,_Z,Not applicable,_Z,Not applicable,V,Current prices,2011,,1027.427,,,,,,,,,,,,0,Units,1,One
DATAFLOW,OECD.ELS.HD:DSD_SHA@DF_SHA(1.1),Health expenditure and financing,I,LVA,Latvia,A,Annual,EXP_HEALTH,Expenditure,USD_PPP_PS,"US dollars per person, PPP converted",_T,Total,_Z,Not application,_T,Total,_T,Total,_T,Total,_Z,Not applicable,_Z,Not applicable,V,Current prices,2010,,1011.094,,,,,,,,,,,,0,Units,1,One
DATAFLOW,OECD.ELS.HD:DSD_SHA@DF_SHA(1.1),Health expenditure and financing,I,LVA,Latvia,A,Annual,EXP_HEALTH,Expenditure,USD_PPP_PS,"US dollars per person, PPP converted",_T,Total,_Z,Not application,_T,Total,_T,Total,_T,Total,_Z,Not applicable,_Z,Not applicable,V,Current prices,2009,,956.945,,,,,,,,,,,,0,Units,1,One
DATAFLOW,OECD.ELS.HD:DSD_SHA@DF_SHA(1.1),Health expenditure and financing,I,LVA,Latvia,A,Annual,EXP_HEALTH,Expenditure,USD_PPP_PS,"US dollars per person, PPP converted",_T,Total,_Z,Not application,_T,Total,_T,Total,_T,Total,_Z,Not applicable,_Z,Not applicable,V,Current prices,2025,,3964.609,,,,,,E,Estimated value,,,,,0,Units,1,One
DATAFLOW,OECD.ELS.HD:DSD_SHA@DF_SHA(1.1),Health expenditure and financing,I,LVA,Latvia,A,Annual,EXP_HEALTH,Expenditure,USD_PPP_PS,"US dollars per person, PPP converted",_T,Total,_Z,Not application,_T,Total,_T,Total,_T,Total,_Z,Not applicable,_Z,Not applicable,V,Current prices,2024,,3643.207,,,,,,,,,,,,0,Units,1,One
DATAFLOW,OECD.ELS.HD:DSD_SHA@DF_SHA(1.1),Health expenditure and financing,I,LVA,Latvia,A,Annual,EXP_HEALTH,Expenditure,USD_PPP_PS,"US dollars per person, PPP converted",_T,Total,_Z,Not application,_T,Total,_T,Total,_T,Total,_Z,Not applicable,_Z,Not applicable,V,Current prices,2023,,3201.524,,,,,,,,,,,,0,Units,1,One
DATAFLOW,OECD.ELS.HD:DSD_SHA@DF_SHA(1.1),Health expenditure and financing,I,LVA,Latvia,A,Annual,EXP_HEALTH,Expenditure,USD_PPP_PS,"US dollars per person, PPP converted",_T,Total,_Z,Not application,_T,Total,_T,Total,_T,Total,_Z,Not applicable,_Z,Not applicable,V,Current prices,2022,,3287.28,,,,,,,,,,,,0,Units,1,One
DATAFLOW,OECD.ELS.HD:DSD_SHA@DF_SHA(1.1),Health expenditure and financing,I,LVA,Latvia,A,Annual,EXP_HEALTH,Expenditure,USD_PPP_PS,"US dollars per person, PPP converted",_T,Total,_Z,Not application,_T,Total,_T,Total,_T,Total,_Z,Not applicable,_Z,Not applicable,V,Current prices,2021,,3495.178,,,,,,,,,,,,0,Units,1,One
DATAFLOW,OECD.ELS.HD:DSD_SHA@DF_SHA(1.1),Health expenditure and financing,I,LVA,Latvia,A,Annual,EXP_HEALTH,Expenditure,USD_PPP_PS,"US dollars per person, PPP converted",_T,Total,_Z,Not application,_T,Total,_T,Total,_T,Total,_Z,Not applicable,_Z,Not applicable,V,Current prices,2020,,2403.416,,,,,,,,,,,,0,Units,1,One
DATAFLOW,OECD.ELS.HD:DSD_SHA@DF_SHA(1.1),Health expenditure and financing,I,LVA,Latvia,A,Annual,EXP_HEALTH,Expenditure,USD_PPP_PS,"US dollars per person, PPP converted",_T,Total,_Z,Not application,_T,Total,_T,Total,_T,Total,_Z,Not applicable,_Z,Not applicable,V,Current prices,2019,,2158.118,,,,,,,,,,,,0,Units,1,One
DATAFLOW,OECD.ELS.HD:DSD_SHA@DF_SHA(1.1),Health expenditure and financing,I,LVA,Latvia,A,Annual,EXP_HEALTH,Expenditure,USD_PPP_PS,"US dollars per person, PPP converted",_T,Total,_Z,Not application,_T,Total,_T,Total,_T,Total,_Z,Not applicable,_Z,Not applicable,V,Current prices,2018,,1860.969,,,,,,,,,,,,0,Units,1,One
DATAFLOW,OECD.ELS.HD:DSD_SHA@DF_SHA(1.1),Health expenditure and financing,I,LVA,Latvia,A,Annual,EXP_HEALTH,Expenditure,USD_PPP_PS,"US dollars per person, PPP converted",_T,Total,_Z,Not application,_T,Total,_T,Total,_T,Total,_Z,Not applicable,_Z,Not applicable,V,Current prices,2017,,1572.717,,,,,,,,,,,,0,Units,1,One
DATAFLOW,OECD.ELS.HD:DSD_SHA@DF_SHA(1.1),Health expenditure and financing,I,LVA,Latvia,A,Annual,EXP_HEALTH,Expenditure,USD_PPP_PS,"US dollars per person, PPP converted",_T,Total,_Z,Not application,_T,Total,_T,Total,_T,Total,_Z,Not applicable,_Z,Not applicable,V,Current prices,2016,,1508.338,,,,,,,,,,,,0,Units,1,One
DATAFLOW,OECD.ELS.HD:DSD_SHA@DF_SHA(1.1),Health expenditure and financing,I,LVA,Latvia,A,Annual,EXP_HEALTH,Expenditure,USD_PPP_PS,"US dollars per person, PPP converted",_T,Total,_Z,Not application,_T,Total,_T,Total,_T,Total,_Z,Not applicable,_Z,Not applicable,V,Current prices,2015,,1319.35,,,,,,,,,,,,0,Units,1,One
DATAFLOW,OECD.ELS.HD:DSD_SHA@DF_SHA(1.1),Health expenditure and financing,I,LVA,Latvia,A,Annual,EXP_HEALTH,Expenditure,USD_PPP_PS,"US dollars per person, PPP converted",_T,Total,_Z,Not application,_T,Total,_T,Total,_T,Total,_Z,Not applicable,_Z,Not applicable,V,Current prices,2014,,1213.991,,,,,,,,,,,,0,Units,1,One
DATAFLOW,OECD.ELS.HD:DSD_SHA@DF_SHA(1.1),Health expenditure and financing,I,LVA,Latvia,A,Annual,EXP_HEALTH,Expenditure,USD_PPP_PS,"US dollars per person, PPP converted",_T,Total,_Z,Not application,_T,Total,_T,Total,_T,Total,_Z,Not applicable,_Z,Not applicable,V,Current prices,2013,,1151.513,,,,,,,,,,,,0,Units,1,One
DATAFLOW,OECD.ELS.HD:DSD_SHA@DF_SHA(1.1),Health expenditure and financing,I,LVA,Latvia,A,Annual,EXP_HEALTH,Expenditure,USD_PPP_PS,"US dollars per person, PPP converted",_T,Total,_Z,Not application,_T,Total,_T,Total,_T,Total,_Z,Not applicable,_Z,Not applicable,V,Current prices,2012,,1086.275,,,,,,,,,,,,0,Units,1,One
DATAFLOW,OECD.ELS.HD:DSD_SHA@DF_SHA(1.1),Health expenditure and financing,I,LVA,Latvia,A,Annual,EXP_HEALTH,Expenditure,USD_PPP_PS,"US dollars per person, PPP converted",_T,Total,_Z,Not application,_T,Total,_T,Total,_T,Total,_Z,Not applicable,_Z,Not applicable,V,Current prices,2008,,1042.802,,,,,,,,,,,,0,Units,1,One
DATAFLOW,OECD.ELS.HD:DSD_SHA@DF_SHA(1.1),Health expenditure and financing,I,LVA,Latvia,A,Annual,EXP_HEALTH,Expenditure,USD_PPP_PS,"US dollars per person, PPP converted",_T,Total,_Z,Not application,_T,Total,_T,Total,_T,Total,_Z,Not applicable,_Z,Not applicable,V,Current prices,2006,,876.563,,,,,,,,,,,,0,Units,1,One
DATAFLOW,OECD.ELS.HD:DSD_SHA@DF_SHA(1.1),Health expenditure and financing,I,LVA,Latvia,A,Annual,EXP_HEALTH,Expenditure,USD_PPP_PS,"US dollars per person, PPP converted",_T,Total,_Z,Not application,_T,Total,_T,Total,_T,Total,_Z,Not applicable,_Z,Not applicable,V,Current prices,2007,,1007.525,,,,,,,,,,,,0,Units,1,One
DATAFLOW,OECD.ELS.HD:DSD_SHA@DF_SHA(1.1),Health expenditure and financing,I,LVA,Latvia,A,Annual,EXP_HEALTH,Expenditure,USD_PPP_PS,"US dollars per person, PPP converted",_T,Total,_Z,Not application,_T,Total,_T,Total,_T,Total,_Z,Not applicable,_Z,Not applicable,V,Current prices,2003,,581.771,,,,,,E,Estimated value,,,,,0,Units,1,One
DATAFLOW,OECD.ELS.HD:DSD_SHA@DF_SHA(1.1),Health expenditure and financing,I,LVA,Latvia,A,Annual,EXP_HEALTH,Expenditure,USD_PPP_PS,"US dollars per person, PPP converted",_T,Total,_Z,Not application,_T,Total,_T,Total,_T,Total,_Z,Not applicable,_Z,Not applicable,V,Current prices,2002,,573.809,,,,,,E,Estimated value,,,,,0,Units,1,One
DATAFLOW,OECD.ELS.HD:DSD_SHA@DF_SHA(1.1),Health expenditure and financing,I,LVA,Latvia,A,Annual,EXP_HEALTH,Expenditure,USD_PPP_PS,"US dollars per person, PPP converted",_T,Total,_Z,Not application,_T,Total,_T,Total,_T,Total,_Z,Not applicable,_Z,Not applicable,V,Current prices,2001,,518.911,,,,,,E,Estimated value,,,,,0,Units,1,One
DATAFLOW,OECD.ELS.HD:DSD_SHA@DF_SHA(1.1),Health expenditure and financing,I,LVA,Latvia,A,Annual,EXP_HEALTH,Expenditure,USD_PPP_PS,"US dollars per person, PPP converted",_T,Total,_Z,Not application,_T,Total,_T,Total,_T,Total,_Z,Not applicable,_Z,Not applicable,V,Current prices,2000,,435.553,,,,,,E,Estimated value,,,,,0,Units,1,One
DATAFLOW,OECD.ELS.HD:DSD_SHA@DF_SHA(1.1),Health expenditure and financing,I,DEU,Germany,A,Annual,EXP_HEALTH,Expenditure,USD_PPP_PS,"US dollars per person, PPP converted",_T,Total,_Z,Not application,_T,Total,_T,Total,_T,Total,_Z,Not applicable,_Z,Not applicable,V,Current prices,2021,,8103.429,,,,,,,,,,,,0,Units,1,One
DATAFLOW,OECD.ELS.HD:DSD_SHA@DF_SHA(1.1),Health expenditure and financing,I,CAN,Canada,A,Annual,EXP_HEALTH,Expenditure,USD_PPP_PS,"US dollars per person, PPP converted",_T,Total,_Z,Not application,_T,Total,_T,Total,_T,Total,_Z,Not applicable,_Z,Not applicable,V,Current prices,2001,,2624.271,,,,,,,,,,,,0,Units,1,One
DATAFLOW,OECD.ELS.HD:DSD_SHA@DF_SHA(1.1),Health expenditure and financing,I,AUS,Australia,A,Annual,EXP_HEALTH,Expenditure,USD_PPP_PS,"US dollars per person, PPP converted",_T,Total,_Z,Not application,_T,Total,_T,Total,_T,Total,_Z,Not applicable,_Z,Not applicable,V,Current prices,2016,,5037.412,,,,,,,,,,,,0,Units,1,One
DATAFLOW,OECD.ELS.HD:DSD_SHA@DF_SHA(1.1),Health expenditure and financing,I,AUS,Australia,A,Annual,EXP_HEALTH,Expenditure,USD_PPP_PS,"US dollars per person, PPP converted",_T,Total,_Z,Not application,_T,Total,_T,Total,_T,Total,_Z,Not applicable,_Z,Not applicable,V,Current prices,2015,,4755.736,,,,,,,,,,,,0,Units,1,One
DATAFLOW,OECD.ELS.HD:DSD_SHA@DF_SHA(1.1),Health expenditure and financing,I,AUS,Australia,A,Annual,EXP_HEALTH,Expenditure,USD_PPP_PS,"US dollars per person, PPP converted",_T,Total,_Z,Not application,_T,Total,_T,Total,_T,Total,_Z,Not applicable,_Z,Not applicable,V,Current prices,2014,,4556.492,,,,,,,,,,,,0,Units,1,One
DATAFLOW,OECD.ELS.HD:DSD_SHA@DF_SHA(1.1),Health expenditure and financing,I,AUS,Australia,A,Annual,EXP_HEALTH,Expenditure,USD_PPP_PS,"US dollars per person, PPP converted",_T,Total,_Z,Not application,_T,Total,_T,Total,_T,Total,_Z,Not applicable,_Z,Not applicable,V,Current prices,2025,,8170.557,,,,,,E,Estimated value,,,,,0,Units,1,One
DATAFLOW,OECD.ELS.HD:DSD_SHA@DF_SHA(1.1),Health expenditure and financing,I,CAN,Canada,A,Annual,EXP_HEALTH,Expenditure,USD_PPP_PS,"US dollars per person, PPP converted",_T,Total,_Z,Not application,_T,Total,_T,Total,_T,Total,_Z,Not applicable,_Z,Not applicable,V,Current prices,2004,,3122.602,,,,,,,,,,,,0,Units,1,One
DATAFLOW,OECD.ELS.HD:DSD_SHA@DF_SHA(1.1),Health expenditure and financing,I,CAN,Canada,A,Annual,EXP_HEALTH,Expenditure,USD_PPP_PS,"US dollars per person, PPP converted",_T,Total,_Z,Not application,_T,Total,_T,Total,_T,Total,_Z,Not applicable,_Z,Not applicable,V,Current prices,2005,,3292.016,,,,,,,,,,,,0,Units,1,One
DATAFLOW,OECD.ELS.HD:DSD_SHA@DF_SHA(1.1),Health expenditure and financing,I,CHL,Chile,A,Annual,EXP_HEALTH,Expenditure,USD_PPP_PS,"US dollars per person, PPP converted",_T,Total,_Z,Not application,_T,Total,_T,Total,_T,Total,_Z,Not applicable,_Z,Not applicable,V,Current prices,2023,,3515.455,,,,,,,,,,,,0,Units,1,One
DATAFLOW,OECD.ELS.HD:DSD_SHA@DF_SHA(1.1),Health expenditure and financing,I,CHL,Chile,A,Annual,EXP_HEALTH,Expenditure,USD_PPP_PS,"US dollars per person, PPP converted",_T,Total,_Z,Not application,_T,Total,_T,Total,_T,Total,_Z,Not applicable,_Z,Not applicable,V,Current prices,2018,,2262.518,,,,,,,,,,,,0,Units,1,One
DATAFLOW,OECD.ELS.HD:DSD_SHA@DF_SHA(1.1),Health expenditure and financing,I,CHL,Chile,A,Annual,EXP_HEALTH,Expenditure,USD_PPP_PS,"US dollars per person, PPP converted",_T,Total,_Z,Not application,_T,Total,_T,Total,_T,Total,_Z,Not applicable,_Z,Not applicable,V,Current prices,2009,,1209.207,,,,,,,,,,,,0,Units,1,One
DATAFLOW,OECD.ELS.HD:DSD_SHA@DF_SHA(1.1),Health expenditure and financing,I,HUN,Hungary,A,Annual,EXP_HEALTH,Expenditure,USD_PPP_PS,"US dollars per person, PPP converted",_T,Total,_Z,Not application,_T,Total,_T,Total,_T,Total,_Z,Not applicable,_Z,Not applicable,V,Current prices,2001,,996.194,,,,,,,,,,,,0,Units,1,One
DATAFLOW,OECD.ELS.HD:DSD_SHA@DF_SHA(1.1),Health expenditure and financing,I,HUN,Hungary,A,Annual,EXP_HEALTH,Expenditure,USD_PPP_PS,"US dollars per person, PPP converted",_T,Total,_Z,Not application,_T,Total,_T,Total,_T,Total,_Z,Not applicable,_Z,Not applicable,V,Current prices,2000,,907.064,,,,,,,,,,,,0,Units,1,One
DATAFLOW,OECD.ELS.HD:DSD_SHA@DF_SHA(1.1),Health expenditure and financing,I,HUN,Hungary,A,Annual,EXP_HEALTH,Expenditure,USD_PPP_PS,"US dollars per person, PPP converted",_T,Total,_Z,Not application,_T,Total,_T,Total,_T,Total,_Z,Not applicable,_Z,Not applicable,V,Current prices,2013,,1825.334,,,,,,,,,,,,0,Units,1,One
DATAFLOW,OECD.ELS.HD:DSD_SHA@DF_SHA(1.1),Health expenditure and financing,I,HUN,Hungary,A,Annual,EXP_HEALTH,Expenditure,USD_PPP_PS,"US dollars per person, PPP converted",_T,Total,_Z,Not application,_T,Total,_T,Total,_T,Total,_Z,Not applicable,_Z,Not applicable,V,Current prices,2011,,1755.527,,,,,,,,,,,,0,Units,1,One
DATAFLOW,OECD.ELS.HD:DSD_SHA@DF_SHA(1.1),Health expenditure and financing,I,HUN,Hungary,A,Annual,EXP_HEALTH,Expenditure,USD_PPP_PS,"US dollars per person, PPP converted",_T,Total,_Z,Not application,_T,Total,_T,Total,_T,Total,_Z,Not applicable,_Z,Not applicable,V,Current prices,2012,,1766.535,,,,,,,,,,,,0,Units,1,One
DATAFLOW,OECD.ELS.HD:DSD_SHA@DF_SHA(1.1),Health expenditure and financing,I,HUN,Hungary,A,Annual,EXP_HEALTH,Expenditure,USD_PPP_PS,"US dollars per person, PPP converted",_T,Total,_Z,Not application,_T,Total,_T,Total,_T,Total,_Z,Not applicable,_Z,Not applicable,V,Current prices,2020,,2615.41,,,,,,,,,,,,0,Units,1,One
DATAFLOW,OECD.ELS.HD:DSD_SHA@DF_SHA(1.1),Health expenditure and financing,I,HUN,Hungary,A,Annual,EXP_HEALTH,Expenditure,USD_PPP_PS,"US dollars per person, PPP converted",_T,Total,_Z,Not application,_T,Total,_T,Total,_T,Total,_Z,Not applicable,_Z,Not applicable,V,Current prices,2019,,2245.498,,,,,,,,,,,,0,Units,1,One
DATAFLOW,OECD.ELS.HD:DSD_SHA@DF_SHA(1.1),Health expenditure and financing,I,HUN,Hungary,A,Annual,EXP_HEALTH,Expenditure,USD_PPP_PS,"US dollars per person, PPP converted",_T,Total,_Z,Not application,_T,Total,_T,Total,_T,Total,_Z,Not applicable,_Z,Not applicable,V,Current prices,2021,,2949.774,,,,,,,,,,,,0,Units,1,One
DATAFLOW,OECD.ELS.HD:DSD_SHA@DF_SHA(1.1),Health expenditure and financing,I,HUN,Hungary,A,Annual,EXP_HEALTH,Expenditure,USD_PPP_PS,"US dollars per person, PPP converted",_T,Total,_Z,Not application,_T,Total,_T,Total,_T,Total,_Z,Not applicable,_Z,Not applicable,V,Current prices,2022,,3004.874,,,,,,,,,,,,0,Units,1,One
DATAFLOW,OECD.ELS.HD:DSD_SHA@DF_SHA(1.1),Health expenditure and financing,I,HUN,Hungary,A,Annual,EXP_HEALTH,Expenditure,USD_PPP_PS,"US dollars per person, PPP converted",_T,Total,_Z,Not application,_T,Total,_T,Total,_T,Total,_Z,Not applicable,_Z,Not applicable,V,Current prices,2025,,3388.189,,,,,,P,Provisional value,,,,,0,Units,1,One
DATAFLOW,OECD.ELS.HD:DSD_SHA@DF_SHA(1.1),Health expenditure and financing,I,HUN,Hungary,A,Annual,EXP_HEALTH,Expenditure,USD_PPP_PS,"US dollars per person, PPP converted",_T,Total,_Z,Not application,_T,Total,_T,Total,_T,Total,_Z,Not applicable,_Z,Not applicable,V,Current prices,2017,,2011.198,,,,,,,,,,,,0,Units,1,One
DATAFLOW,OECD.ELS.HD:DSD_SHA@DF_SHA(1.1),Health expenditure and financing,I,HUN,Hungary,A,Annual,EXP_HEALTH,Expenditure,USD_PPP_PS,"US dollars per person, PPP converted",_T,Total,_Z,Not application,_T,Total,_T,Total,_T,Total,_Z,Not applicable,_Z,Not applicable,V,Current prices,2018,,2121.786,,,,,,,,,,,,0,Units,1,One
DATAFLOW,OECD.ELS.HD:DSD_SHA@DF_SHA(1.1),Health expenditure and financing,I,HUN,Hungary,A,Annual,EXP_HEALTH,Expenditure,USD_PPP_PS,"US dollars per person, PPP converted",_T,Total,_Z,Not application,_T,Total,_T,Total,_T,Total,_Z,Not applicable,_Z,Not applicable,V,Current prices,2002,,1167.234,,,,,,,,,,,,0,Units,1,One
DATAFLOW,OECD.ELS.HD:DSD_SHA@DF_SHA(1.1),Health expenditure and financing,I,CHL,Chile,A,Annual,EXP_HEALTH,Expenditure,USD_PPP_PS,"US dollars per person, PPP converted",_T,Total,_Z,Not application,_T,Total,_T,Total,_T,Total,_Z,Not applicable,_Z,Not applicable,V,Current prices,2017,,2119.552,,,,,,,,,,,,0,Units,1,One
DATAFLOW,OECD.ELS.HD:DSD_SHA@DF_SHA(1.1),Health expenditure and financing,I,CHL,Chile,A,Annual,EXP_HEALTH,Expenditure,USD_PPP_PS,"US dollars per person, PPP converted",_T,Total,_Z,Not application,_T,Total,_T,Total,_T,Total,_Z,Not applicable,_Z,Not applicable,V,Current prices,2016,,1941.256,,,,,,,,,,,,0,Units,1,One
DATAFLOW,OECD.ELS.HD:DSD_SHA@DF_SHA(1.1),Health expenditure and financing,I,HUN,Hungary,A,Annual,EXP_HEALTH,Expenditure,USD_PPP_PS,"US dollars per person, PPP converted",_T,Total,_Z,Not application,_T,Total,_T,Total,_T,Total,_Z,Not applicable,_Z,Not applicable,V,Current prices,2014,,1870.091,,,,,,,,,,,,0,Units,1,One
DATAFLOW,OECD.ELS.HD:DSD_SHA@DF_SHA(1.1),Health expenditure and financing,I,HUN,Hungary,A,Annual,EXP_HEALTH,Expenditure,USD_PPP_PS,"US dollars per person, PPP converted",_T,Total,_Z,Not application,_T,Total,_T,Total,_T,Total,_Z,Not applicable,_Z,Not applicable,V,Current prices,2015,,1899.987,,,,,,,,,,,,0,Units,1,One
DATAFLOW,OECD.ELS.HD:DSD_SHA@DF_SHA(1.1),Health expenditure and financing,I,HUN,Hungary,A,Annual,EXP_HEALTH,Expenditure,USD_PPP_PS,"US dollars per person, PPP converted",_T,Total,_Z,Not application,_T,Total,_T,Total,_T,Total,_Z,Not applicable,_Z,Not applicable,V,Current prices,2003,,1364.344,,,,,,B,Time series break,,,,,0,Units,1,One
DATAFLOW,OECD.ELS.HD:DSD_SHA@DF_SHA(1.1),Health expenditure and financing,I,HUN,Hungary,A,Annual,EXP_HEALTH,Expenditure,USD_PPP_PS,"US dollars per person, PPP converted",_T,Total,_Z,Not application,_T,Total,_T,Total,_T,Total,_Z,Not applicable,_Z,Not applicable,V,Current prices,2007,,1430.16,,,,,,,,,,,,0,Units,1,One
DATAFLOW,OECD.ELS.HD:DSD_SHA@DF_SHA(1.1),Health expenditure and financing,I,HUN,Hungary,A,Annual,EXP_HEALTH,Expenditure,USD_PPP_PS,"US dollars per person, PPP converted",_T,Total,_Z,Not application,_T,Total,_T,Total,_T,Total,_Z,Not applicable,_Z,Not applicable,V,Current prices,2006,,1510.744,,,,,,,,,,,,0,Units,1,One
DATAFLOW,OECD.ELS.HD:DSD_SHA@DF_SHA(1.1),Health expenditure and financing,I,HUN,Hungary,A,Annual,EXP_HEALTH,Expenditure,USD_PPP_PS,"US dollars per person, PPP converted",_T,Total,_Z,Not application,_T,Total,_T,Total,_T,Total,_Z,Not applicable,_Z,Not applicable,V,Current prices,2010,,1665.151,,,,,,,,,,,,0,Units,1,One
DATAFLOW,OECD.ELS.HD:DSD_SHA@DF_SHA(1.1),Health expenditure and financing,I,HUN,Hungary,A,Annual,EXP_HEALTH,Expenditure,USD_PPP_PS,"US dollars per person, PPP converted",_T,Total,_Z,Not application,_T,Total,_T,Total,_T,Total,_Z,Not applicable,_Z,Not applicable,V,Current prices,2008,,1492.593,,,,,,,,,,,,0,Units,1,One
DATAFLOW,OECD.ELS.HD:DSD_SHA@DF_SHA(1.1),Health expenditure and financing,I,HUN,Hungary,A,Annual,EXP_HEALTH,Expenditure,USD_PPP_PS,"US dollars per person, PPP converted",_T,Total,_Z,Not application,_T,Total,_T,Total,_T,Total,_Z,Not applicable,_Z,Not applicable,V,Current prices,2009,,1494.076,,,,,,,,,,,,0,Units,1,One
DATAFLOW,OECD.ELS.HD:DSD_SHA@DF_SHA(1.1),Health expenditure and financing,I,ISL,Iceland,A,Annual,EXP_HEALTH,Expenditure,USD_PPP_PS,"US dollars per person, PPP converted",_T,Total,_Z,Not application,_T,Total,_T,Total,_T,Total,_Z,Not applicable,_Z,Not applicable,V,Current prices,2001,,2751.516,,,,,,,,,,,,0,Units,1,One
DATAFLOW,OECD.ELS.HD:DSD_SHA@DF_SHA(1.1),Health expenditure and financing,I,ISL,Iceland,A,Annual,EXP_HEALTH,Expenditure,USD_PPP_PS,"US dollars per person, PPP converted",_T,Total,_Z,Not application,_T,Total,_T,Total,_T,Total,_Z,Not applicable,_Z,Not applicable,V,Current prices,2009,,3484.825,,,,,,,,,,,,0,Units,1,One
DATAFLOW,OECD.ELS.HD:DSD_SHA@DF_SHA(1.1),Health expenditure and financing,I,ISL,Iceland,A,Annual,EXP_HEALTH,Expenditure,USD_PPP_PS,"US dollars per person, PPP converted",_T,Total,_Z,Not application,_T,Total,_T,Total,_T,Total,_Z,Not applicable,_Z,Not applicable,V,Current prices,2008,,3613.337,,,,,,,,,,,,0,Units,1,One
DATAFLOW,OECD.ELS.HD:DSD_SHA@DF_SHA(1.1),Health expenditure and financing,I,ISL,Iceland,A,Annual,EXP_HEALTH,Expenditure,USD_PPP_PS,"US dollars per person, PPP converted",_T,Total,_Z,Not application,_T,Total,_T,Total,_T,Total,_Z,Not applicable,_Z,Not applicable,V,Current prices,2015,,3761.82,,,,,,,,,,,,0,Units,1,One
DATAFLOW,OECD.ELS.HD:DSD_SHA@DF_SHA(1.1),Health expenditure and financing,I,ISL,Iceland,A,Annual,EXP_HEALTH,Expenditure,USD_PPP_PS,"US dollars per person, PPP converted",_T,Total,_Z,Not application,_T,Total,_T,Total,_T,Total,_Z,Not applicable,_Z,Not applicable,V,Current prices,2014,,3626.695,,,,,,,,,,,,0,Units,1,One
DATAFLOW,OECD.ELS.HD:DSD_SHA@DF_SHA(1.1),Health expenditure and financing,I,NLD,Netherlands,A,Annual,EXP_HEALTH,Expenditure,USD_PPP_PS,"US dollars per person, PPP converted",_T,Total,_Z,Not application,_T,Total,_T,Total,_T,Total,_Z,Not applicable,_Z,Not applicable,V,Current prices,2022,,7726.056,,,,,,,,,,,,0,Units,1,One
DATAFLOW,OECD.ELS.HD:DSD_SHA@DF_SHA(1.1),Health expenditure and financing,I,NLD,Netherlands,A,Annual,EXP_HEALTH,Expenditure,USD_PPP_PS,"US dollars per person, PPP converted",_T,Total,_Z,Not application,_T,Total,_T,Total,_T,Total,_Z,Not applicable,_Z,Not applicable,V,Current prices,2023,,8151.366,,,,,,,,,,,,0,Units,1,One
DATAFLOW,OECD.ELS.HD:DSD_SHA@DF_SHA(1.1),Health expenditure and financing,I,NLD,Netherlands,A,Annual,EXP_HEALTH,Expenditure,USD_PPP_PS,"US dollars per person, PPP converted",_T,Total,_Z,Not application,_T,Total,_T,Total,_T,Total,_Z,Not applicable,_Z,Not applicable,V,Current prices,2024,,8695.625,,,,,,,,,,,,0,Units,1,One
DATAFLOW,OECD.ELS.HD:DSD_SHA@DF_SHA(1.1),Health expenditure and financing,I,NLD,Netherlands,A,Annual,EXP_HEALTH,Expenditure,USD_PPP_PS,"US dollars per person, PPP converted",_T,Total,_Z,Not application,_T,Total,_T,Total,_T,Total,_Z,Not applicable,_Z,Not applicable,V,Current prices,2015,,4927.104,,,,,,,,,,,,0,Units,1,One
DATAFLOW,OECD.ELS.HD:DSD_SHA@DF_SHA(1.1),Health expenditure and financing,I,NLD,Netherlands,A,Annual,EXP_HEALTH,Expenditure,USD_PPP_PS,"US dollars per person, PPP converted",_T,Total,_Z,Not application,_T,Total,_T,Total,_T,Total,_Z,Not applicable,_Z,Not applicable,V,Current prices,2009,,4438.013,,,,,,,,,,,,0,Units,1,One
DATAFLOW,OECD.ELS.HD:DSD_SHA@DF_SHA(1.1),Health expenditure and financing,I,NLD,Netherlands,A,Annual,EXP_HEALTH,Expenditure,USD_PPP_PS,"US dollars per person, PPP converted",_T,Total,_Z,Not application,_T,Total,_T,Total,_T,Total,_Z,Not applicable,_Z,Not applicable,V,Current prices,2008,,4378.362,,,,,,,,,,,,0,Units,1,One
DATAFLOW,OECD.ELS.HD:DSD_SHA@DF_SHA(1.1),Health expenditure and financing,I,NLD,Netherlands,A,Annual,EXP_HEALTH,Expenditure,USD_PPP_PS,"US dollars per person, PPP converted",_T,Total,_Z,Not application,_T,Total,_T,Total,_T,Total,_Z,Not applicable,_Z,Not applicable,V,Current prices,2007,,4077.206,,,,,,,,,,,,0,Units,1,One
DATAFLOW,OECD.ELS.HD:DSD_SHA@DF_SHA(1.1),Health expenditure and financing,I,NLD,Netherlands,A,Annual,EXP_HEALTH,Expenditure,USD_PPP_PS,"US dollars per person, PPP converted",_T,Total,_Z,Not application,_T,Total,_T,Total,_T,Total,_Z,Not applicable,_Z,Not applicable,V,Current prices,2006,,3828.004,,,,,,,,,,,,0,Units,1,One
DATAFLOW,OECD.ELS.HD:DSD_SHA@DF_SHA(1.1),Health expenditure and financing,I,NLD,Netherlands,A,Annual,EXP_HEALTH,Expenditure,USD_PPP_PS,"US dollars per person, PPP converted",_T,Total,_Z,Not application,_T,Total,_T,Total,_T,Total,_Z,Not applicable,_Z,Not applicable,V,Current prices,2005,,3583.435,,,,,,,,,,,,0,Units,1,One
DATAFLOW,OECD.ELS.HD:DSD_SHA@DF_SHA(1.1),Health expenditure and financing,I,NLD,Netherlands,A,Annual,EXP_HEALTH,Expenditure,USD_PPP_PS,"US dollars per person, PPP converted",_T,Total,_Z,Not application,_T,Total,_T,Total,_T,Total,_Z,Not applicable,_Z,Not applicable,V,Current prices,2004,,3493.656,,,,,,,,,,,,0,Units,1,One
DATAFLOW,OECD.ELS.HD:DSD_SHA@DF_SHA(1.1),Health expenditure and financing,I,NLD,Netherlands,A,Annual,EXP_HEALTH,Expenditure,USD_PPP_PS,"US dollars per person, PPP converted",_T,Total,_Z,Not application,_T,Total,_T,Total,_T,Total,_Z,Not applicable,_Z,Not applicable,V,Current prices,2003,,3307.608,,,,,,,,,,,,0,Units,1,One
DATAFLOW,OECD.ELS.HD:DSD_SHA@DF_SHA(1.1),Health expenditure and financing,I,NLD,Netherlands,A,Annual,EXP_HEALTH,Expenditure,USD_PPP_PS,"US dollars per person, PPP converted",_T,Total,_Z,Not application,_T,Total,_T,Total,_T,Total,_Z,Not applicable,_Z,Not applicable,V,Current prices,2002,,3296.97,,,,,,,,,,,,0,Units,1,One
DATAFLOW,OECD.ELS.HD:DSD_SHA@DF_SHA(1.1),Health expenditure and financing,I,NLD,Netherlands,A,Annual,EXP_HEALTH,Expenditure,USD_PPP_PS,"US dollars per person, PPP converted",_T,Total,_Z,Not application,_T,Total,_T,Total,_T,Total,_Z,Not applicable,_Z,Not applicable,V,Current prices,2001,,2883.556,,,,,,,,,,,,0,Units,1,One
DATAFLOW,OECD.ELS.HD:DSD_SHA@DF_SHA(1.1),Health expenditure and financing,I,NLD,Netherlands,A,Annual,EXP_HEALTH,Expenditure,USD_PPP_PS,"US dollars per person, PPP converted",_T,Total,_Z,Not application,_T,Total,_T,Total,_T,Total,_Z,Not applicable,_Z,Not applicable,V,Current prices,2000,,2647.971,,,,,,,,,,,,0,Units,1,One
DATAFLOW,OECD.ELS.HD:DSD_SHA@DF_SHA(1.1),Health expenditure and financing,I,NLD,Netherlands,A,Annual,EXP_HEALTH,Expenditure,USD_PPP_PS,"US dollars per person, PPP converted",_T,Total,_Z,Not application,_T,Total,_T,Total,_T,Total,_Z,Not applicable,_Z,Not applicable,V,Current prices,2021,,7332.629,,,,,,B,Time series break,,,,,0,Units,1,One
DATAFLOW,OECD.ELS.HD:DSD_SHA@DF_SHA(1.1),Health expenditure and financing,I,NLD,Netherlands,A,Annual,EXP_HEALTH,Expenditure,USD_PPP_PS,"US dollars per person, PPP converted",_T,Total,_Z,Not application,_T,Total,_T,Total,_T,Total,_Z,Not applicable,_Z,Not applicable,V,Current prices,2025,,8965.505,,,,,,P,Provisional value,,,,,0,Units,1,One
DATAFLOW,OECD.ELS.HD:DSD_SHA@DF_SHA(1.1),Health expenditure and financing,I,NLD,Netherlands,A,Annual,EXP_HEALTH,Expenditure,USD_PPP_PS,"US dollars per person, PPP converted",_T,Total,_Z,Not application,_T,Total,_T,Total,_T,Total,_Z,Not applicable,_Z,Not applicable,V,Current prices,2020,,6515.942,,,,,,,,,,,,0,Units,1,One
DATAFLOW,OECD.ELS.HD:DSD_SHA@DF_SHA(1.1),Health expenditure and financing,I,NLD,Netherlands,A,Annual,EXP_HEALTH,Expenditure,USD_PPP_PS,"US dollars per person, PPP converted",_T,Total,_Z,Not application,_T,Total,_T,Total,_T,Total,_Z,Not applicable,_Z,Not applicable,V,Current prices,2010,,4471.687,,,,,,,,,,,,0,Units,1,One
DATAFLOW,OECD.ELS.HD:DSD_SHA@DF_SHA(1.1),Health expenditure and financing,I,NLD,Netherlands,A,Annual,EXP_HEALTH,Expenditure,USD_PPP_PS,"US dollars per person, PPP converted",_T,Total,_Z,Not application,_T,Total,_T,Total,_T,Total,_Z,Not applicable,_Z,Not applicable,V,Current prices,2011,,4567.378,,,,,,,,,,,,0,Units,1,One
DATAFLOW,OECD.ELS.HD:DSD_SHA@DF_SHA(1.1),Health expenditure and financing,I,NLD,Netherlands,A,Annual,EXP_HEALTH,Expenditure,USD_PPP_PS,"US dollars per person, PPP converted",_T,Total,_Z,Not application,_T,Total,_T,Total,_T,Total,_Z,Not applicable,_Z,Not applicable,V,Current prices,2017,,5253.774,,,,,,,,,,,,0,Units,1,One
DATAFLOW,OECD.ELS.HD:DSD_SHA@DF_SHA(1.1),Health expenditure and financing,I,NLD,Netherlands,A,Annual,EXP_HEALTH,Expenditure,USD_PPP_PS,"US dollars per person, PPP converted",_T,Total,_Z,Not application,_T,Total,_T,Total,_T,Total,_Z,Not applicable,_Z,Not applicable,V,Current prices,2018,,5482.27,,,,,,,,,,,,0,Units,1,One
DATAFLOW,OECD.ELS.HD:DSD_SHA@DF_SHA(1.1),Health expenditure and financing,I,NLD,Netherlands,A,Annual,EXP_HEALTH,Expenditure,USD_PPP_PS,"US dollars per person, PPP converted",_T,Total,_Z,Not application,_T,Total,_T,Total,_T,Total,_Z,Not applicable,_Z,Not applicable,V,Current prices,2019,,5908.388,,,,,,,,,,,,0,Units,1,One
DATAFLOW,OECD.ELS.HD:DSD_SHA@DF_SHA(1.1),Health expenditure and financing,I,NLD,Netherlands,A,Annual,EXP_HEALTH,Expenditure,USD_PPP_PS,"US dollars per person, PPP converted",_T,Total,_Z,Not application,_T,Total,_T,Total,_T,Total,_Z,Not applicable,_Z,Not applicable,V,Current prices,2012,,4782.333,,,,,,,,,,,,0,Units,1,One
DATAFLOW,OECD.ELS.HD:DSD_SHA@DF_SHA(1.1),Health expenditure and financing,I,NZL,New Zealand,A,Annual,EXP_HEALTH,Expenditure,USD_PPP_PS,"US dollars per person, PPP converted",_T,Total,_Z,Not application,_T,Total,_T,Total,_T,Total,_Z,Not applicable,_Z,Not applicable,V,Current prices,2007,,2538.863,,,,,,,,,,,,0,Units,1,One
DATAFLOW,OECD.ELS.HD:DSD_SHA@DF_SHA(1.1),Health expenditure and financing,I,NZL,New Zealand,A,Annual,EXP_HEALTH,Expenditure,USD_PPP_PS,"US dollars per person, PPP converted",_T,Total,_Z,Not application,_T,Total,_T,Total,_T,Total,_Z,Not applicable,_Z,Not applicable,V,Current prices,2023,,6059.011,,,,,,,,,,,,0,Units,1,One
DATAFLOW,OECD.ELS.HD:DSD_SHA@DF_SHA(1.1),Health expenditure and financing,I,NZL,New Zealand,A,Annual,EXP_HEALTH,Expenditure,USD_PPP_PS,"US dollars per person, PPP converted",_T,Total,_Z,Not application,_T,Total,_T,Total,_T,Total,_Z,Not applicable,_Z,Not applicable,V,Current prices,2006,,2437.757,,,,,,,,,,,,0,Units,1,One
DATAFLOW,OECD.ELS.HD:DSD_SHA@DF_SHA(1.1),Health expenditure and financing,I,NZL,New Zealand,A,Annual,EXP_HEALTH,Expenditure,USD_PPP_PS,"US dollars per person, PPP converted",_T,Total,_Z,Not application,_T,Total,_T,Total,_T,Total,_Z,Not applicable,_Z,Not applicable,V,Current prices,2025,,6057.334,,,,,,E,Estimated value,,,,,0,Units,1,One
DATAFLOW,OECD.ELS.HD:DSD_SHA@DF_SHA(1.1),Health expenditure and financing,I,NZL,New Zealand,A,Annual,EXP_HEALTH,Expenditure,USD_PPP_PS,"US dollars per person, PPP converted",_T,Total,_Z,Not application,_T,Total,_T,Total,_T,Total,_Z,Not applicable,_Z,Not applicable,V,Current prices,2024,,6067.146,,,,,,P,Provisional value,,,,,0,Units,1,One
DATAFLOW,OECD.ELS.HD:DSD_SHA@DF_SHA(1.1),Health expenditure and financing,I,NZL,New Zealand,A,Annual,EXP_HEALTH,Expenditure,USD_PPP_PS,"US dollars per person, PPP converted",_T,Total,_Z,Not application,_T,Total,_T,Total,_T,Total,_Z,Not applicable,_Z,Not applicable,V,Current prices,2005,,2194.439,,,,,,,,,,,,0,Units,1,One
DATAFLOW,OECD.ELS.HD:DSD_SHA@DF_SHA(1.1),Health expenditure and financing,I,NZL,New Zealand,A,Annual,EXP_HEALTH,Expenditure,USD_PPP_PS,"US dollars per person, PPP converted",_T,Total,_Z,Not application,_T,Total,_T,Total,_T,Total,_Z,Not applicable,_Z,Not applicable,V,Current prices,2004,,2077.661,,,,,,,,,,,,0,Units,1,One
DATAFLOW,OECD.ELS.HD:DSD_SHA@DF_SHA(1.1),Health expenditure and financing,I,NZL,New Zealand,A,Annual,EXP_HEALTH,Expenditure,USD_PPP_PS,"US dollars per person, PPP converted",_T,Total,_Z,Not application,_T,Total,_T,Total,_T,Total,_Z,Not applicable,_Z,Not applicable,V,Current prices,2003,,1918.176,,,,,,,,,,,,0,Units,1,One
DATAFLOW,OECD.ELS.HD:DSD_SHA@DF_SHA(1.1),Health expenditure and financing,I,NZL,New Zealand,A,Annual,EXP_HEALTH,Expenditure,USD_PPP_PS,"US dollars per person, PPP converted",_T,Total,_Z,Not application,_T,Total,_T,Total,_T,Total,_Z,Not applicable,_Z,Not applicable,V,Current prices,2002,,1920.964,,,,,,,,,,,,0,Units,1,One
DATAFLOW,OECD.ELS.HD:DSD_SHA@DF_SHA(1.1),Health expenditure and financing,I,NZL,New Zealand,A,Annual,EXP_HEALTH,Expenditure,USD_PPP_PS,"US dollars per person, PPP converted",_T,Total,_Z,Not application,_T,Total,_T,Total,_T,Total,_Z,Not applicable,_Z,Not applicable,V,Current prices,2001,,1800.582,,,,,,,,,,,,0,Units,1,One
DATAFLOW,OECD.ELS.HD:DSD_SHA@DF_SHA(1.1),Health expenditure and financing,I,NZL,New Zealand,A,Annual,EXP_HEALTH,Expenditure,USD_PPP_PS,"US dollars per person, PPP converted",_T,Total,_Z,Not application,_T,Total,_T,Total,_T,Total,_Z,Not applicable,_Z,Not applicable,V,Current prices,2000,,1659.525,,,,,,,,,,,,0,Units,1,One
DATAFLOW,OECD.ELS.HD:DSD_SHA@DF_SHA(1.1),Health expenditure and financing,I,NZL,New Zealand,A,Annual,EXP_HEALTH,Expenditure,USD_PPP_PS,"US dollars per person, PPP converted",_T,Total,_Z,Not application,_T,Total,_T,Total,_T,Total,_Z,Not applicable,_Z,Not applicable,V,Current prices,2022,,6158.614,,,,,,,,,,,,0,Units,1,One
DATAFLOW,OECD.ELS.HD:DSD_SHA@DF_SHA(1.1),Health expenditure and financing,I,NZL,New Zealand,A,Annual,EXP_HEALTH,Expenditure,USD_PPP_PS,"US dollars per person, PPP converted",_T,Total,_Z,Not application,_T,Total,_T,Total,_T,Total,_Z,Not applicable,_Z,Not applicable,V,Current prices,2021,,4869.351,,,,,,,,,,,,0,Units,1,One
DATAFLOW,OECD.ELS.HD:DSD_SHA@DF_SHA(1.1),Health expenditure and financing,I,NZL,New Zealand,A,Annual,EXP_HEALTH,Expenditure,USD_PPP_PS,"US dollars per person, PPP converted",_T,Total,_Z,Not application,_T,Total,_T,Total,_T,Total,_Z,Not applicable,_Z,Not applicable,V,Current prices,2020,,4352.668,,,,,,,,,,,,0,Units,1,One
DATAFLOW,OECD.ELS.HD:DSD_SHA@DF_SHA(1.1),Health expenditure and financing,I,NZL,New Zealand,A,Annual,EXP_HEALTH,Expenditure,USD_PPP_PS,"US dollars per person, PPP converted",_T,Total,_Z,Not application,_T,Total,_T,Total,_T,Total,_Z,Not applicable,_Z,Not applicable,V,Current prices,2019,,4003.766,,,,,,,,,,,,0,Units,1,One
DATAFLOW,OECD.ELS.HD:DSD_SHA@DF_SHA(1.1),Health expenditure and financing,I,NZL,New Zealand,A,Annual,EXP_HEALTH,Expenditure,USD_PPP_PS,"US dollars per person, PPP converted",_T,Total,_Z,Not application,_T,Total,_T,Total,_T,Total,_Z,Not applicable,_Z,Not applicable,V,Current prices,2018,,3712.001,,,,,,,,,,,,0,Units,1,One
DATAFLOW,OECD.ELS.HD:DSD_SHA@DF_SHA(1.1),Health expenditure and financing,I,ISR,Israel,A,Annual,EXP_HEALTH,Expenditure,USD_PPP_PS,"US dollars per person, PPP converted",_T,Total,_Z,Not application,_T,Total,_T,Total,_T,Total,_Z,Not applicable,_Z,Not applicable,V,Current prices,2014,,2237.584,,,,,,,,,,,,0,Units,1,One
DATAFLOW,OECD.ELS.HD:DSD_SHA@DF_SHA(1.1),Health expenditure and financing,I,DNK,Denmark,A,Annual,EXP_HEALTH,Expenditure,USD_PPP_PS,"US dollars per person, PPP converted",_T,Total,_Z,Not application,_T,Total,_T,Total,_T,Total,_Z,Not applicable,_Z,Not applicable,V,Current prices,2004,,2919.718,,,,,,,,,,,,0,Units,1,One
DATAFLOW,OECD.ELS.HD:DSD_SHA@DF_SHA(1.1),Health expenditure and financing,I,DNK,Denmark,A,Annual,EXP_HEALTH,Expenditure,USD_PPP_PS,"US dollars per person, PPP converted",_T,Total,_Z,Not application,_T,Total,_T,Total,_T,Total,_Z,Not applicable,_Z,Not applicable,V,Current prices,2013,,4517.248,,,,,,,,,,,,0,Units,1,One
DATAFLOW,OECD.ELS.HD:DSD_SHA@DF_SHA(1.1),Health expenditure and financing,I,DNK,Denmark,A,Annual,EXP_HEALTH,Expenditure,USD_PPP_PS,"US dollars per person, PPP converted",_T,Total,_Z,Not application,_T,Total,_T,Total,_T,Total,_Z,Not applicable,_Z,Not applicable,V,Current prices,2014,,4589.765,,,,,,,,,,,,0,Units,1,One
DATAFLOW,OECD.ELS.HD:DSD_SHA@DF_SHA(1.1),Health expenditure and financing,I,AUT,Austria,A,Annual,EXP_HEALTH,Expenditure,USD_PPP_PS,"US dollars per person, PPP converted",_T,Total,_Z,Not application,_T,Total,_T,Total,_T,Total,_Z,Not applicable,_Z,Not applicable,V,Current prices,2012,,4604.588,,,,,,,,,,,,0,Units,1,One
DATAFLOW,OECD.ELS.HD:DSD_SHA@DF_SHA(1.1),Health expenditure and financing,I,AUT,Austria,A,Annual,EXP_HEALTH,Expenditure,USD_PPP_PS,"US dollars per person, PPP converted",_T,Total,_Z,Not application,_T,Total,_T,Total,_T,Total,_Z,Not applicable,_Z,Not applicable,V,Current prices,2011,,4365.426,,,,,,,,,,,,0,Units,1,One
DATAFLOW,OECD.ELS.HD:DSD_SHA@DF_SHA(1.1),Health expenditure and financing,I,AUT,Austria,A,Annual,EXP_HEALTH,Expenditure,USD_PPP_PS,"US dollars per person, PPP converted",_T,Total,_Z,Not application,_T,Total,_T,Total,_T,Total,_Z,Not applicable,_Z,Not applicable,V,Current prices,2010,,4269.117,,,,,,,,,,,,0,Units,1,One
DATAFLOW,OECD.ELS.HD:DSD_SHA@DF_SHA(1.1),Health expenditure and financing,I,AUT,Austria,A,Annual,EXP_HEALTH,Expenditure,USD_PPP_PS,"US dollars per person, PPP converted",_T,Total,_Z,Not application,_T,Total,_T,Total,_T,Total,_Z,Not applicable,_Z,Not applicable,V,Current prices,2009,,4103.221,,,,,,,,,,,,0,Units,1,One
DATAFLOW,OECD.ELS.HD:DSD_SHA@DF_SHA(1.1),Health expenditure and financing,I,AUT,Austria,A,Annual,EXP_HEALTH,Expenditure,USD_PPP_PS,"US dollars per person, PPP converted",_T,Total,_Z,Not application,_T,Total,_T,Total,_T,Total,_Z,Not applicable,_Z,Not applicable,V,Current prices,2008,,4027.601,,,,,,,,,,,,0,Units,1,One
DATAFLOW,OECD.ELS.HD:DSD_SHA@DF_SHA(1.1),Health expenditure and financing,I,AUT,Austria,A,Annual,EXP_HEALTH,Expenditure,USD_PPP_PS,"US dollars per person, PPP converted",_T,Total,_Z,Not application,_T,Total,_T,Total,_T,Total,_Z,Not applicable,_Z,Not applicable,V,Current prices,2007,,3801.073,,,,,,,,,,,,0,Units,1,One
DATAFLOW,OECD.ELS.HD:DSD_SHA@DF_SHA(1.1),Health expenditure and financing,I,EST,Estonia,A,Annual,EXP_HEALTH,Expenditure,USD_PPP_PS,"US dollars per person, PPP converted",_T,Total,_Z,Not application,_T,Total,_T,Total,_T,Total,_Z,Not applicable,_Z,Not applicable,V,Current prices,2023,,3568.142,,,,,,,,,,,,0,Units,1,One
DATAFLOW,OECD.ELS.HD:DSD_SHA@DF_SHA(1.1),Health expenditure and financing,I,EST,Estonia,A,Annual,EXP_HEALTH,Expenditure,USD_PPP_PS,"US dollars per person, PPP converted",_T,Total,_Z,Not application,_T,Total,_T,Total,_T,Total,_Z,Not applicable,_Z,Not applicable,V,Current prices,2020,,2921.922,,,,,,,,,,,,0,Units,1,One
DATAFLOW,OECD.ELS.HD:DSD_SHA@DF_SHA(1.1),Health expenditure and financing,I,EST,Estonia,A,Annual,EXP_HEALTH,Expenditure,USD_PPP_PS,"US dollars per person, PPP converted",_T,Total,_Z,Not application,_T,Total,_T,Total,_T,Total,_Z,Not applicable,_Z,Not applicable,V,Current prices,2021,,3175.924,,,,,,,,,,,,0,Units,1,One
DATAFLOW,OECD.ELS.HD:DSD_SHA@DF_SHA(1.1),Health expenditure and financing,I,EST,Estonia,A,Annual,EXP_HEALTH,Expenditure,USD_PPP_PS,"US dollars per person, PPP converted",_T,Total,_Z,Not application,_T,Total,_T,Total,_T,Total,_Z,Not applicable,_Z,Not applicable,V,Current prices,2018,,2364.073,,,,,,,,,,,,0,Units,1,One
DATAFLOW,OECD.ELS.HD:DSD_SHA@DF_SHA(1.1),Health expenditure and financing,I,EST,Estonia,A,Annual,EXP_HEALTH,Expenditure,USD_PPP_PS,"US dollars per person, PPP converted",_T,Total,_Z,Not application,_T,Total,_T,Total,_T,Total,_Z,Not applicable,_Z,Not applicable,V,Current prices,2019,,2613.77,,,,,,,,,,,,0,Units,1,One
DATAFLOW,OECD.ELS.HD:DSD_SHA@DF_SHA(1.1),Health expenditure and financing,I,ITA,Italy,A,Annual,EXP_HEALTH,Expenditure,USD_PPP_PS,"US dollars per person, PPP converted",_T,Total,_Z,Not application,_T,Total,_T,Total,_T,Total,_Z,Not applicable,_Z,Not applicable,V,Current prices,2006,,2649.606,,,,,,,,,,,,0,Units,1,One
DATAFLOW,OECD.ELS.HD:DSD_SHA@DF_SHA(1.1),Health expenditure and financing,I,ITA,Italy,A,Annual,EXP_HEALTH,Expenditure,USD_PPP_PS,"US dollars per person, PPP converted",_T,Total,_Z,Not application,_T,Total,_T,Total,_T,Total,_Z,Not applicable,_Z,Not applicable,V,Current prices,2005,,2495.609,,,,,,,,,,,,0,Units,1,One
DATAFLOW,OECD.ELS.HD:DSD_SHA@DF_SHA(1.1),Health expenditure and financing,I,ITA,Italy,A,Annual,EXP_HEALTH,Expenditure,USD_PPP_PS,"US dollars per person, PPP converted",_T,Total,_Z,Not application,_T,Total,_T,Total,_T,Total,_Z,Not applicable,_Z,Not applicable,V,Current prices,2004,,2444.214,,,,,,,,,,,,0,Units,1,One
DATAFLOW,OECD.ELS.HD:DSD_SHA@DF_SHA(1.1),Health expenditure and financing,I,ITA,Italy,A,Annual,EXP_HEALTH,Expenditure,USD_PPP_PS,"US dollars per person, PPP converted",_T,Total,_Z,Not application,_T,Total,_T,Total,_T,Total,_Z,Not applicable,_Z,Not applicable,V,Current prices,2003,,2285.052,,,,,,,,,,,,0,Units,1,One
DATAFLOW,OECD.ELS.HD:DSD_SHA@DF_SHA(1.1),Health expenditure and financing,I,ITA,Italy,A,Annual,EXP_HEALTH,Expenditure,USD_PPP_PS,"US dollars per person, PPP converted",_T,Total,_Z,Not application,_T,Total,_T,Total,_T,Total,_Z,Not applicable,_Z,Not applicable,V,Current prices,2002,,2291.476,,,,,,,,,,,,0,Units,1,One
DATAFLOW,OECD.ELS.HD:DSD_SHA@DF_SHA(1.1),Health expenditure and financing,I,ITA,Italy,A,Annual,EXP_HEALTH,Expenditure,USD_PPP_PS,"US dollars per person, PPP converted",_T,Total,_Z,Not application,_T,Total,_T,Total,_T,Total,_Z,Not applicable,_Z,Not applicable,V,Current prices,2001,,2151.969,,,,,,,,,,,,0,Units,1,One
DATAFLOW,OECD.ELS.HD:DSD_SHA@DF_SHA(1.1),Health expenditure and financing,I,ITA,Italy,A,Annual,EXP_HEALTH,Expenditure,USD_PPP_PS,"US dollars per person, PPP converted",_T,Total,_Z,Not application,_T,Total,_T,Total,_T,Total,_Z,Not applicable,_Z,Not applicable,V,Current prices,2000,,2030.925,,,,,,,,,,,,0,Units,1,One
DATAFLOW,OECD.ELS.HD:DSD_SHA@DF_SHA(1.1),Health expenditure and financing,I,JPN,Japan,A,Annual,EXP_HEALTH,Expenditure,USD_PPP_PS,"US dollars per person, PPP converted",_T,Total,_Z,Not application,_T,Total,_T,Total,_T,Total,_Z,Not applicable,_Z,Not applicable,V,Current prices,2020,,4858.511,,,,,,,,,,,,0,Units,1,One
DATAFLOW,OECD.ELS.HD:DSD_SHA@DF_SHA(1.1),Health expenditure and financing,I,JPN,Japan,A,Annual,EXP_HEALTH,Expenditure,USD_PPP_PS,"US dollars per person, PPP converted",_T,Total,_Z,Not application,_T,Total,_T,Total,_T,Total,_Z,Not applicable,_Z,Not applicable,V,Current prices,2025,,5872.61,,,,,,E,Estimated value,,,,,0,Units,1,One
DATAFLOW,OECD.ELS.HD:DSD_SHA@DF_SHA(1.1),Health expenditure and financing,I,JPN,Japan,A,Annual,EXP_HEALTH,Expenditure,USD_PPP_PS,"US dollars per person, PPP converted",_T,Total,_Z,Not application,_T,Total,_T,Total,_T,Total,_Z,Not applicable,_Z,Not applicable,V,Current prices,2004,,2303.696,,,,,,,,,,,,0,Units,1,One
DATAFLOW,OECD.ELS.HD:DSD_SHA@DF_SHA(1.1),Health expenditure and financing,I,JPN,Japan,A,Annual,EXP_HEALTH,Expenditure,USD_PPP_PS,"US dollars per person, PPP converted",_T,Total,_Z,Not application,_T,Total,_T,Total,_T,Total,_Z,Not applicable,_Z,Not applicable,V,Current prices,2003,,2194.413,,,,,,,,,,,,0,Units,1,One
DATAFLOW,OECD.ELS.HD:DSD_SHA@DF_SHA(1.1),Health expenditure and financing,I,JPN,Japan,A,Annual,EXP_HEALTH,Expenditure,USD_PPP_PS,"US dollars per person, PPP converted",_T,Total,_Z,Not application,_T,Total,_T,Total,_T,Total,_Z,Not applicable,_Z,Not applicable,V,Current prices,2002,,2065.133,,,,,,,,,,,,0,Units,1,One
DATAFLOW,OECD.ELS.HD:DSD_SHA@DF_SHA(1.1),Health expenditure and financing,I,JPN,Japan,A,Annual,EXP_HEALTH,Expenditure,USD_PPP_PS,"US dollars per person, PPP converted",_T,Total,_Z,Not application,_T,Total,_T,Total,_T,Total,_Z,Not applicable,_Z,Not applicable,V,Current prices,2001,,1945.546,,,,,,,,,,,,0,Units,1,One
DATAFLOW,OECD.ELS.HD:DSD_SHA@DF_SHA(1.1),Health expenditure and financing,I,JPN,Japan,A,Annual,EXP_HEALTH,Expenditure,USD_PPP_PS,"US dollars per person, PPP converted",_T,Total,_Z,Not application,_T,Total,_T,Total,_T,Total,_Z,Not applicable,_Z,Not applicable,V,Current prices,2000,,1847.781,,,,,,,,,,,,0,Units,1,One
DATAFLOW,OECD.ELS.HD:DSD_SHA@DF_SHA(1.1),Health expenditure and financing,I,JPN,Japan,A,Annual,EXP_HEALTH,Expenditure,USD_PPP_PS,"US dollars per person, PPP converted",_T,Total,_Z,Not application,_T,Total,_T,Total,_T,Total,_Z,Not applicable,_Z,Not applicable,V,Current prices,2019,,4659.58,,,,,,,,,,,,0,Units,1,One
DATAFLOW,OECD.ELS.HD:DSD_SHA@DF_SHA(1.1),Health expenditure and financing,I,JPN,Japan,A,Annual,EXP_HEALTH,Expenditure,USD_PPP_PS,"US dollars per person, PPP converted",_T,Total,_Z,Not application,_T,Total,_T,Total,_T,Total,_Z,Not applicable,_Z,Not applicable,V,Current prices,2018,,4543.305,,,,,,,,,,,,0,Units,1,One
DATAFLOW,OECD.ELS.HD:DSD_SHA@DF_SHA(1.1),Health expenditure and financing,I,EST,Estonia,A,Annual,EXP_HEALTH,Expenditure,USD_PPP_PS,"US dollars per person, PPP converted",_T,Total,_Z,Not application,_T,Total,_T,Total,_T,Total,_Z,Not applicable,_Z,Not applicable,V,Current prices,2007,,1184.058,,,,,,,,,,,,0,Units,1,One
DATAFLOW,OECD.ELS.HD:DSD_SHA@DF_SHA(1.1),Health expenditure and financing,I,EST,Estonia,A,Annual,EXP_HEALTH,Expenditure,USD_PPP_PS,"US dollars per person, PPP converted",_T,Total,_Z,Not application,_T,Total,_T,Total,_T,Total,_Z,Not applicable,_Z,Not applicable,V,Current prices,2013,,1707.913,,,,,,,,,,,,0,Units,1,One
DATAFLOW,OECD.ELS.HD:DSD_SHA@DF_SHA(1.1),Health expenditure and financing,I,EST,Estonia,A,Annual,EXP_HEALTH,Expenditure,USD_PPP_PS,"US dollars per person, PPP converted",_T,Total,_Z,Not application,_T,Total,_T,Total,_T,Total,_Z,Not applicable,_Z,Not applicable,V,Current prices,2010,,1421.081,,,,,,,,,,,,0,Units,1,One
DATAFLOW,OECD.ELS.HD:DSD_SHA@DF_SHA(1.1),Health expenditure and financing,I,JPN,Japan,A,Annual,EXP_HEALTH,Expenditure,USD_PPP_PS,"US dollars per person, PPP converted",_T,Total,_Z,Not application,_T,Total,_T,Total,_T,Total,_Z,Not applicable,_Z,Not applicable,V,Current prices,2014,,4328.364,,,,,,,,,,,,0,Units,1,One
DATAFLOW,OECD.ELS.HD:DSD_SHA@DF_SHA(1.1),Health expenditure and financing,I,JPN,Japan,A,Annual,EXP_HEALTH,Expenditure,USD_PPP_PS,"US dollars per person, PPP converted",_T,Total,_Z,Not application,_T,Total,_T,Total,_T,Total,_Z,Not applicable,_Z,Not applicable,V,Current prices,2013,,4308.252,,,,,,,,,,,,0,Units,1,One
DATAFLOW,OECD.ELS.HD:DSD_SHA@DF_SHA(1.1),Health expenditure and financing,I,JPN,Japan,A,Annual,EXP_HEALTH,Expenditure,USD_PPP_PS,"US dollars per person, PPP converted",_T,Total,_Z,Not application,_T,Total,_T,Total,_T,Total,_Z,Not applicable,_Z,Not applicable,V,Current prices,2012,,3970.765,,,,,,,,,,,,0,Units,1,One
DATAFLOW,OECD.ELS.HD:DSD_SHA@DF_SHA(1.1),Health expenditure and financing,I,JPN,Japan,A,Annual,EXP_HEALTH,Expenditure,USD_PPP_PS,"US dollars per person, PPP converted",_T,Total,_Z,Not application,_T,Total,_T,Total,_T,Total,_Z,Not applicable,_Z,Not applicable,V,Current prices,2010,,3169.22,,,,,,,,,,,,0,Units,1,One
DATAFLOW,OECD.ELS.HD:DSD_SHA@DF_SHA(1.1),Health expenditure and financing,I,JPN,Japan,A,Annual,EXP_HEALTH,Expenditure,USD_PPP_PS,"US dollars per person, PPP converted",_T,Total,_Z,Not application,_T,Total,_T,Total,_T,Total,_Z,Not applicable,_Z,Not applicable,V,Current prices,2009,,2971.376,,,,,,,,,,,,0,Units,1,One
DATAFLOW,OECD.ELS.HD:DSD_SHA@DF_SHA(1.1),Health expenditure and financing,I,JPN,Japan,A,Annual,EXP_HEALTH,Expenditure,USD_PPP_PS,"US dollars per person, PPP converted",_T,Total,_Z,Not application,_T,Total,_T,Total,_T,Total,_Z,Not applicable,_Z,Not applicable,V,Current prices,2008,,2799.198,,,,,,,,,,,,0,Units,1,One
DATAFLOW,OECD.ELS.HD:DSD_SHA@DF_SHA(1.1),Health expenditure and financing,I,JPN,Japan,A,Annual,EXP_HEALTH,Expenditure,USD_PPP_PS,"US dollars per person, PPP converted",_T,Total,_Z,Not application,_T,Total,_T,Total,_T,Total,_Z,Not applicable,_Z,Not applicable,V,Current prices,2007,,2689.95,,,,,,,,,,,,0,Units,1,One
DATAFLOW,OECD.ELS.HD:DSD_SHA@DF_SHA(1.1),Health expenditure and financing,I,JPN,Japan,A,Annual,EXP_HEALTH,Expenditure,USD_PPP_PS,"US dollars per person, PPP converted",_T,Total,_Z,Not application,_T,Total,_T,Total,_T,Total,_Z,Not applicable,_Z,Not applicable,V,Current prices,2006,,2561.207,,,,,,,,,,,,0,Units,1,One
DATAFLOW,OECD.ELS.HD:DSD_SHA@DF_SHA(1.1),Health expenditure and financing,I,JPN,Japan,A,Annual,EXP_HEALTH,Expenditure,USD_PPP_PS,"US dollars per person, PPP converted",_T,Total,_Z,Not application,_T,Total,_T,Total,_T,Total,_Z,Not applicable,_Z,Not applicable,V,Current prices,2005,,2471.186,,,,,,,,,,,,0,Units,1,One
DATAFLOW,OECD.ELS.HD:DSD_SHA@DF_SHA(1.1),Health expenditure and financing,I,JPN,Japan,A,Annual,EXP_HEALTH,Expenditure,USD_PPP_PS,"US dollars per person, PPP converted",_T,Total,_Z,Not application,_T,Total,_T,Total,_T,Total,_Z,Not applicable,_Z,Not applicable,V,Current prices,2011,,3740.756,,,,,,B,Time series break,,,,,0,Units,1,One
DATAFLOW,OECD.ELS.HD:DSD_SHA@DF_SHA(1.1),Health expenditure and financing,I,JPN,Japan,A,Annual,EXP_HEALTH,Expenditure,USD_PPP_PS,"US dollars per person, PPP converted",_T,Total,_Z,Not application,_T,Total,_T,Total,_T,Total,_Z,Not applicable,_Z,Not applicable,V,Current prices,2024,,5884.151,,,,,,P,Provisional value,,,,,0,Units,1,One
DATAFLOW,OECD.ELS.HD:DSD_SHA@DF_SHA(1.1),Health expenditure and financing,I,JPN,Japan,A,Annual,EXP_HEALTH,Expenditure,USD_PPP_PS,"US dollars per person, PPP converted",_T,Total,_Z,Not application,_T,Total,_T,Total,_T,Total,_Z,Not applicable,_Z,Not applicable,V,Current prices,2023,,5963.557,,,,,,,,,,,,0,Units,1,One
DATAFLOW,OECD.ELS.HD:DSD_SHA@DF_SHA(1.1),Health expenditure and financing,I,JPN,Japan,A,Annual,EXP_HEALTH,Expenditure,USD_PPP_PS,"US dollars per person, PPP converted",_T,Total,_Z,Not application,_T,Total,_T,Total,_T,Total,_Z,Not applicable,_Z,Not applicable,V,Current prices,2022,,5878.23,,,,,,,,,,,,0,Units,1,One
DATAFLOW,OECD.ELS.HD:DSD_SHA@DF_SHA(1.1),Health expenditure and financing,I,KOR,Korea,A,Annual,EXP_HEALTH,Expenditure,USD_PPP_PS,"US dollars per person, PPP converted",_T,Total,_Z,Not application,_T,Total,_T,Total,_T,Total,_Z,Not applicable,_Z,Not applicable,V,Current prices,2024,,5098.699,,,,,,,,,,,,0,Units,1,One
DATAFLOW,OECD.ELS.HD:DSD_SHA@DF_SHA(1.1),Health expenditure and financing,I,KOR,Korea,A,Annual,EXP_HEALTH,Expenditure,USD_PPP_PS,"US dollars per person, PPP converted",_T,Total,_Z,Not application,_T,Total,_T,Total,_T,Total,_Z,Not applicable,_Z,Not applicable,V,Current prices,2023,,4756.55,,,,,,,,,,,,0,Units,1,One
DATAFLOW,OECD.ELS.HD:DSD_SHA@DF_SHA(1.1),Health expenditure and financing,I,KOR,Korea,A,Annual,EXP_HEALTH,Expenditure,USD_PPP_PS,"US dollars per person, PPP converted",_T,Total,_Z,Not application,_T,Total,_T,Total,_T,Total,_Z,Not applicable,_Z,Not applicable,V,Current prices,2005,,1186.364,,,,,,,,,,,,0,Units,1,One
DATAFLOW,OECD.ELS.HD:DSD_SHA@DF_SHA(1.1),Health expenditure and financing,I,SVK,Slovak Republic,A,Annual,EXP_HEALTH,Expenditure,USD_PPP_PS,"US dollars per person, PPP converted",_T,Total,_Z,Not application,_T,Total,_T,Total,_T,Total,_Z,Not applicable,_Z,Not applicable,V,Current prices,2008,,1687.058,,,,,,B,Time series break,,,,,0,Units,1,One
DATAFLOW,OECD.ELS.HD:DSD_SHA@DF_SHA(1.1),Health expenditure and financing,I,SVK,Slovak Republic,A,Annual,EXP_HEALTH,Expenditure,USD_PPP_PS,"US dollars per person, PPP converted",_T,Total,_Z,Not application,_T,Total,_T,Total,_T,Total,_Z,Not applicable,_Z,Not applicable,V,Current prices,2004,,1100.297,,,,,,B,Time series break,,,,,0,Units,1,One
DATAFLOW,OECD.ELS.HD:DSD_SHA@DF_SHA(1.1),Health expenditure and financing,I,SVK,Slovak Republic,A,Annual,EXP_HEALTH,Expenditure,USD_PPP_PS,"US dollars per person, PPP converted",_T,Total,_Z,Not application,_T,Total,_T,Total,_T,Total,_Z,Not applicable,_Z,Not applicable,V,Current prices,2025,,4061.4,,,,,,E,Estimated value,,,,,0,Units,1,One
DATAFLOW,OECD.ELS.HD:DSD_SHA@DF_SHA(1.1),Health expenditure and financing,I,SVK,Slovak Republic,A,Annual,EXP_HEALTH,Expenditure,USD_PPP_PS,"US dollars per person, PPP converted",_T,Total,_Z,Not application,_T,Total,_T,Total,_T,Total,_Z,Not applicable,_Z,Not applicable,V,Current prices,2024,,3923.089,,,,,,,,,,,,0,Units,1,One
DATAFLOW,OECD.ELS.HD:DSD_SHA@DF_SHA(1.1),Health expenditure and financing,I,SVK,Slovak Republic,A,Annual,EXP_HEALTH,Expenditure,USD_PPP_PS,"US dollars per person, PPP converted",_T,Total,_Z,Not application,_T,Total,_T,Total,_T,Total,_Z,Not applicable,_Z,Not applicable,V,Current prices,2023,,3484.26,,,,,,,,,,,,0,Units,1,One
DATAFLOW,OECD.ELS.HD:DSD_SHA@DF_SHA(1.1),Health expenditure and financing,I,SVK,Slovak Republic,A,Annual,EXP_HEALTH,Expenditure,USD_PPP_PS,"US dollars per person, PPP converted",_T,Total,_Z,Not application,_T,Total,_T,Total,_T,Total,_Z,Not applicable,_Z,Not applicable,V,Current prices,2022,,3185.926,,,,,,,,,,,,0,Units,1,One
DATAFLOW,OECD.ELS.HD:DSD_SHA@DF_SHA(1.1),Health expenditure and financing,I,SVK,Slovak Republic,A,Annual,EXP_HEALTH,Expenditure,USD_PPP_PS,"US dollars per person, PPP converted",_T,Total,_Z,Not application,_T,Total,_T,Total,_T,Total,_Z,Not applicable,_Z,Not applicable,V,Current prices,2021,,2921.945,,,,,,,,,,,,0,Units,1,One
DATAFLOW,OECD.ELS.HD:DSD_SHA@DF_SHA(1.1),Health expenditure and financing,I,SVK,Slovak Republic,A,Annual,EXP_HEALTH,Expenditure,USD_PPP_PS,"US dollars per person, PPP converted",_T,Total,_Z,Not application,_T,Total,_T,Total,_T,Total,_Z,Not applicable,_Z,Not applicable,V,Current prices,2020,,2448.986,,,,,,,,,,,,0,Units,1,One
DATAFLOW,OECD.ELS.HD:DSD_SHA@DF_SHA(1.1),Health expenditure and financing,I,SVK,Slovak Republic,A,Annual,EXP_HEALTH,Expenditure,USD_PPP_PS,"US dollars per person, PPP converted",_T,Total,_Z,Not application,_T,Total,_T,Total,_T,Total,_Z,Not applicable,_Z,Not applicable,V,Current prices,2019,,2282.531,,,,,,,,,,,,0,Units,1,One
DATAFLOW,OECD.ELS.HD:DSD_SHA@DF_SHA(1.1),Health expenditure and financing,I,SVK,Slovak Republic,A,Annual,EXP_HEALTH,Expenditure,USD_PPP_PS,"US dollars per person, PPP converted",_T,Total,_Z,Not application,_T,Total,_T,Total,_T,Total,_Z,Not applicable,_Z,Not applicable,V,Current prices,2018,,2008.975,,,,,,,,,,,,0,Units,1,One
DATAFLOW,OECD.ELS.HD:DSD_SHA@DF_SHA(1.1),Health expenditure and financing,I,SVK,Slovak Republic,A,Annual,EXP_HEALTH,Expenditure,USD_PPP_PS,"US dollars per person, PPP converted",_T,Total,_Z,Not application,_T,Total,_T,Total,_T,Total,_Z,Not applicable,_Z,Not applicable,V,Current prices,2017,,1974.466,,,,,,,,,,,,0,Units,1,One
DATAFLOW,OECD.ELS.HD:DSD_SHA@DF_SHA(1.1),Health expenditure and financing,I,SVK,Slovak Republic,A,Annual,EXP_HEALTH,Expenditure,USD_PPP_PS,"US dollars per person, PPP converted",_T,Total,_Z,Not application,_T,Total,_T,Total,_T,Total,_Z,Not applicable,_Z,Not applicable,V,Current prices,2016,,2039.611,,,,,,,,,,,,0,Units,1,One
DATAFLOW,OECD.ELS.HD:DSD_SHA@DF_SHA(1.1),Health expenditure and financing,I,SVK,Slovak Republic,A,Annual,EXP_HEALTH,Expenditure,USD_PPP_PS,"US dollars per person, PPP converted",_T,Total,_Z,Not application,_T,Total,_T,Total,_T,Total,_Z,Not applicable,_Z,Not applicable,V,Current prices,2015,,2059.132,,,,,,,,,,,,0,Units,1,One
DATAFLOW,OECD.ELS.HD:DSD_SHA@DF_SHA(1.1),Health expenditure and financing,I,SVK,Slovak Republic,A,Annual,EXP_HEALTH,Expenditure,USD_PPP_PS,"US dollars per person, PPP converted",_T,Total,_Z,Not application,_T,Total,_T,Total,_T,Total,_Z,Not applicable,_Z,Not applicable,V,Current prices,2014,,2010.11,,,,,,,,,,,,0,Units,1,One
DATAFLOW,OECD.ELS.HD:DSD_SHA@DF_SHA(1.1),Health expenditure and financing,I,SVK,Slovak Republic,A,Annual,EXP_HEALTH,Expenditure,USD_PPP_PS,"US dollars per person, PPP converted",_T,Total,_Z,Not application,_T,Total,_T,Total,_T,Total,_Z,Not applicable,_Z,Not applicable,V,Current prices,2013,,2153.698,,,,,,,,,,,,0,Units,1,One
DATAFLOW,OECD.ELS.HD:DSD_SHA@DF_SHA(1.1),Health expenditure and financing,I,SVK,Slovak Republic,A,Annual,EXP_HEALTH,Expenditure,USD_PPP_PS,"US dollars per person, PPP converted",_T,Total,_Z,Not application,_T,Total,_T,Total,_T,Total,_Z,Not applicable,_Z,Not applicable,V,Current prices,2011,,1974.761,,,,,,,,,,,,0,Units,1,One
DATAFLOW,OECD.ELS.HD:DSD_SHA@DF_SHA(1.1),Health expenditure and financing,I,SVK,Slovak Republic,A,Annual,EXP_HEALTH,Expenditure,USD_PPP_PS,"US dollars per person, PPP converted",_T,Total,_Z,Not application,_T,Total,_T,Total,_T,Total,_Z,Not applicable,_Z,Not applicable,V,Current prices,2010,,2009.976,,,,,,,,,,,,0,Units,1,One
DATAFLOW,OECD.ELS.HD:DSD_SHA@DF_SHA(1.1),Health expenditure and financing,I,SVK,Slovak Republic,A,Annual,EXP_HEALTH,Expenditure,USD_PPP_PS,"US dollars per person, PPP converted",_T,Total,_Z,Not application,_T,Total,_T,Total,_T,Total,_Z,Not applicable,_Z,Not applicable,V,Current prices,2009,,1810.93,,,,,,,,,,,,0,Units,1,One
DATAFLOW,OECD.ELS.HD:DSD_SHA@DF_SHA(1.1),Health expenditure and financing,I,SVK,Slovak Republic,A,Annual,EXP_HEALTH,Expenditure,USD_PPP_PS,"US dollars per person, PPP converted",_T,Total,_Z,Not application,_T,Total,_T,Total,_T,Total,_Z,Not applicable,_Z,Not applicable,V,Current prices,2007,,1584.545,,,,,,,,,,,,0,Units,1,One
DATAFLOW,OECD.ELS.HD:DSD_SHA@DF_SHA(1.1),Health expenditure and financing,I,SVK,Slovak Republic,A,Annual,EXP_HEALTH,Expenditure,USD_PPP_PS,"US dollars per person, PPP converted",_T,Total,_Z,Not application,_T,Total,_T,Total,_T,Total,_Z,Not applicable,_Z,Not applicable,V,Current prices,2006,,1342.043,,,,,,,,,,,,0,Units,1,One
DATAFLOW,OECD.ELS.HD:DSD_SHA@DF_SHA(1.1),Health expenditure and financing,I,SVK,Slovak Republic,A,Annual,EXP_HEALTH,Expenditure,USD_PPP_PS,"US dollars per person, PPP converted",_T,Total,_Z,Not application,_T,Total,_T,Total,_T,Total,_Z,Not applicable,_Z,Not applicable,V,Current prices,2003,,876.243,,,,,,,,,,,,0,Units,1,One
DATAFLOW,OECD.ELS.HD:DSD_SHA@DF_SHA(1.1),Health expenditure and financing,I,SVK,Slovak Republic,A,Annual,EXP_HEALTH,Expenditure,USD_PPP_PS,"US dollars per person, PPP converted",_T,Total,_Z,Not application,_T,Total,_T,Total,_T,Total,_Z,Not applicable,_Z,Not applicable,V,Current prices,2002,,868.625,,,,,,,,,,,,0,Units,1,One
DATAFLOW,OECD.ELS.HD:DSD_SHA@DF_SHA(1.1),Health expenditure and financing,I,SVK,Slovak Republic,A,Annual,EXP_HEALTH,Expenditure,USD_PPP_PS,"US dollars per person, PPP converted",_T,Total,_Z,Not application,_T,Total,_T,Total,_T,Total,_Z,Not applicable,_Z,Not applicable,V,Current prices,2001,,758.991,,,,,,,,,,,,0,Units,1,One
DATAFLOW,OECD.ELS.HD:DSD_SHA@DF_SHA(1.1),Health expenditure and financing,I,SVK,Slovak Republic,A,Annual,EXP_HEALTH,Expenditure,USD_PPP_PS,"US dollars per person, PPP converted",_T,Total,_Z,Not application,_T,Total,_T,Total,_T,Total,_Z,Not applicable,_Z,Not applicable,V,Current prices,2000,,690.606,,,,,,,,,,,,0,Units,1,One
DATAFLOW,OECD.ELS.HD:DSD_SHA@DF_SHA(1.1),Health expenditure and financing,I,SVN,Slovenia,A,Annual,EXP_HEALTH,Expenditure,USD_PPP_PS,"US dollars per person, PPP converted",_T,Total,_Z,Not application,_T,Total,_T,Total,_T,Total,_Z,Not applicable,_Z,Not applicable,V,Current prices,2017,,2832.649,,,,,,,,,,,,0,Units,1,One
DATAFLOW,OECD.ELS.HD:DSD_SHA@DF_SHA(1.1),Health expenditure and financing,I,SVN,Slovenia,A,Annual,EXP_HEALTH,Expenditure,USD_PPP_PS,"US dollars per person, PPP converted",_T,Total,_Z,Not application,_T,Total,_T,Total,_T,Total,_Z,Not applicable,_Z,Not applicable,V,Current prices,2009,,2267.988,,,,,,,,,,,,0,Units,1,One
DATAFLOW,OECD.ELS.HD:DSD_SHA@DF_SHA(1.1),Health expenditure and financing,I,SVN,Slovenia,A,Annual,EXP_HEALTH,Expenditure,USD_PPP_PS,"US dollars per person, PPP converted",_T,Total,_Z,Not application,_T,Total,_T,Total,_T,Total,_Z,Not applicable,_Z,Not applicable,V,Current prices,2010,,2317.976,,,,,,,,,,,,0,Units,1,One
DATAFLOW,OECD.ELS.HD:DSD_SHA@DF_SHA(1.1),Health expenditure and financing,I,SVN,Slovenia,A,Annual,EXP_HEALTH,Expenditure,USD_PPP_PS,"US dollars per person, PPP converted",_T,Total,_Z,Not application,_T,Total,_T,Total,_T,Total,_Z,Not applicable,_Z,Not applicable,V,Current prices,2013,,2495.279,,,,,,,,,,,,0,Units,1,One
DATAFLOW,OECD.ELS.HD:DSD_SHA@DF_SHA(1.1),Health expenditure and financing,I,SVN,Slovenia,A,Annual,EXP_HEALTH,Expenditure,USD_PPP_PS,"US dollars per person, PPP converted",_T,Total,_Z,Not application,_T,Total,_T,Total,_T,Total,_Z,Not applicable,_Z,Not applicable,V,Current prices,2012,,2431.003,,,,,,,,,,,,0,Units,1,One
DATAFLOW,OECD.ELS.HD:DSD_SHA@DF_SHA(1.1),Health expenditure and financing,I,LTU,Lithuania,A,Annual,EXP_HEALTH,Expenditure,USD_PPP_PS,"US dollars per person, PPP converted",_T,Total,_Z,Not application,_T,Total,_T,Total,_T,Total,_Z,Not applicable,_Z,Not applicable,V,Current prices,2007,,1076.477,,,,,,,,,,,,0,Units,1,One
DATAFLOW,OECD.ELS.HD:DSD_SHA@DF_SHA(1.1),Health expenditure and financing,I,GRC,Greece,A,Annual,EXP_HEALTH,Expenditure,USD_PPP_PS,"US dollars per person, PPP converted",_T,Total,_Z,Not application,_T,Total,_T,Total,_T,Total,_Z,Not applicable,_Z,Not applicable,V,Current prices,2002,,1951.129,,,,,,,,,,,,0,Units,1,One
DATAFLOW,OECD.ELS.HD:DSD_SHA@DF_SHA(1.1),Health expenditure and financing,I,GRC,Greece,A,Annual,EXP_HEALTH,Expenditure,USD_PPP_PS,"US dollars per person, PPP converted",_T,Total,_Z,Not application,_T,Total,_T,Total,_T,Total,_Z,Not applicable,_Z,Not applicable,V,Current prices,2001,,1701.208,,,,,,,,,,,,0,Units,1,One
DATAFLOW,OECD.ELS.HD:DSD_SHA@DF_SHA(1.1),Health expenditure and financing,I,CAN,Canada,A,Annual,EXP_HEALTH,Expenditure,USD_PPP_PS,"US dollars per person, PPP converted",_T,Total,_Z,Not application,_T,Total,_T,Total,_T,Total,_Z,Not applicable,_Z,Not applicable,V,Current prices,2000,,2450.585,,,,,,,,,,,,0,Units,1,One
DATAFLOW,OECD.ELS.HD:DSD_SHA@DF_SHA(1.1),Health expenditure and financing,I,CAN,Canada,A,Annual,EXP_HEALTH,Expenditure,USD_PPP_PS,"US dollars per person, PPP converted",_T,Total,_Z,Not application,_T,Total,_T,Total,_T,Total,_Z,Not applicable,_Z,Not applicable,V,Current prices,2017,,5185.076,,,,,,,,,,,,0,Units,1,One
DATAFLOW,OECD.ELS.HD:DSD_SHA@DF_SHA(1.1),Health expenditure and financing,I,CAN,Canada,A,Annual,EXP_HEALTH,Expenditure,USD_PPP_PS,"US dollars per person, PPP converted",_T,Total,_Z,Not application,_T,Total,_T,Total,_T,Total,_Z,Not applicable,_Z,Not applicable,V,Current prices,2018,,5333.631,,,,,,,,,,,,0,Units,1,One
DATAFLOW,OECD.ELS.HD:DSD_SHA@DF_SHA(1.1),Health expenditure and financing,I,CAN,Canada,A,Annual,EXP_HEALTH,Expenditure,USD_PPP_PS,"US dollars per person, PPP converted",_T,Total,_Z,Not application,_T,Total,_T,Total,_T,Total,_Z,Not applicable,_Z,Not applicable,V,Current prices,2019,,5394.953,,,,,,,,,,,,0,Units,1,One
DATAFLOW,OECD.ELS.HD:DSD_SHA@DF_SHA(1.1),Health expenditure and financing,I,CAN,Canada,A,Annual,EXP_HEALTH,Expenditure,USD_PPP_PS,"US dollars per person, PPP converted",_T,Total,_Z,Not application,_T,Total,_T,Total,_T,Total,_Z,Not applicable,_Z,Not applicable,V,Current prices,2021,,6896.98,,,,,,D,Definition differs,,,,,0,Units,1,One
DATAFLOW,OECD.ELS.HD:DSD_SHA@DF_SHA(1.1),Health expenditure and financing,I,CAN,Canada,A,Annual,EXP_HEALTH,Expenditure,USD_PPP_PS,"US dollars per person, PPP converted",_T,Total,_Z,Not application,_T,Total,_T,Total,_T,Total,_Z,Not applicable,_Z,Not applicable,V,Current prices,2020,,6195.885,,,,,,D,Definition differs,,,,,0,Units,1,One
DATAFLOW,OECD.ELS.HD:DSD_SHA@DF_SHA(1.1),Health expenditure and financing,I,CAN,Canada,A,Annual,EXP_HEALTH,Expenditure,USD_PPP_PS,"US dollars per person, PPP converted",_T,Total,_Z,Not application,_T,Total,_T,Total,_T,Total,_Z,Not applicable,_Z,Not applicable,V,Current prices,2023,,7208.115,,,,,,,,,,,,0,Units,1,One
DATAFLOW,OECD.ELS.HD:DSD_SHA@DF_SHA(1.1),Health expenditure and financing,I,CAN,Canada,A,Annual,EXP_HEALTH,Expenditure,USD_PPP_PS,"US dollars per person, PPP converted",_T,Total,_Z,Not application,_T,Total,_T,Total,_T,Total,_Z,Not applicable,_Z,Not applicable,V,Current prices,2024,,7372.25,,,,,,,,,,,,0,Units,1,One
DATAFLOW,OECD.ELS.HD:DSD_SHA@DF_SHA(1.1),Health expenditure and financing,I,CAN,Canada,A,Annual,EXP_HEALTH,Expenditure,USD_PPP_PS,"US dollars per person, PPP converted",_T,Total,_Z,Not application,_T,Total,_T,Total,_T,Total,_Z,Not applicable,_Z,Not applicable,V,Current prices,2022,,6910.418,,,,,,D,Definition differs,,,,,0,Units,1,One
DATAFLOW,OECD.ELS.HD:DSD_SHA@DF_SHA(1.1),Health expenditure and financing,I,CAN,Canada,A,Annual,EXP_HEALTH,Expenditure,USD_PPP_PS,"US dollars per person, PPP converted",_T,Total,_Z,Not application,_T,Total,_T,Total,_T,Total,_Z,Not applicable,_Z,Not applicable,V,Current prices,2007,,3711.256,,,,,,,,,,,,0,Units,1,One
DATAFLOW,OECD.ELS.HD:DSD_SHA@DF_SHA(1.1),Health expenditure and financing,I,CAN,Canada,A,Annual,EXP_HEALTH,Expenditure,USD_PPP_PS,"US dollars per person, PPP converted",_T,Total,_Z,Not application,_T,Total,_T,Total,_T,Total,_Z,Not applicable,_Z,Not applicable,V,Current prices,2006,,3488.038,,,,,,,,,,,,0,Units,1,One
DATAFLOW,OECD.ELS.HD:DSD_SHA@DF_SHA(1.1),Health expenditure and financing,I,GRC,Greece,A,Annual,EXP_HEALTH,Expenditure,USD_PPP_PS,"US dollars per person, PPP converted",_T,Total,_Z,Not application,_T,Total,_T,Total,_T,Total,_Z,Not applicable,_Z,Not applicable,V,Current prices,2016,,2269.74,,,,,,,,,,,,0,Units,1,One
DATAFLOW,OECD.ELS.HD:DSD_SHA@DF_SHA(1.1),Health expenditure and financing,I,GRC,Greece,A,Annual,EXP_HEALTH,Expenditure,USD_PPP_PS,"US dollars per person, PPP converted",_T,Total,_Z,Not application,_T,Total,_T,Total,_T,Total,_Z,Not applicable,_Z,Not applicable,V,Current prices,2015,,2131.633,,,,,,,,,,,,0,Units,1,One
DATAFLOW,OECD.ELS.HD:DSD_SHA@DF_SHA(1.1),Health expenditure and financing,I,GRC,Greece,A,Annual,EXP_HEALTH,Expenditure,USD_PPP_PS,"US dollars per person, PPP converted",_T,Total,_Z,Not application,_T,Total,_T,Total,_T,Total,_Z,Not applicable,_Z,Not applicable,V,Current prices,2013,,2093.213,,,,,,,,,,,,0,Units,1,One
DATAFLOW,OECD.ELS.HD:DSD_SHA@DF_SHA(1.1),Health expenditure and financing,I,HUN,Hungary,A,Annual,EXP_HEALTH,Expenditure,USD_PPP_PS,"US dollars per person, PPP converted",_T,Total,_Z,Not application,_T,Total,_T,Total,_T,Total,_Z,Not applicable,_Z,Not applicable,V,Current prices,2024,,3340.53,,,,,,,,,,,,0,Units,1,One
DATAFLOW,OECD.ELS.HD:DSD_SHA@DF_SHA(1.1),Health expenditure and financing,I,HUN,Hungary,A,Annual,EXP_HEALTH,Expenditure,USD_PPP_PS,"US dollars per person, PPP converted",_T,Total,_Z,Not application,_T,Total,_T,Total,_T,Total,_Z,Not applicable,_Z,Not applicable,V,Current prices,2023,,3161.939,,,,,,,,,,,,0,Units,1,One
DATAFLOW,OECD.ELS.HD:DSD_SHA@DF_SHA(1.1),Health expenditure and financing,I,LUX,Luxembourg,A,Annual,EXP_HEALTH,Expenditure,USD_PPP_PS,"US dollars per person, PPP converted",_T,Total,_Z,Not application,_T,Total,_T,Total,_T,Total,_Z,Not applicable,_Z,Not applicable,V,Current prices,2019,,5620.701,,,,,,,,,,,,0,Units,1,One
DATAFLOW,OECD.ELS.HD:DSD_SHA@DF_SHA(1.1),Health expenditure and financing,I,LUX,Luxembourg,A,Annual,EXP_HEALTH,Expenditure,USD_PPP_PS,"US dollars per person, PPP converted",_T,Total,_Z,Not application,_T,Total,_T,Total,_T,Total,_Z,Not applicable,_Z,Not applicable,V,Current prices,2018,,5292.055,,,,,,,,,,,,0,Units,1,One
DATAFLOW,OECD.ELS.HD:DSD_SHA@DF_SHA(1.1),Health expenditure and financing,I,LUX,Luxembourg,A,Annual,EXP_HEALTH,Expenditure,USD_PPP_PS,"US dollars per person, PPP converted",_T,Total,_Z,Not application,_T,Total,_T,Total,_T,Total,_Z,Not applicable,_Z,Not applicable,V,Current prices,2017,,4989.031,,,,,,,,,,,,0,Units,1,One
DATAFLOW,OECD.ELS.HD:DSD_SHA@DF_SHA(1.1),Health expenditure and financing,I,LUX,Luxembourg,A,Annual,EXP_HEALTH,Expenditure,USD_PPP_PS,"US dollars per person, PPP converted",_T,Total,_Z,Not application,_T,Total,_T,Total,_T,Total,_Z,Not applicable,_Z,Not applicable,V,Current prices,2016,,4876.34,,,,,,,,,,,,0,Units,1,One
DATAFLOW,OECD.ELS.HD:DSD_SHA@DF_SHA(1.1),Health expenditure and financing,I,LUX,Luxembourg,A,Annual,EXP_HEALTH,Expenditure,USD_PPP_PS,"US dollars per person, PPP converted",_T,Total,_Z,Not application,_T,Total,_T,Total,_T,Total,_Z,Not applicable,_Z,Not applicable,V,Current prices,2015,,4692.311,,,,,,,,,,,,0,Units,1,One
DATAFLOW,OECD.ELS.HD:DSD_SHA@DF_SHA(1.1),Health expenditure and financing,I,LUX,Luxembourg,A,Annual,EXP_HEALTH,Expenditure,USD_PPP_PS,"US dollars per person, PPP converted",_T,Total,_Z,Not application,_T,Total,_T,Total,_T,Total,_Z,Not applicable,_Z,Not applicable,V,Current prices,2014,,4707.036,,,,,,,,,,,,0,Units,1,One
DATAFLOW,OECD.ELS.HD:DSD_SHA@DF_SHA(1.1),Health expenditure and financing,I,LUX,Luxembourg,A,Annual,EXP_HEALTH,Expenditure,USD_PPP_PS,"US dollars per person, PPP converted",_T,Total,_Z,Not application,_T,Total,_T,Total,_T,Total,_Z,Not applicable,_Z,Not applicable,V,Current prices,2013,,4636.665,,,,,,,,,,,,0,Units,1,One
DATAFLOW,OECD.ELS.HD:DSD_SHA@DF_SHA(1.1),Health expenditure and financing,I,LUX,Luxembourg,A,Annual,EXP_HEALTH,Expenditure,USD_PPP_PS,"US dollars per person, PPP converted",_T,Total,_Z,Not application,_T,Total,_T,Total,_T,Total,_Z,Not applicable,_Z,Not applicable,V,Current prices,2002,,4248.808,,,,,,,,,,,,0,Units,1,One
DATAFLOW,OECD.ELS.HD:DSD_SHA@DF_SHA(1.1),Health expenditure and financing,I,LUX,Luxembourg,A,Annual,EXP_HEALTH,Expenditure,USD_PPP_PS,"US dollars per person, PPP converted",_T,Total,_Z,Not application,_T,Total,_T,Total,_T,Total,_Z,Not applicable,_Z,Not applicable,V,Current prices,2001,,3715.042,,,,,,,,,,,,0,Units,1,One
DATAFLOW,OECD.ELS.HD:DSD_SHA@DF_SHA(1.1),Health expenditure and financing,I,LUX,Luxembourg,A,Annual,EXP_HEALTH,Expenditure,USD_PPP_PS,"US dollars per person, PPP converted",_T,Total,_Z,Not application,_T,Total,_T,Total,_T,Total,_Z,Not applicable,_Z,Not applicable,V,Current prices,2004,,4774.515,,,,,,,,,,,,0,Units,1,One
DATAFLOW,OECD.ELS.HD:DSD_SHA@DF_SHA(1.1),Health expenditure and financing,I,LUX,Luxembourg,A,Annual,EXP_HEALTH,Expenditure,USD_PPP_PS,"US dollars per person, PPP converted",_T,Total,_Z,Not application,_T,Total,_T,Total,_T,Total,_Z,Not applicable,_Z,Not applicable,V,Current prices,2000,,3412.009,,,,,,B,Time series break,,,,,0,Units,1,One
DATAFLOW,OECD.ELS.HD:DSD_SHA@DF_SHA(1.1),Health expenditure and financing,I,LUX,Luxembourg,A,Annual,EXP_HEALTH,Expenditure,USD_PPP_PS,"US dollars per person, PPP converted",_T,Total,_Z,Not application,_T,Total,_T,Total,_T,Total,_Z,Not applicable,_Z,Not applicable,V,Current prices,2025,,8487.308,,,,,,P,Provisional value,,,,,0,Units,1,One
DATAFLOW,OECD.ELS.HD:DSD_SHA@DF_SHA(1.1),Health expenditure and financing,I,LUX,Luxembourg,A,Annual,EXP_HEALTH,Expenditure,USD_PPP_PS,"US dollars per person, PPP converted",_T,Total,_Z,Not application,_T,Total,_T,Total,_T,Total,_Z,Not applicable,_Z,Not applicable,V,Current prices,2012,,4424.503,,,,,,B,Time series break,,,,,0,Units,1,One
DATAFLOW,OECD.ELS.HD:DSD_SHA@DF_SHA(1.1),Health expenditure and financing,I,LUX,Luxembourg,A,Annual,EXP_HEALTH,Expenditure,USD_PPP_PS,"US dollars per person, PPP converted",_T,Total,_Z,Not application,_T,Total,_T,Total,_T,Total,_Z,Not applicable,_Z,Not applicable,V,Current prices,2011,,4830.517,,,,,,B,Time series break,,,,,0,Units,1,One
DATAFLOW,OECD.ELS.HD:DSD_SHA@DF_SHA(1.1),Health expenditure and financing,I,MEX,Mexico,A,Annual,EXP_HEALTH,Expenditure,USD_PPP_PS,"US dollars per person, PPP converted",_T,Total,_Z,Not application,_T,Total,_T,Total,_T,Total,_Z,Not applicable,_Z,Not applicable,V,Current prices,2005,,665.201,,,,,,,,,,,,0,Units,1,One
DATAFLOW,OECD.ELS.HD:DSD_SHA@DF_SHA(1.1),Health expenditure and financing,I,MEX,Mexico,A,Annual,EXP_HEALTH,Expenditure,USD_PPP_PS,"US dollars per person, PPP converted",_T,Total,_Z,Not application,_T,Total,_T,Total,_T,Total,_Z,Not applicable,_Z,Not applicable,V,Current prices,2004,,650.157,,,,,,,,,,,,0,Units,1,One
DATAFLOW,OECD.ELS.HD:DSD_SHA@DF_SHA(1.1),Health expenditure and financing,I,MEX,Mexico,A,Annual,EXP_HEALTH,Expenditure,USD_PPP_PS,"US dollars per person, PPP converted",_T,Total,_Z,Not application,_T,Total,_T,Total,_T,Total,_Z,Not applicable,_Z,Not applicable,V,Current prices,2002,,596.533,,,,,,,,,,,,0,Units,1,One
DATAFLOW,OECD.ELS.HD:DSD_SHA@DF_SHA(1.1),Health expenditure and financing,I,MEX,Mexico,A,Annual,EXP_HEALTH,Expenditure,USD_PPP_PS,"US dollars per person, PPP converted",_T,Total,_Z,Not application,_T,Total,_T,Total,_T,Total,_Z,Not applicable,_Z,Not applicable,V,Current prices,2001,,567.53,,,,,,,,,,,,0,Units,1,One
DATAFLOW,OECD.ELS.HD:DSD_SHA@DF_SHA(1.1),Health expenditure and financing,I,HUN,Hungary,A,Annual,EXP_HEALTH,Expenditure,USD_PPP_PS,"US dollars per person, PPP converted",_T,Total,_Z,Not application,_T,Total,_T,Total,_T,Total,_Z,Not applicable,_Z,Not applicable,V,Current prices,2005,,1463.525,,,,,,,,,,,,0,Units,1,One
DATAFLOW,OECD.ELS.HD:DSD_SHA@DF_SHA(1.1),Health expenditure and financing,I,HUN,Hungary,A,Annual,EXP_HEALTH,Expenditure,USD_PPP_PS,"US dollars per person, PPP converted",_T,Total,_Z,Not application,_T,Total,_T,Total,_T,Total,_Z,Not applicable,_Z,Not applicable,V,Current prices,2004,,1381.043,,,,,,,,,,,,0,Units,1,One
DATAFLOW,OECD.ELS.HD:DSD_SHA@DF_SHA(1.1),Health expenditure and financing,I,HUN,Hungary,A,Annual,EXP_HEALTH,Expenditure,USD_PPP_PS,"US dollars per person, PPP converted",_T,Total,_Z,Not application,_T,Total,_T,Total,_T,Total,_Z,Not applicable,_Z,Not applicable,V,Current prices,2016,,2010.802,,,,,,,,,,,,0,Units,1,One
DATAFLOW,OECD.ELS.HD:DSD_SHA@DF_SHA(1.1),Health expenditure and financing,I,MEX,Mexico,A,Annual,EXP_HEALTH,Expenditure,USD_PPP_PS,"US dollars per person, PPP converted",_T,Total,_Z,Not application,_T,Total,_T,Total,_T,Total,_Z,Not applicable,_Z,Not applicable,V,Current prices,2024,,1653.43,,,,,,,,,,,,0,Units,1,One
DATAFLOW,OECD.ELS.HD:DSD_SHA@DF_SHA(1.1),Health expenditure and financing,I,MEX,Mexico,A,Annual,EXP_HEALTH,Expenditure,USD_PPP_PS,"US dollars per person, PPP converted",_T,Total,_Z,Not application,_T,Total,_T,Total,_T,Total,_Z,Not applicable,_Z,Not applicable,V,Current prices,2023,,1520.001,,,,,,,,,,,,0,Units,1,One
DATAFLOW,OECD.ELS.HD:DSD_SHA@DF_SHA(1.1),Health expenditure and financing,I,MEX,Mexico,A,Annual,EXP_HEALTH,Expenditure,USD_PPP_PS,"US dollars per person, PPP converted",_T,Total,_Z,Not application,_T,Total,_T,Total,_T,Total,_Z,Not applicable,_Z,Not applicable,V,Current prices,2022,,1376.689,,,,,,,,,,,,0,Units,1,One
DATAFLOW,OECD.ELS.HD:DSD_SHA@DF_SHA(1.1),Health expenditure and financing,I,MEX,Mexico,A,Annual,EXP_HEALTH,Expenditure,USD_PPP_PS,"US dollars per person, PPP converted",_T,Total,_Z,Not application,_T,Total,_T,Total,_T,Total,_Z,Not applicable,_Z,Not applicable,V,Current prices,2021,,1252.882,,,,,,,,,,,,0,Units,1,One
DATAFLOW,OECD.ELS.HD:DSD_SHA@DF_SHA(1.1),Health expenditure and financing,I,MEX,Mexico,A,Annual,EXP_HEALTH,Expenditure,USD_PPP_PS,"US dollars per person, PPP converted",_T,Total,_Z,Not application,_T,Total,_T,Total,_T,Total,_Z,Not applicable,_Z,Not applicable,V,Current prices,2020,,1184.145,,,,,,,,,,,,0,Units,1,One
DATAFLOW,OECD.ELS.HD:DSD_SHA@DF_SHA(1.1),Health expenditure and financing,I,MEX,Mexico,A,Annual,EXP_HEALTH,Expenditure,USD_PPP_PS,"US dollars per person, PPP converted",_T,Total,_Z,Not application,_T,Total,_T,Total,_T,Total,_Z,Not applicable,_Z,Not applicable,V,Current prices,2019,,1101.894,,,,,,,,,,,,0,Units,1,One
DATAFLOW,OECD.ELS.HD:DSD_SHA@DF_SHA(1.1),Health expenditure and financing,I,MEX,Mexico,A,Annual,EXP_HEALTH,Expenditure,USD_PPP_PS,"US dollars per person, PPP converted",_T,Total,_Z,Not application,_T,Total,_T,Total,_T,Total,_Z,Not applicable,_Z,Not applicable,V,Current prices,2018,,1089.225,,,,,,,,,,,,0,Units,1,One
DATAFLOW,OECD.ELS.HD:DSD_SHA@DF_SHA(1.1),Health expenditure and financing,I,MEX,Mexico,A,Annual,EXP_HEALTH,Expenditure,USD_PPP_PS,"US dollars per person, PPP converted",_T,Total,_Z,Not application,_T,Total,_T,Total,_T,Total,_Z,Not applicable,_Z,Not applicable,V,Current prices,2017,,1067.28,,,,,,,,,,,,0,Units,1,One
DATAFLOW,OECD.ELS.HD:DSD_SHA@DF_SHA(1.1),Health expenditure and financing,I,MEX,Mexico,A,Annual,EXP_HEALTH,Expenditure,USD_PPP_PS,"US dollars per person, PPP converted",_T,Total,_Z,Not application,_T,Total,_T,Total,_T,Total,_Z,Not applicable,_Z,Not applicable,V,Current prices,2016,,1080.954,,,,,,,,,,,,0,Units,1,One
DATAFLOW,OECD.ELS.HD:DSD_SHA@DF_SHA(1.1),Health expenditure and financing,I,MEX,Mexico,A,Annual,EXP_HEALTH,Expenditure,USD_PPP_PS,"US dollars per person, PPP converted",_T,Total,_Z,Not application,_T,Total,_T,Total,_T,Total,_Z,Not applicable,_Z,Not applicable,V,Current prices,2014,,975.079,,,,,,,,,,,,0,Units,1,One
DATAFLOW,OECD.ELS.HD:DSD_SHA@DF_SHA(1.1),Health expenditure and financing,I,MEX,Mexico,A,Annual,EXP_HEALTH,Expenditure,USD_PPP_PS,"US dollars per person, PPP converted",_T,Total,_Z,Not application,_T,Total,_T,Total,_T,Total,_Z,Not applicable,_Z,Not applicable,V,Current prices,2013,,989.496,,,,,,,,,,,,0,Units,1,One
DATAFLOW,OECD.ELS.HD:DSD_SHA@DF_SHA(1.1),Health expenditure and financing,I,MEX,Mexico,A,Annual,EXP_HEALTH,Expenditure,USD_PPP_PS,"US dollars per person, PPP converted",_T,Total,_Z,Not application,_T,Total,_T,Total,_T,Total,_Z,Not applicable,_Z,Not applicable,V,Current prices,2012,,960.4,,,,,,,,,,,,0,Units,1,One
DATAFLOW,OECD.ELS.HD:DSD_SHA@DF_SHA(1.1),Health expenditure and financing,I,MEX,Mexico,A,Annual,EXP_HEALTH,Expenditure,USD_PPP_PS,"US dollars per person, PPP converted",_T,Total,_Z,Not application,_T,Total,_T,Total,_T,Total,_Z,Not applicable,_Z,Not applicable,V,Current prices,2011,,892.986,,,,,,,,,,,,0,Units,1,One
DATAFLOW,OECD.ELS.HD:DSD_SHA@DF_SHA(1.1),Health expenditure and financing,I,MEX,Mexico,A,Annual,EXP_HEALTH,Expenditure,USD_PPP_PS,"US dollars per person, PPP converted",_T,Total,_Z,Not application,_T,Total,_T,Total,_T,Total,_Z,Not applicable,_Z,Not applicable,V,Current prices,2010,,851.227,,,,,,,,,,,,0,Units,1,One
DATAFLOW,OECD.ELS.HD:DSD_SHA@DF_SHA(1.1),Health expenditure and financing,I,MEX,Mexico,A,Annual,EXP_HEALTH,Expenditure,USD_PPP_PS,"US dollars per person, PPP converted",_T,Total,_Z,Not application,_T,Total,_T,Total,_T,Total,_Z,Not applicable,_Z,Not applicable,V,Current prices,2009,,817.986,,,,,,,,,,,,0,Units,1,One
DATAFLOW,OECD.ELS.HD:DSD_SHA@DF_SHA(1.1),Health expenditure and financing,I,MEX,Mexico,A,Annual,EXP_HEALTH,Expenditure,USD_PPP_PS,"US dollars per person, PPP converted",_T,Total,_Z,Not application,_T,Total,_T,Total,_T,Total,_Z,Not applicable,_Z,Not applicable,V,Current prices,2008,,820.375,,,,,,,,,,,,0,Units,1,One
DATAFLOW,OECD.ELS.HD:DSD_SHA@DF_SHA(1.1),Health expenditure and financing,I,MEX,Mexico,A,Annual,EXP_HEALTH,Expenditure,USD_PPP_PS,"US dollars per person, PPP converted",_T,Total,_Z,Not application,_T,Total,_T,Total,_T,Total,_Z,Not applicable,_Z,Not applicable,V,Current prices,2007,,773.793,,,,,,,,,,,,0,Units,1,One
DATAFLOW,OECD.ELS.HD:DSD_SHA@DF_SHA(1.1),Health expenditure and financing,I,NLD,Netherlands,A,Annual,EXP_HEALTH,Expenditure,USD_PPP_PS,"US dollars per person, PPP converted",_T,Total,_Z,Not application,_T,Total,_T,Total,_T,Total,_Z,Not applicable,_Z,Not applicable,V,Current prices,2014,,4934.568,,,,,,,,,,,,0,Units,1,One
DATAFLOW,OECD.ELS.HD:DSD_SHA@DF_SHA(1.1),Health expenditure and financing,I,NLD,Netherlands,A,Annual,EXP_HEALTH,Expenditure,USD_PPP_PS,"US dollars per person, PPP converted",_T,Total,_Z,Not application,_T,Total,_T,Total,_T,Total,_Z,Not applicable,_Z,Not applicable,V,Current prices,2016,,5095.836,,,,,,,,,,,,0,Units,1,One
DATAFLOW,OECD.ELS.HD:DSD_SHA@DF_SHA(1.1),Health expenditure and financing,I,TUR,Türkiye,A,Annual,EXP_HEALTH,Expenditure,USD_PPP_PS,"US dollars per person, PPP converted",_T,Total,_Z,Not application,_T,Total,_T,Total,_T,Total,_Z,Not applicable,_Z,Not applicable,V,Current prices,2025,,2395.01,,,,,,E,Estimated value,,,,,0,Units,1,One
DATAFLOW,OECD.ELS.HD:DSD_SHA@DF_SHA(1.1),Health expenditure and financing,I,TUR,Türkiye,A,Annual,EXP_HEALTH,Expenditure,USD_PPP_PS,"US dollars per person, PPP converted",_T,Total,_Z,Not application,_T,Total,_T,Total,_T,Total,_Z,Not applicable,_Z,Not applicable,V,Current prices,2003,,509.673,,,,,,,,,,,,0,Units,1,One
DATAFLOW,OECD.ELS.HD:DSD_SHA@DF_SHA(1.1),Health expenditure and financing,I,TUR,Türkiye,A,Annual,EXP_HEALTH,Expenditure,USD_PPP_PS,"US dollars per person, PPP converted",_T,Total,_Z,Not application,_T,Total,_T,Total,_T,Total,_Z,Not applicable,_Z,Not applicable,V,Current prices,2002,,519.978,,,,,,,,,,,,0,Units,1,One
DATAFLOW,OECD.ELS.HD:DSD_SHA@DF_SHA(1.1),Health expenditure and financing,I,TUR,Türkiye,A,Annual,EXP_HEALTH,Expenditure,USD_PPP_PS,"US dollars per person, PPP converted",_T,Total,_Z,Not application,_T,Total,_T,Total,_T,Total,_Z,Not applicable,_Z,Not applicable,V,Current prices,2001,,472.976,,,,,,,,,,,,0,Units,1,One
DATAFLOW,OECD.ELS.HD:DSD_SHA@DF_SHA(1.1),Health expenditure and financing,I,TUR,Türkiye,A,Annual,EXP_HEALTH,Expenditure,USD_PPP_PS,"US dollars per person, PPP converted",_T,Total,_Z,Not application,_T,Total,_T,Total,_T,Total,_Z,Not applicable,_Z,Not applicable,V,Current prices,2000,,432.141,,,,,,,,,,,,0,Units,1,One
DATAFLOW,OECD.ELS.HD:DSD_SHA@DF_SHA(1.1),Health expenditure and financing,I,TUR,Türkiye,A,Annual,EXP_HEALTH,Expenditure,USD_PPP_PS,"US dollars per person, PPP converted",_T,Total,_Z,Not application,_T,Total,_T,Total,_T,Total,_Z,Not applicable,_Z,Not applicable,V,Current prices,2024,,2479.288,,,,,,,,,,,,0,Units,1,One
DATAFLOW,OECD.ELS.HD:DSD_SHA@DF_SHA(1.1),Health expenditure and financing,I,TUR,Türkiye,A,Annual,EXP_HEALTH,Expenditure,USD_PPP_PS,"US dollars per person, PPP converted",_T,Total,_Z,Not application,_T,Total,_T,Total,_T,Total,_Z,Not applicable,_Z,Not applicable,V,Current prices,2023,,2102.528,,,,,,,,,,,,0,Units,1,One
DATAFLOW,OECD.ELS.HD:DSD_SHA@DF_SHA(1.1),Health expenditure and financing,I,TUR,Türkiye,A,Annual,EXP_HEALTH,Expenditure,USD_PPP_PS,"US dollars per person, PPP converted",_T,Total,_Z,Not application,_T,Total,_T,Total,_T,Total,_Z,Not applicable,_Z,Not applicable,V,Current prices,2022,,1653.818,,,,,,,,,,,,0,Units,1,One
DATAFLOW,OECD.ELS.HD:DSD_SHA@DF_SHA(1.1),Health expenditure and financing,I,TUR,Türkiye,A,Annual,EXP_HEALTH,Expenditure,USD_PPP_PS,"US dollars per person, PPP converted",_T,Total,_Z,Not application,_T,Total,_T,Total,_T,Total,_Z,Not applicable,_Z,Not applicable,V,Current prices,2021,,1588.325,,,,,,,,,,,,0,Units,1,One
DATAFLOW,OECD.ELS.HD:DSD_SHA@DF_SHA(1.1),Health expenditure and financing,I,TUR,Türkiye,A,Annual,EXP_HEALTH,Expenditure,USD_PPP_PS,"US dollars per person, PPP converted",_T,Total,_Z,Not application,_T,Total,_T,Total,_T,Total,_Z,Not applicable,_Z,Not applicable,V,Current prices,2020,,1382.389,,,,,,,,,,,,0,Units,1,One
DATAFLOW,OECD.ELS.HD:DSD_SHA@DF_SHA(1.1),Health expenditure and financing,I,TUR,Türkiye,A,Annual,EXP_HEALTH,Expenditure,USD_PPP_PS,"US dollars per person, PPP converted",_T,Total,_Z,Not application,_T,Total,_T,Total,_T,Total,_Z,Not applicable,_Z,Not applicable,V,Current prices,2019,,1310.831,,,,,,,,,,,,0,Units,1,One
DATAFLOW,OECD.ELS.HD:DSD_SHA@DF_SHA(1.1),Health expenditure and financing,I,TUR,Türkiye,A,Annual,EXP_HEALTH,Expenditure,USD_PPP_PS,"US dollars per person, PPP converted",_T,Total,_Z,Not application,_T,Total,_T,Total,_T,Total,_Z,Not applicable,_Z,Not applicable,V,Current prices,2018,,1205.305,,,,,,,,,,,,0,Units,1,One
DATAFLOW,OECD.ELS.HD:DSD_SHA@DF_SHA(1.1),Health expenditure and financing,I,TUR,Türkiye,A,Annual,EXP_HEALTH,Expenditure,USD_PPP_PS,"US dollars per person, PPP converted",_T,Total,_Z,Not application,_T,Total,_T,Total,_T,Total,_Z,Not applicable,_Z,Not applicable,V,Current prices,2017,,1175.655,,,,,,,,,,,,0,Units,1,One
DATAFLOW,OECD.ELS.HD:DSD_SHA@DF_SHA(1.1),Health expenditure and financing,I,TUR,Türkiye,A,Annual,EXP_HEALTH,Expenditure,USD_PPP_PS,"US dollars per person, PPP converted",_T,Total,_Z,Not application,_T,Total,_T,Total,_T,Total,_Z,Not applicable,_Z,Not applicable,V,Current prices,2016,,1128.754,,,,,,,,,,,,0,Units,1,One
DATAFLOW,OECD.ELS.HD:DSD_SHA@DF_SHA(1.1),Health expenditure and financing,I,TUR,Türkiye,A,Annual,EXP_HEALTH,Expenditure,USD_PPP_PS,"US dollars per person, PPP converted",_T,Total,_Z,Not application,_T,Total,_T,Total,_T,Total,_Z,Not applicable,_Z,Not applicable,V,Current prices,2015,,1040.373,,,,,,,,,,,,0,Units,1,One
DATAFLOW,OECD.ELS.HD:DSD_SHA@DF_SHA(1.1),Health expenditure and financing,I,TUR,Türkiye,A,Annual,EXP_HEALTH,Expenditure,USD_PPP_PS,"US dollars per person, PPP converted",_T,Total,_Z,Not application,_T,Total,_T,Total,_T,Total,_Z,Not applicable,_Z,Not applicable,V,Current prices,2014,,1006.772,,,,,,,,,,,,0,Units,1,One
DATAFLOW,OECD.ELS.HD:DSD_SHA@DF_SHA(1.1),Health expenditure and financing,I,TUR,Türkiye,A,Annual,EXP_HEALTH,Expenditure,USD_PPP_PS,"US dollars per person, PPP converted",_T,Total,_Z,Not application,_T,Total,_T,Total,_T,Total,_Z,Not applicable,_Z,Not applicable,V,Current prices,2013,,947.74,,,,,,,,,,,,0,Units,1,One
DATAFLOW,OECD.ELS.HD:DSD_SHA@DF_SHA(1.1),Health expenditure and financing,I,TUR,Türkiye,A,Annual,EXP_HEALTH,Expenditure,USD_PPP_PS,"US dollars per person, PPP converted",_T,Total,_Z,Not application,_T,Total,_T,Total,_T,Total,_Z,Not applicable,_Z,Not applicable,V,Current prices,2012,,894.741,,,,,,,,,,,,0,Units,1,One
DATAFLOW,OECD.ELS.HD:DSD_SHA@DF_SHA(1.1),Health expenditure and financing,I,NZL,New Zealand,A,Annual,EXP_HEALTH,Expenditure,USD_PPP_PS,"US dollars per person, PPP converted",_T,Total,_Z,Not application,_T,Total,_T,Total,_T,Total,_Z,Not applicable,_Z,Not applicable,V,Current prices,2016,,3545.639,,,,,,,,,,,,0,Units,1,One
DATAFLOW,OECD.ELS.HD:DSD_SHA@DF_SHA(1.1),Health expenditure and financing,I,NZL,New Zealand,A,Annual,EXP_HEALTH,Expenditure,USD_PPP_PS,"US dollars per person, PPP converted",_T,Total,_Z,Not application,_T,Total,_T,Total,_T,Total,_Z,Not applicable,_Z,Not applicable,V,Current prices,2017,,3694.968,,,,,,,,,,,,0,Units,1,One
DATAFLOW,OECD.ELS.HD:DSD_SHA@DF_SHA(1.1),Health expenditure and financing,I,ISR,Israel,A,Annual,EXP_HEALTH,Expenditure,USD_PPP_PS,"US dollars per person, PPP converted",_T,Total,_Z,Not application,_T,Total,_T,Total,_T,Total,_Z,Not applicable,_Z,Not applicable,V,Current prices,2013,,2238.455,,,,,,,,,,,,0,Units,1,One
DATAFLOW,OECD.ELS.HD:DSD_SHA@DF_SHA(1.1),Health expenditure and financing,I,DNK,Denmark,A,Annual,EXP_HEALTH,Expenditure,USD_PPP_PS,"US dollars per person, PPP converted",_T,Total,_Z,Not application,_T,Total,_T,Total,_T,Total,_Z,Not applicable,_Z,Not applicable,V,Current prices,2011,,4266.254,,,,,,,,,,,,0,Units,1,One
DATAFLOW,OECD.ELS.HD:DSD_SHA@DF_SHA(1.1),Health expenditure and financing,I,DNK,Denmark,A,Annual,EXP_HEALTH,Expenditure,USD_PPP_PS,"US dollars per person, PPP converted",_T,Total,_Z,Not application,_T,Total,_T,Total,_T,Total,_Z,Not applicable,_Z,Not applicable,V,Current prices,2015,,4719.382,,,,,,,,,,,,0,Units,1,One
DATAFLOW,OECD.ELS.HD:DSD_SHA@DF_SHA(1.1),Health expenditure and financing,I,DNK,Denmark,A,Annual,EXP_HEALTH,Expenditure,USD_PPP_PS,"US dollars per person, PPP converted",_T,Total,_Z,Not application,_T,Total,_T,Total,_T,Total,_Z,Not applicable,_Z,Not applicable,V,Current prices,2012,,4426.627,,,,,,,,,,,,0,Units,1,One
DATAFLOW,OECD.ELS.HD:DSD_SHA@DF_SHA(1.1),Health expenditure and financing,I,DNK,Denmark,A,Annual,EXP_HEALTH,Expenditure,USD_PPP_PS,"US dollars per person, PPP converted",_T,Total,_Z,Not application,_T,Total,_T,Total,_T,Total,_Z,Not applicable,_Z,Not applicable,V,Current prices,2022,,6888.355,,,,,,,,,,,,0,Units,1,One
DATAFLOW,OECD.ELS.HD:DSD_SHA@DF_SHA(1.1),Health expenditure and financing,I,DNK,Denmark,A,Annual,EXP_HEALTH,Expenditure,USD_PPP_PS,"US dollars per person, PPP converted",_T,Total,_Z,Not application,_T,Total,_T,Total,_T,Total,_Z,Not applicable,_Z,Not applicable,V,Current prices,2016,,4894.079,,,,,,,,,,,,0,Units,1,One
DATAFLOW,OECD.ELS.HD:DSD_SHA@DF_SHA(1.1),Health expenditure and financing,I,DNK,Denmark,A,Annual,EXP_HEALTH,Expenditure,USD_PPP_PS,"US dollars per person, PPP converted",_T,Total,_Z,Not application,_T,Total,_T,Total,_T,Total,_Z,Not applicable,_Z,Not applicable,V,Current prices,2024,,7400.824,,,,,,,,,,,,0,Units,1,One
DATAFLOW,OECD.ELS.HD:DSD_SHA@DF_SHA(1.1),Health expenditure and financing,I,DNK,Denmark,A,Annual,EXP_HEALTH,Expenditure,USD_PPP_PS,"US dollars per person, PPP converted",_T,Total,_Z,Not application,_T,Total,_T,Total,_T,Total,_Z,Not applicable,_Z,Not applicable,V,Current prices,2018,,5306.704,,,,,,,,,,,,0,Units,1,One
DATAFLOW,OECD.ELS.HD:DSD_SHA@DF_SHA(1.1),Health expenditure and financing,I,DNK,Denmark,A,Annual,EXP_HEALTH,Expenditure,USD_PPP_PS,"US dollars per person, PPP converted",_T,Total,_Z,Not application,_T,Total,_T,Total,_T,Total,_Z,Not applicable,_Z,Not applicable,V,Current prices,2017,,5112.959,,,,,,,,,,,,0,Units,1,One
DATAFLOW,OECD.ELS.HD:DSD_SHA@DF_SHA(1.1),Health expenditure and financing,I,DNK,Denmark,A,Annual,EXP_HEALTH,Expenditure,USD_PPP_PS,"US dollars per person, PPP converted",_T,Total,_Z,Not application,_T,Total,_T,Total,_T,Total,_Z,Not applicable,_Z,Not applicable,V,Current prices,2019,,5656.597,,,,,,,,,,,,0,Units,1,One
DATAFLOW,OECD.ELS.HD:DSD_SHA@DF_SHA(1.1),Health expenditure and financing,I,DNK,Denmark,A,Annual,EXP_HEALTH,Expenditure,USD_PPP_PS,"US dollars per person, PPP converted",_T,Total,_Z,Not application,_T,Total,_T,Total,_T,Total,_Z,Not applicable,_Z,Not applicable,V,Current prices,2020,,6146.851,,,,,,,,,,,,0,Units,1,One
DATAFLOW,OECD.ELS.HD:DSD_SHA@DF_SHA(1.1),Health expenditure and financing,I,DNK,Denmark,A,Annual,EXP_HEALTH,Expenditure,USD_PPP_PS,"US dollars per person, PPP converted",_T,Total,_Z,Not application,_T,Total,_T,Total,_T,Total,_Z,Not applicable,_Z,Not applicable,V,Current prices,2023,,7076.503,,,,,,,,,,,,0,Units,1,One
DATAFLOW,OECD.ELS.HD:DSD_SHA@DF_SHA(1.1),Health expenditure and financing,I,DNK,Denmark,A,Annual,EXP_HEALTH,Expenditure,USD_PPP_PS,"US dollars per person, PPP converted",_T,Total,_Z,Not application,_T,Total,_T,Total,_T,Total,_Z,Not applicable,_Z,Not applicable,V,Current prices,2021,,6912.955,,,,,,,,,,,,0,Units,1,One
DATAFLOW,OECD.ELS.HD:DSD_SHA@DF_SHA(1.1),Health expenditure and financing,I,DNK,Denmark,A,Annual,EXP_HEALTH,Expenditure,USD_PPP_PS,"US dollars per person, PPP converted",_T,Total,_Z,Not application,_T,Total,_T,Total,_T,Total,_Z,Not applicable,_Z,Not applicable,V,Current prices,2000,,2346.165,,,,,,,,,,,,0,Units,1,One
DATAFLOW,OECD.ELS.HD:DSD_SHA@DF_SHA(1.1),Health expenditure and financing,I,EST,Estonia,A,Annual,EXP_HEALTH,Expenditure,USD_PPP_PS,"US dollars per person, PPP converted",_T,Total,_Z,Not application,_T,Total,_T,Total,_T,Total,_Z,Not applicable,_Z,Not applicable,V,Current prices,2025,,4057.684,,,,,,P,Provisional value,,,,,0,Units,1,One
DATAFLOW,OECD.ELS.HD:DSD_SHA@DF_SHA(1.1),Health expenditure and financing,I,EST,Estonia,A,Annual,EXP_HEALTH,Expenditure,USD_PPP_PS,"US dollars per person, PPP converted",_T,Total,_Z,Not application,_T,Total,_T,Total,_T,Total,_Z,Not applicable,_Z,Not applicable,V,Current prices,2024,,3930.431,,,,,,,,,,,,0,Units,1,One
DATAFLOW,OECD.ELS.HD:DSD_SHA@DF_SHA(1.1),Health expenditure and financing,I,EST,Estonia,A,Annual,EXP_HEALTH,Expenditure,USD_PPP_PS,"US dollars per person, PPP converted",_T,Total,_Z,Not application,_T,Total,_T,Total,_T,Total,_Z,Not applicable,_Z,Not applicable,V,Current prices,2022,,3181.755,,,,,,,,,,,,0,Units,1,One
DATAFLOW,OECD.ELS.HD:DSD_SHA@DF_SHA(1.1),Health expenditure and financing,I,ITA,Italy,A,Annual,EXP_HEALTH,Expenditure,USD_PPP_PS,"US dollars per person, PPP converted",_T,Total,_Z,Not application,_T,Total,_T,Total,_T,Total,_Z,Not applicable,_Z,Not applicable,V,Current prices,2011,,3064.841,,,,,,,,,,,,0,Units,1,One
DATAFLOW,OECD.ELS.HD:DSD_SHA@DF_SHA(1.1),Health expenditure and financing,I,ITA,Italy,A,Annual,EXP_HEALTH,Expenditure,USD_PPP_PS,"US dollars per person, PPP converted",_T,Total,_Z,Not application,_T,Total,_T,Total,_T,Total,_Z,Not applicable,_Z,Not applicable,V,Current prices,2010,,3074.38,,,,,,,,,,,,0,Units,1,One
DATAFLOW,OECD.ELS.HD:DSD_SHA@DF_SHA(1.1),Health expenditure and financing,I,ITA,Italy,A,Annual,EXP_HEALTH,Expenditure,USD_PPP_PS,"US dollars per person, PPP converted",_T,Total,_Z,Not application,_T,Total,_T,Total,_T,Total,_Z,Not applicable,_Z,Not applicable,V,Current prices,2009,,2917.698,,,,,,,,,,,,0,Units,1,One
DATAFLOW,OECD.ELS.HD:DSD_SHA@DF_SHA(1.1),Health expenditure and financing,I,ITA,Italy,A,Annual,EXP_HEALTH,Expenditure,USD_PPP_PS,"US dollars per person, PPP converted",_T,Total,_Z,Not application,_T,Total,_T,Total,_T,Total,_Z,Not applicable,_Z,Not applicable,V,Current prices,2008,,2913.415,,,,,,,,,,,,0,Units,1,One
DATAFLOW,OECD.ELS.HD:DSD_SHA@DF_SHA(1.1),Health expenditure and financing,I,ITA,Italy,A,Annual,EXP_HEALTH,Expenditure,USD_PPP_PS,"US dollars per person, PPP converted",_T,Total,_Z,Not application,_T,Total,_T,Total,_T,Total,_Z,Not applicable,_Z,Not applicable,V,Current prices,2007,,2681.262,,,,,,,,,,,,0,Units,1,One
DATAFLOW,OECD.ELS.HD:DSD_SHA@DF_SHA(1.1),Health expenditure and financing,I,POL,Poland,A,Annual,EXP_HEALTH,Expenditure,USD_PPP_PS,"US dollars per person, PPP converted",_T,Total,_Z,Not application,_T,Total,_T,Total,_T,Total,_Z,Not applicable,_Z,Not applicable,V,Current prices,2013,,1670.783,,,,,,,,,,,,0,Units,1,One
DATAFLOW,OECD.ELS.HD:DSD_SHA@DF_SHA(1.1),Health expenditure and financing,I,POL,Poland,A,Annual,EXP_HEALTH,Expenditure,USD_PPP_PS,"US dollars per person, PPP converted",_T,Total,_Z,Not application,_T,Total,_T,Total,_T,Total,_Z,Not applicable,_Z,Not applicable,V,Current prices,2014,,1687.056,,,,,,,,,,,,0,Units,1,One
DATAFLOW,OECD.ELS.HD:DSD_SHA@DF_SHA(1.1),Health expenditure and financing,I,POL,Poland,A,Annual,EXP_HEALTH,Expenditure,USD_PPP_PS,"US dollars per person, PPP converted",_T,Total,_Z,Not application,_T,Total,_T,Total,_T,Total,_Z,Not applicable,_Z,Not applicable,V,Current prices,2025,,5126.955,,,,,,P,Provisional value,,,,,0,Units,1,One
DATAFLOW,OECD.ELS.HD:DSD_SHA@DF_SHA(1.1),Health expenditure and financing,I,POL,Poland,A,Annual,EXP_HEALTH,Expenditure,USD_PPP_PS,"US dollars per person, PPP converted",_T,Total,_Z,Not application,_T,Total,_T,Total,_T,Total,_Z,Not applicable,_Z,Not applicable,V,Current prices,2018,,2106.662,,,,,,,,,,,,0,Units,1,One
DATAFLOW,OECD.ELS.HD:DSD_SHA@DF_SHA(1.1),Health expenditure and financing,I,POL,Poland,A,Annual,EXP_HEALTH,Expenditure,USD_PPP_PS,"US dollars per person, PPP converted",_T,Total,_Z,Not application,_T,Total,_T,Total,_T,Total,_Z,Not applicable,_Z,Not applicable,V,Current prices,2024,,4327.855,,,,,,,,,,,,0,Units,1,One
DATAFLOW,OECD.ELS.HD:DSD_SHA@DF_SHA(1.1),Health expenditure and financing,I,POL,Poland,A,Annual,EXP_HEALTH,Expenditure,USD_PPP_PS,"US dollars per person, PPP converted",_T,Total,_Z,Not application,_T,Total,_T,Total,_T,Total,_Z,Not applicable,_Z,Not applicable,V,Current prices,2021,,2788.216,,,,,,,,,,,,0,Units,1,One
DATAFLOW,OECD.ELS.HD:DSD_SHA@DF_SHA(1.1),Health expenditure and financing,I,POL,Poland,A,Annual,EXP_HEALTH,Expenditure,USD_PPP_PS,"US dollars per person, PPP converted",_T,Total,_Z,Not application,_T,Total,_T,Total,_T,Total,_Z,Not applicable,_Z,Not applicable,V,Current prices,2022,,3263.279,,,,,,,,,,,,0,Units,1,One
DATAFLOW,OECD.ELS.HD:DSD_SHA@DF_SHA(1.1),Health expenditure and financing,I,POL,Poland,A,Annual,EXP_HEALTH,Expenditure,USD_PPP_PS,"US dollars per person, PPP converted",_T,Total,_Z,Not application,_T,Total,_T,Total,_T,Total,_Z,Not applicable,_Z,Not applicable,V,Current prices,2023,,3711.453,,,,,,,,,,,,0,Units,1,One
DATAFLOW,OECD.ELS.HD:DSD_SHA@DF_SHA(1.1),Health expenditure and financing,I,POL,Poland,A,Annual,EXP_HEALTH,Expenditure,USD_PPP_PS,"US dollars per person, PPP converted",_T,Total,_Z,Not application,_T,Total,_T,Total,_T,Total,_Z,Not applicable,_Z,Not applicable,V,Current prices,2017,,2062.735,,,,,,,,,,,,0,Units,1,One
DATAFLOW,OECD.ELS.HD:DSD_SHA@DF_SHA(1.1),Health expenditure and financing,I,POL,Poland,A,Annual,EXP_HEALTH,Expenditure,USD_PPP_PS,"US dollars per person, PPP converted",_T,Total,_Z,Not application,_T,Total,_T,Total,_T,Total,_Z,Not applicable,_Z,Not applicable,V,Current prices,2020,,2510.275,,,,,,,,,,,,0,Units,1,One
DATAFLOW,OECD.ELS.HD:DSD_SHA@DF_SHA(1.1),Health expenditure and financing,I,POL,Poland,A,Annual,EXP_HEALTH,Expenditure,USD_PPP_PS,"US dollars per person, PPP converted",_T,Total,_Z,Not application,_T,Total,_T,Total,_T,Total,_Z,Not applicable,_Z,Not applicable,V,Current prices,2019,,2391.57,,,,,,,,,,,,0,Units,1,One
DATAFLOW,OECD.ELS.HD:DSD_SHA@DF_SHA(1.1),Health expenditure and financing,I,POL,Poland,A,Annual,EXP_HEALTH,Expenditure,USD_PPP_PS,"US dollars per person, PPP converted",_T,Total,_Z,Not application,_T,Total,_T,Total,_T,Total,_Z,Not applicable,_Z,Not applicable,V,Current prices,2016,,1959.094,,,,,,,,,,,,0,Units,1,One
DATAFLOW,OECD.ELS.HD:DSD_SHA@DF_SHA(1.1),Health expenditure and financing,I,POL,Poland,A,Annual,EXP_HEALTH,Expenditure,USD_PPP_PS,"US dollars per person, PPP converted",_T,Total,_Z,Not application,_T,Total,_T,Total,_T,Total,_Z,Not applicable,_Z,Not applicable,V,Current prices,2010,,1422.504,,,,,,B,Time series break,,,,,0,Units,1,One
DATAFLOW,OECD.ELS.HD:DSD_SHA@DF_SHA(1.1),Health expenditure and financing,I,POL,Poland,A,Annual,EXP_HEALTH,Expenditure,USD_PPP_PS,"US dollars per person, PPP converted",_T,Total,_Z,Not application,_T,Total,_T,Total,_T,Total,_Z,Not applicable,_Z,Not applicable,V,Current prices,2002,,774.069,,,,,,B,Time series break,,,,,0,Units,1,One
DATAFLOW,OECD.ELS.HD:DSD_SHA@DF_SHA(1.1),Health expenditure and financing,I,POL,Poland,A,Annual,EXP_HEALTH,Expenditure,USD_PPP_PS,"US dollars per person, PPP converted",_T,Total,_Z,Not application,_T,Total,_T,Total,_T,Total,_Z,Not applicable,_Z,Not applicable,V,Current prices,2015,,1818.883,,,,,,,,,,,,0,Units,1,One
DATAFLOW,OECD.ELS.HD:DSD_SHA@DF_SHA(1.1),Health expenditure and financing,I,POL,Poland,A,Annual,EXP_HEALTH,Expenditure,USD_PPP_PS,"US dollars per person, PPP converted",_T,Total,_Z,Not application,_T,Total,_T,Total,_T,Total,_Z,Not applicable,_Z,Not applicable,V,Current prices,2001,,668.479,,,,,,,,,,,,0,Units,1,One
DATAFLOW,OECD.ELS.HD:DSD_SHA@DF_SHA(1.1),Health expenditure and financing,I,POL,Poland,A,Annual,EXP_HEALTH,Expenditure,USD_PPP_PS,"US dollars per person, PPP converted",_T,Total,_Z,Not application,_T,Total,_T,Total,_T,Total,_Z,Not applicable,_Z,Not applicable,V,Current prices,2000,,604.26,,,,,,,,,,,,0,Units,1,One
DATAFLOW,OECD.ELS.HD:DSD_SHA@DF_SHA(1.1),Health expenditure and financing,I,POL,Poland,A,Annual,EXP_HEALTH,Expenditure,USD_PPP_PS,"US dollars per person, PPP converted",_T,Total,_Z,Not application,_T,Total,_T,Total,_T,Total,_Z,Not applicable,_Z,Not applicable,V,Current prices,2003,,781.282,,,,,,,,,,,,0,Units,1,One
DATAFLOW,OECD.ELS.HD:DSD_SHA@DF_SHA(1.1),Health expenditure and financing,I,POL,Poland,A,Annual,EXP_HEALTH,Expenditure,USD_PPP_PS,"US dollars per person, PPP converted",_T,Total,_Z,Not application,_T,Total,_T,Total,_T,Total,_Z,Not applicable,_Z,Not applicable,V,Current prices,2004,,837.259,,,,,,,,,,,,0,Units,1,One
DATAFLOW,OECD.ELS.HD:DSD_SHA@DF_SHA(1.1),Health expenditure and financing,I,POL,Poland,A,Annual,EXP_HEALTH,Expenditure,USD_PPP_PS,"US dollars per person, PPP converted",_T,Total,_Z,Not application,_T,Total,_T,Total,_T,Total,_Z,Not applicable,_Z,Not applicable,V,Current prices,2012,,1578.599,,,,,,,,,,,,0,Units,1,One
DATAFLOW,OECD.ELS.HD:DSD_SHA@DF_SHA(1.1),Health expenditure and financing,I,PRT,Portugal,A,Annual,EXP_HEALTH,Expenditure,USD_PPP_PS,"US dollars per person, PPP converted",_T,Total,_Z,Not application,_T,Total,_T,Total,_T,Total,_Z,Not applicable,_Z,Not applicable,V,Current prices,2005,,2189.523,,,,,,,,,,,,0,Units,1,One
DATAFLOW,OECD.ELS.HD:DSD_SHA@DF_SHA(1.1),Health expenditure and financing,I,JPN,Japan,A,Annual,EXP_HEALTH,Expenditure,USD_PPP_PS,"US dollars per person, PPP converted",_T,Total,_Z,Not application,_T,Total,_T,Total,_T,Total,_Z,Not applicable,_Z,Not applicable,V,Current prices,2017,,4405.469,,,,,,,,,,,,0,Units,1,One
DATAFLOW,OECD.ELS.HD:DSD_SHA@DF_SHA(1.1),Health expenditure and financing,I,JPN,Japan,A,Annual,EXP_HEALTH,Expenditure,USD_PPP_PS,"US dollars per person, PPP converted",_T,Total,_Z,Not application,_T,Total,_T,Total,_T,Total,_Z,Not applicable,_Z,Not applicable,V,Current prices,2016,,4292.171,,,,,,,,,,,,0,Units,1,One
DATAFLOW,OECD.ELS.HD:DSD_SHA@DF_SHA(1.1),Health expenditure and financing,I,JPN,Japan,A,Annual,EXP_HEALTH,Expenditure,USD_PPP_PS,"US dollars per person, PPP converted",_T,Total,_Z,Not application,_T,Total,_T,Total,_T,Total,_Z,Not applicable,_Z,Not applicable,V,Current prices,2015,,4515.556,,,,,,,,,,,,0,Units,1,One
DATAFLOW,OECD.ELS.HD:DSD_SHA@DF_SHA(1.1),Health expenditure and financing,I,PRT,Portugal,A,Annual,EXP_HEALTH,Expenditure,USD_PPP_PS,"US dollars per person, PPP converted",_T,Total,_Z,Not application,_T,Total,_T,Total,_T,Total,_Z,Not applicable,_Z,Not applicable,V,Current prices,2008,,2456.767,,,,,,,,,,,,0,Units,1,One
DATAFLOW,OECD.ELS.HD:DSD_SHA@DF_SHA(1.1),Health expenditure and financing,I,PRT,Portugal,A,Annual,EXP_HEALTH,Expenditure,USD_PPP_PS,"US dollars per person, PPP converted",_T,Total,_Z,Not application,_T,Total,_T,Total,_T,Total,_Z,Not applicable,_Z,Not applicable,V,Current prices,2009,,2524.76,,,,,,,,,,,,0,Units,1,One
DATAFLOW,OECD.ELS.HD:DSD_SHA@DF_SHA(1.1),Health expenditure and financing,I,PRT,Portugal,A,Annual,EXP_HEALTH,Expenditure,USD_PPP_PS,"US dollars per person, PPP converted",_T,Total,_Z,Not application,_T,Total,_T,Total,_T,Total,_Z,Not applicable,_Z,Not applicable,V,Current prices,2011,,2469.995,,,,,,,,,,,,0,Units,1,One
DATAFLOW,OECD.ELS.HD:DSD_SHA@DF_SHA(1.1),Health expenditure and financing,I,PRT,Portugal,A,Annual,EXP_HEALTH,Expenditure,USD_PPP_PS,"US dollars per person, PPP converted",_T,Total,_Z,Not application,_T,Total,_T,Total,_T,Total,_Z,Not applicable,_Z,Not applicable,V,Current prices,2012,,2435.331,,,,,,,,,,,,0,Units,1,One
DATAFLOW,OECD.ELS.HD:DSD_SHA@DF_SHA(1.1),Health expenditure and financing,I,PRT,Portugal,A,Annual,EXP_HEALTH,Expenditure,USD_PPP_PS,"US dollars per person, PPP converted",_T,Total,_Z,Not application,_T,Total,_T,Total,_T,Total,_Z,Not applicable,_Z,Not applicable,V,Current prices,2013,,2519.455,,,,,,,,,,,,0,Units,1,One
DATAFLOW,OECD.ELS.HD:DSD_SHA@DF_SHA(1.1),Health expenditure and financing,I,PRT,Portugal,A,Annual,EXP_HEALTH,Expenditure,USD_PPP_PS,"US dollars per person, PPP converted",_T,Total,_Z,Not application,_T,Total,_T,Total,_T,Total,_Z,Not applicable,_Z,Not applicable,V,Current prices,2018,,3145.68,,,,,,,,,,,,0,Units,1,One
DATAFLOW,OECD.ELS.HD:DSD_SHA@DF_SHA(1.1),Health expenditure and financing,I,PRT,Portugal,A,Annual,EXP_HEALTH,Expenditure,USD_PPP_PS,"US dollars per person, PPP converted",_T,Total,_Z,Not application,_T,Total,_T,Total,_T,Total,_Z,Not applicable,_Z,Not applicable,V,Current prices,2015,,2653.268,,,,,,,,,,,,0,Units,1,One
DATAFLOW,OECD.ELS.HD:DSD_SHA@DF_SHA(1.1),Health expenditure and financing,I,PRT,Portugal,A,Annual,EXP_HEALTH,Expenditure,USD_PPP_PS,"US dollars per person, PPP converted",_T,Total,_Z,Not application,_T,Total,_T,Total,_T,Total,_Z,Not applicable,_Z,Not applicable,V,Current prices,2020,,3599.297,,,,,,,,,,,,0,Units,1,One
DATAFLOW,OECD.ELS.HD:DSD_SHA@DF_SHA(1.1),Health expenditure and financing,I,PRT,Portugal,A,Annual,EXP_HEALTH,Expenditure,USD_PPP_PS,"US dollars per person, PPP converted",_T,Total,_Z,Not application,_T,Total,_T,Total,_T,Total,_Z,Not applicable,_Z,Not applicable,V,Current prices,2021,,4208.078,,,,,,,,,,,,0,Units,1,One
DATAFLOW,OECD.ELS.HD:DSD_SHA@DF_SHA(1.1),Health expenditure and financing,I,PRT,Portugal,A,Annual,EXP_HEALTH,Expenditure,USD_PPP_PS,"US dollars per person, PPP converted",_T,Total,_Z,Not application,_T,Total,_T,Total,_T,Total,_Z,Not applicable,_Z,Not applicable,V,Current prices,2019,,3444.964,,,,,,,,,,,,0,Units,1,One
DATAFLOW,OECD.ELS.HD:DSD_SHA@DF_SHA(1.1),Health expenditure and financing,I,PRT,Portugal,A,Annual,EXP_HEALTH,Expenditure,USD_PPP_PS,"US dollars per person, PPP converted",_T,Total,_Z,Not application,_T,Total,_T,Total,_T,Total,_Z,Not applicable,_Z,Not applicable,V,Current prices,2014,,2555.043,,,,,,,,,,,,0,Units,1,One
DATAFLOW,OECD.ELS.HD:DSD_SHA@DF_SHA(1.1),Health expenditure and financing,I,PRT,Portugal,A,Annual,EXP_HEALTH,Expenditure,USD_PPP_PS,"US dollars per person, PPP converted",_T,Total,_Z,Not application,_T,Total,_T,Total,_T,Total,_Z,Not applicable,_Z,Not applicable,V,Current prices,2022,,4689.556,,,,,,,,,,,,0,Units,1,One
DATAFLOW,OECD.ELS.HD:DSD_SHA@DF_SHA(1.1),Health expenditure and financing,I,PRT,Portugal,A,Annual,EXP_HEALTH,Expenditure,USD_PPP_PS,"US dollars per person, PPP converted",_T,Total,_Z,Not application,_T,Total,_T,Total,_T,Total,_Z,Not applicable,_Z,Not applicable,V,Current prices,2024,,5374.811,,,,,,,,,,,,0,Units,1,One
DATAFLOW,OECD.ELS.HD:DSD_SHA@DF_SHA(1.1),Health expenditure and financing,I,PRT,Portugal,A,Annual,EXP_HEALTH,Expenditure,USD_PPP_PS,"US dollars per person, PPP converted",_T,Total,_Z,Not application,_T,Total,_T,Total,_T,Total,_Z,Not applicable,_Z,Not applicable,V,Current prices,2023,,5005.462,,,,,,,,,,,,0,Units,1,One
DATAFLOW,OECD.ELS.HD:DSD_SHA@DF_SHA(1.1),Health expenditure and financing,I,PRT,Portugal,A,Annual,EXP_HEALTH,Expenditure,USD_PPP_PS,"US dollars per person, PPP converted",_T,Total,_Z,Not application,_T,Total,_T,Total,_T,Total,_Z,Not applicable,_Z,Not applicable,V,Current prices,2025,,5633.636,,,,,,P,Provisional value,,,,,0,Units,1,One
DATAFLOW,OECD.ELS.HD:DSD_SHA@DF_SHA(1.1),Health expenditure and financing,I,PRT,Portugal,A,Annual,EXP_HEALTH,Expenditure,USD_PPP_PS,"US dollars per person, PPP converted",_T,Total,_Z,Not application,_T,Total,_T,Total,_T,Total,_Z,Not applicable,_Z,Not applicable,V,Current prices,2000,,1646.881,,,,,,B,Time series break,,,,,0,Units,1,One
DATAFLOW,OECD.ELS.HD:DSD_SHA@DF_SHA(1.1),Health expenditure and financing,I,PRT,Portugal,A,Annual,EXP_HEALTH,Expenditure,USD_PPP_PS,"US dollars per person, PPP converted",_T,Total,_Z,Not application,_T,Total,_T,Total,_T,Total,_Z,Not applicable,_Z,Not applicable,V,Current prices,2010,,2592.109,,,,,,,,,,,,0,Units,1,One
DATAFLOW,OECD.ELS.HD:DSD_SHA@DF_SHA(1.1),Health expenditure and financing,I,PRT,Portugal,A,Annual,EXP_HEALTH,Expenditure,USD_PPP_PS,"US dollars per person, PPP converted",_T,Total,_Z,Not application,_T,Total,_T,Total,_T,Total,_Z,Not applicable,_Z,Not applicable,V,Current prices,2001,,1715.434,,,,,,,,,,,,0,Units,1,One
DATAFLOW,OECD.ELS.HD:DSD_SHA@DF_SHA(1.1),Health expenditure and financing,I,PRT,Portugal,A,Annual,EXP_HEALTH,Expenditure,USD_PPP_PS,"US dollars per person, PPP converted",_T,Total,_Z,Not application,_T,Total,_T,Total,_T,Total,_Z,Not applicable,_Z,Not applicable,V,Current prices,2002,,1843.474,,,,,,,,,,,,0,Units,1,One
DATAFLOW,OECD.ELS.HD:DSD_SHA@DF_SHA(1.1),Health expenditure and financing,I,PRT,Portugal,A,Annual,EXP_HEALTH,Expenditure,USD_PPP_PS,"US dollars per person, PPP converted",_T,Total,_Z,Not application,_T,Total,_T,Total,_T,Total,_Z,Not applicable,_Z,Not applicable,V,Current prices,2003,,1926.265,,,,,,,,,,,,0,Units,1,One
DATAFLOW,OECD.ELS.HD:DSD_SHA@DF_SHA(1.1),Health expenditure and financing,I,SVK,Slovak Republic,A,Annual,EXP_HEALTH,Expenditure,USD_PPP_PS,"US dollars per person, PPP converted",_T,Total,_Z,Not application,_T,Total,_T,Total,_T,Total,_Z,Not applicable,_Z,Not applicable,V,Current prices,2012,,2097.401,,,,,,B,Time series break,,,,,0,Units,1,One
DATAFLOW,OECD.ELS.HD:DSD_SHA@DF_SHA(1.1),Health expenditure and financing,I,SVK,Slovak Republic,A,Annual,EXP_HEALTH,Expenditure,USD_PPP_PS,"US dollars per person, PPP converted",_T,Total,_Z,Not application,_T,Total,_T,Total,_T,Total,_Z,Not applicable,_Z,Not applicable,V,Current prices,2005,,1191.447,,,,,,B,Time series break,,,,,0,Units,1,One
DATAFLOW,OECD.ELS.HD:DSD_SHA@DF_SHA(1.1),Health expenditure and financing,I,BRA,Brazil,A,Annual,EXP_HEALTH,Expenditure,USD_PPP_PS,"US dollars per person, PPP converted",_T,Total,_Z,Not application,_T,Total,_T,Total,_T,Total,_Z,Not applicable,_Z,Not applicable,V,Current prices,2019,,1546.877,,,,,,,,,,,,0,Units,1,One
DATAFLOW,OECD.ELS.HD:DSD_SHA@DF_SHA(1.1),Health expenditure and financing,I,BRA,Brazil,A,Annual,EXP_HEALTH,Expenditure,USD_PPP_PS,"US dollars per person, PPP converted",_T,Total,_Z,Not application,_T,Total,_T,Total,_T,Total,_Z,Not applicable,_Z,Not applicable,V,Current prices,2018,,1454.169,,,,,,,,,,,,0,Units,1,One
DATAFLOW,OECD.ELS.HD:DSD_SHA@DF_SHA(1.1),Health expenditure and financing,I,BRA,Brazil,A,Annual,EXP_HEALTH,Expenditure,USD_PPP_PS,"US dollars per person, PPP converted",_T,Total,_Z,Not application,_T,Total,_T,Total,_T,Total,_Z,Not applicable,_Z,Not applicable,V,Current prices,2017,,1364.568,,,,,,,,,,,,0,Units,1,One
DATAFLOW,OECD.ELS.HD:DSD_SHA@DF_SHA(1.1),Health expenditure and financing,I,BGR,Bulgaria,A,Annual,EXP_HEALTH,Expenditure,USD_PPP_PS,"US dollars per person, PPP converted",_T,Total,_Z,Not application,_T,Total,_T,Total,_T,Total,_Z,Not applicable,_Z,Not applicable,V,Current prices,2007,,725.441,,,,,,,,,,,,0,Units,1,One
DATAFLOW,OECD.ELS.HD:DSD_SHA@DF_SHA(1.1),Health expenditure and financing,I,BRA,Brazil,A,Annual,EXP_HEALTH,Expenditure,USD_PPP_PS,"US dollars per person, PPP converted",_T,Total,_Z,Not application,_T,Total,_T,Total,_T,Total,_Z,Not applicable,_Z,Not applicable,V,Current prices,2016,,1339.996,,,,,,,,,,,,0,Units,1,One
DATAFLOW,OECD.ELS.HD:DSD_SHA@DF_SHA(1.1),Health expenditure and financing,I,BRA,Brazil,A,Annual,EXP_HEALTH,Expenditure,USD_PPP_PS,"US dollars per person, PPP converted",_T,Total,_Z,Not application,_T,Total,_T,Total,_T,Total,_Z,Not applicable,_Z,Not applicable,V,Current prices,2015,,1360.799,,,,,,,,,,,,0,Units,1,One
DATAFLOW,OECD.ELS.HD:DSD_SHA@DF_SHA(1.1),Health expenditure and financing,I,SVN,Slovenia,A,Annual,EXP_HEALTH,Expenditure,USD_PPP_PS,"US dollars per person, PPP converted",_T,Total,_Z,Not application,_T,Total,_T,Total,_T,Total,_Z,Not applicable,_Z,Not applicable,V,Current prices,2015,,2579.281,,,,,,,,,,,,0,Units,1,One
DATAFLOW,OECD.ELS.HD:DSD_SHA@DF_SHA(1.1),Health expenditure and financing,I,SVN,Slovenia,A,Annual,EXP_HEALTH,Expenditure,USD_PPP_PS,"US dollars per person, PPP converted",_T,Total,_Z,Not application,_T,Total,_T,Total,_T,Total,_Z,Not applicable,_Z,Not applicable,V,Current prices,2019,,3435.496,,,,,,,,,,,,0,Units,1,One
DATAFLOW,OECD.ELS.HD:DSD_SHA@DF_SHA(1.1),Health expenditure and financing,I,LTU,Lithuania,A,Annual,EXP_HEALTH,Expenditure,USD_PPP_PS,"US dollars per person, PPP converted",_T,Total,_Z,Not application,_T,Total,_T,Total,_T,Total,_Z,Not applicable,_Z,Not applicable,V,Current prices,2013,,1555.005,,,,,,,,,,,,0,Units,1,One
DATAFLOW,OECD.ELS.HD:DSD_SHA@DF_SHA(1.1),Health expenditure and financing,I,LTU,Lithuania,A,Annual,EXP_HEALTH,Expenditure,USD_PPP_PS,"US dollars per person, PPP converted",_T,Total,_Z,Not application,_T,Total,_T,Total,_T,Total,_Z,Not applicable,_Z,Not applicable,V,Current prices,2024,,4394.853,,,,,,,,,,,,0,Units,1,One
DATAFLOW,OECD.ELS.HD:DSD_SHA@DF_SHA(1.1),Health expenditure and financing,I,GRC,Greece,A,Annual,EXP_HEALTH,Expenditure,USD_PPP_PS,"US dollars per person, PPP converted",_T,Total,_Z,Not application,_T,Total,_T,Total,_T,Total,_Z,Not applicable,_Z,Not applicable,V,Current prices,2025,,3802.397,,,,,,E,Estimated value,,,,,0,Units,1,One
DATAFLOW,OECD.ELS.HD:DSD_SHA@DF_SHA(1.1),Health expenditure and financing,I,GRC,Greece,A,Annual,EXP_HEALTH,Expenditure,USD_PPP_PS,"US dollars per person, PPP converted",_T,Total,_Z,Not application,_T,Total,_T,Total,_T,Total,_Z,Not applicable,_Z,Not applicable,V,Current prices,2024,,3791.208,,,,,,,,,,,,0,Units,1,One
DATAFLOW,OECD.ELS.HD:DSD_SHA@DF_SHA(1.1),Health expenditure and financing,I,GRC,Greece,A,Annual,EXP_HEALTH,Expenditure,USD_PPP_PS,"US dollars per person, PPP converted",_T,Total,_Z,Not application,_T,Total,_T,Total,_T,Total,_Z,Not applicable,_Z,Not applicable,V,Current prices,2020,,2682.375,,,,,,,,,,,,0,Units,1,One
DATAFLOW,OECD.ELS.HD:DSD_SHA@DF_SHA(1.1),Health expenditure and financing,I,GRC,Greece,A,Annual,EXP_HEALTH,Expenditure,USD_PPP_PS,"US dollars per person, PPP converted",_T,Total,_Z,Not application,_T,Total,_T,Total,_T,Total,_Z,Not applicable,_Z,Not applicable,V,Current prices,2019,,2505.281,,,,,,,,,,,,0,Units,1,One
DATAFLOW,OECD.ELS.HD:DSD_SHA@DF_SHA(1.1),Health expenditure and financing,I,GRC,Greece,A,Annual,EXP_HEALTH,Expenditure,USD_PPP_PS,"US dollars per person, PPP converted",_T,Total,_Z,Not application,_T,Total,_T,Total,_T,Total,_Z,Not applicable,_Z,Not applicable,V,Current prices,2018,,2332.431,,,,,,,,,,,,0,Units,1,One
DATAFLOW,OECD.ELS.HD:DSD_SHA@DF_SHA(1.1),Health expenditure and financing,I,GRC,Greece,A,Annual,EXP_HEALTH,Expenditure,USD_PPP_PS,"US dollars per person, PPP converted",_T,Total,_Z,Not application,_T,Total,_T,Total,_T,Total,_Z,Not applicable,_Z,Not applicable,V,Current prices,2021,,2946.525,,,,,,,,,,,,0,Units,1,One
DATAFLOW,OECD.ELS.HD:DSD_SHA@DF_SHA(1.1),Health expenditure and financing,I,GRC,Greece,A,Annual,EXP_HEALTH,Expenditure,USD_PPP_PS,"US dollars per person, PPP converted",_T,Total,_Z,Not application,_T,Total,_T,Total,_T,Total,_Z,Not applicable,_Z,Not applicable,V,Current prices,2023,,3628.243,,,,,,,,,,,,0,Units,1,One
DATAFLOW,OECD.ELS.HD:DSD_SHA@DF_SHA(1.1),Health expenditure and financing,I,GRC,Greece,A,Annual,EXP_HEALTH,Expenditure,USD_PPP_PS,"US dollars per person, PPP converted",_T,Total,_Z,Not application,_T,Total,_T,Total,_T,Total,_Z,Not applicable,_Z,Not applicable,V,Current prices,2022,,3240.499,,,,,,,,,,,,0,Units,1,One
DATAFLOW,OECD.ELS.HD:DSD_SHA@DF_SHA(1.1),Health expenditure and financing,I,GRC,Greece,A,Annual,EXP_HEALTH,Expenditure,USD_PPP_PS,"US dollars per person, PPP converted",_T,Total,_Z,Not application,_T,Total,_T,Total,_T,Total,_Z,Not applicable,_Z,Not applicable,V,Current prices,2000,,1418.69,,,,,,,,,,,,0,Units,1,One
DATAFLOW,OECD.ELS.HD:DSD_SHA@DF_SHA(1.1),Health expenditure and financing,I,GRC,Greece,A,Annual,EXP_HEALTH,Expenditure,USD_PPP_PS,"US dollars per person, PPP converted",_T,Total,_Z,Not application,_T,Total,_T,Total,_T,Total,_Z,Not applicable,_Z,Not applicable,V,Current prices,2003,,2047.878,,,,,,B,Time series break,,,,,0,Units,1,One
DATAFLOW,OECD.ELS.HD:DSD_SHA@DF_SHA(1.1),Health expenditure and financing,I,GRC,Greece,A,Annual,EXP_HEALTH,Expenditure,USD_PPP_PS,"US dollars per person, PPP converted",_T,Total,_Z,Not application,_T,Total,_T,Total,_T,Total,_Z,Not applicable,_Z,Not applicable,V,Current prices,2009,,2738.3,,,,,,,,,,,,0,Units,1,One
DATAFLOW,OECD.ELS.HD:DSD_SHA@DF_SHA(1.1),Health expenditure and financing,I,GRC,Greece,A,Annual,EXP_HEALTH,Expenditure,USD_PPP_PS,"US dollars per person, PPP converted",_T,Total,_Z,Not application,_T,Total,_T,Total,_T,Total,_Z,Not applicable,_Z,Not applicable,V,Current prices,2004,,2100.137,,,,,,,,,,,,0,Units,1,One
DATAFLOW,OECD.ELS.HD:DSD_SHA@DF_SHA(1.1),Health expenditure and financing,I,GRC,Greece,A,Annual,EXP_HEALTH,Expenditure,USD_PPP_PS,"US dollars per person, PPP converted",_T,Total,_Z,Not application,_T,Total,_T,Total,_T,Total,_Z,Not applicable,_Z,Not applicable,V,Current prices,2005,,2193.594,,,,,,,,,,,,0,Units,1,One
DATAFLOW,OECD.ELS.HD:DSD_SHA@DF_SHA(1.1),Health expenditure and financing,I,GRC,Greece,A,Annual,EXP_HEALTH,Expenditure,USD_PPP_PS,"US dollars per person, PPP converted",_T,Total,_Z,Not application,_T,Total,_T,Total,_T,Total,_Z,Not applicable,_Z,Not applicable,V,Current prices,2006,,2302.007,,,,,,,,,,,,0,Units,1,One
DATAFLOW,OECD.ELS.HD:DSD_SHA@DF_SHA(1.1),Health expenditure and financing,I,GRC,Greece,A,Annual,EXP_HEALTH,Expenditure,USD_PPP_PS,"US dollars per person, PPP converted",_T,Total,_Z,Not application,_T,Total,_T,Total,_T,Total,_Z,Not applicable,_Z,Not applicable,V,Current prices,2008,,2665.467,,,,,,,,,,,,0,Units,1,One
DATAFLOW,OECD.ELS.HD:DSD_SHA@DF_SHA(1.1),Health expenditure and financing,I,GRC,Greece,A,Annual,EXP_HEALTH,Expenditure,USD_PPP_PS,"US dollars per person, PPP converted",_T,Total,_Z,Not application,_T,Total,_T,Total,_T,Total,_Z,Not applicable,_Z,Not applicable,V,Current prices,2007,,2425.664,,,,,,,,,,,,0,Units,1,One
DATAFLOW,OECD.ELS.HD:DSD_SHA@DF_SHA(1.1),Health expenditure and financing,I,GRC,Greece,A,Annual,EXP_HEALTH,Expenditure,USD_PPP_PS,"US dollars per person, PPP converted",_T,Total,_Z,Not application,_T,Total,_T,Total,_T,Total,_Z,Not applicable,_Z,Not applicable,V,Current prices,2012,,2145.538,,,,,,,,,,,,0,Units,1,One
DATAFLOW,OECD.ELS.HD:DSD_SHA@DF_SHA(1.1),Health expenditure and financing,I,GRC,Greece,A,Annual,EXP_HEALTH,Expenditure,USD_PPP_PS,"US dollars per person, PPP converted",_T,Total,_Z,Not application,_T,Total,_T,Total,_T,Total,_Z,Not applicable,_Z,Not applicable,V,Current prices,2011,,2289.591,,,,,,,,,,,,0,Units,1,One
DATAFLOW,OECD.ELS.HD:DSD_SHA@DF_SHA(1.1),Health expenditure and financing,I,GRC,Greece,A,Annual,EXP_HEALTH,Expenditure,USD_PPP_PS,"US dollars per person, PPP converted",_T,Total,_Z,Not application,_T,Total,_T,Total,_T,Total,_Z,Not applicable,_Z,Not applicable,V,Current prices,2010,,2604.951,,,,,,,,,,,,0,Units,1,One
DATAFLOW,OECD.ELS.HD:DSD_SHA@DF_SHA(1.1),Health expenditure and financing,I,GRC,Greece,A,Annual,EXP_HEALTH,Expenditure,USD_PPP_PS,"US dollars per person, PPP converted",_T,Total,_Z,Not application,_T,Total,_T,Total,_T,Total,_Z,Not applicable,_Z,Not applicable,V,Current prices,2014,,2017.812,,,,,,,,,,,,0,Units,1,One
DATAFLOW,OECD.ELS.HD:DSD_SHA@DF_SHA(1.1),Health expenditure and financing,I,GRC,Greece,A,Annual,EXP_HEALTH,Expenditure,USD_PPP_PS,"US dollars per person, PPP converted",_T,Total,_Z,Not application,_T,Total,_T,Total,_T,Total,_Z,Not applicable,_Z,Not applicable,V,Current prices,2017,,2265.007,,,,,,,,,,,,0,Units,1,One
DATAFLOW,OECD.ELS.HD:DSD_SHA@DF_SHA(1.1),Health expenditure and financing,I,LUX,Luxembourg,A,Annual,EXP_HEALTH,Expenditure,USD_PPP_PS,"US dollars per person, PPP converted",_T,Total,_Z,Not application,_T,Total,_T,Total,_T,Total,_Z,Not applicable,_Z,Not applicable,V,Current prices,2023,,7736.494,,,,,,,,,,,,0,Units,1,One
DATAFLOW,OECD.ELS.HD:DSD_SHA@DF_SHA(1.1),Health expenditure and financing,I,LUX,Luxembourg,A,Annual,EXP_HEALTH,Expenditure,USD_PPP_PS,"US dollars per person, PPP converted",_T,Total,_Z,Not application,_T,Total,_T,Total,_T,Total,_Z,Not applicable,_Z,Not applicable,V,Current prices,2022,,7144.535,,,,,,,,,,,,0,Units,1,One
DATAFLOW,OECD.ELS.HD:DSD_SHA@DF_SHA(1.1),Health expenditure and financing,I,LUX,Luxembourg,A,Annual,EXP_HEALTH,Expenditure,USD_PPP_PS,"US dollars per person, PPP converted",_T,Total,_Z,Not application,_T,Total,_T,Total,_T,Total,_Z,Not applicable,_Z,Not applicable,V,Current prices,2021,,6432.133,,,,,,,,,,,,0,Units,1,One
DATAFLOW,OECD.ELS.HD:DSD_SHA@DF_SHA(1.1),Health expenditure and financing,I,LUX,Luxembourg,A,Annual,EXP_HEALTH,Expenditure,USD_PPP_PS,"US dollars per person, PPP converted",_T,Total,_Z,Not application,_T,Total,_T,Total,_T,Total,_Z,Not applicable,_Z,Not applicable,V,Current prices,2020,,5858.675,,,,,,,,,,,,0,Units,1,One
DATAFLOW,OECD.ELS.HD:DSD_SHA@DF_SHA(1.1),Health expenditure and financing,I,SWE,Sweden,A,Annual,EXP_HEALTH,Expenditure,USD_PPP_PS,"US dollars per person, PPP converted",_T,Total,_Z,Not application,_T,Total,_T,Total,_T,Total,_Z,Not applicable,_Z,Not applicable,V,Current prices,2011,,4468.222,,,,,,B,Time series break,,,,,0,Units,1,One
DATAFLOW,OECD.ELS.HD:DSD_SHA@DF_SHA(1.1),Health expenditure and financing,I,SWE,Sweden,A,Annual,EXP_HEALTH,Expenditure,USD_PPP_PS,"US dollars per person, PPP converted",_T,Total,_Z,Not application,_T,Total,_T,Total,_T,Total,_Z,Not applicable,_Z,Not applicable,V,Current prices,2021,,6615.518,,,,,,,,,,,,0,Units,1,One
DATAFLOW,OECD.ELS.HD:DSD_SHA@DF_SHA(1.1),Health expenditure and financing,I,SWE,Sweden,A,Annual,EXP_HEALTH,Expenditure,USD_PPP_PS,"US dollars per person, PPP converted",_T,Total,_Z,Not application,_T,Total,_T,Total,_T,Total,_Z,Not applicable,_Z,Not applicable,V,Current prices,2018,,5451.423,,,,,,,,,,,,0,Units,1,One
DATAFLOW,OECD.ELS.HD:DSD_SHA@DF_SHA(1.1),Health expenditure and financing,I,SWE,Sweden,A,Annual,EXP_HEALTH,Expenditure,USD_PPP_PS,"US dollars per person, PPP converted",_T,Total,_Z,Not application,_T,Total,_T,Total,_T,Total,_Z,Not applicable,_Z,Not applicable,V,Current prices,2020,,6067.976,,,,,,,,,,,,0,Units,1,One
DATAFLOW,OECD.ELS.HD:DSD_SHA@DF_SHA(1.1),Health expenditure and financing,I,SWE,Sweden,A,Annual,EXP_HEALTH,Expenditure,USD_PPP_PS,"US dollars per person, PPP converted",_T,Total,_Z,Not application,_T,Total,_T,Total,_T,Total,_Z,Not applicable,_Z,Not applicable,V,Current prices,2019,,5790.793,,,,,,,,,,,,0,Units,1,One
DATAFLOW,OECD.ELS.HD:DSD_SHA@DF_SHA(1.1),Health expenditure and financing,I,SWE,Sweden,A,Annual,EXP_HEALTH,Expenditure,USD_PPP_PS,"US dollars per person, PPP converted",_T,Total,_Z,Not application,_T,Total,_T,Total,_T,Total,_Z,Not applicable,_Z,Not applicable,V,Current prices,2024,,7905.695,,,,,,,,,,,,0,Units,1,One
DATAFLOW,OECD.ELS.HD:DSD_SHA@DF_SHA(1.1),Health expenditure and financing,I,SWE,Sweden,A,Annual,EXP_HEALTH,Expenditure,USD_PPP_PS,"US dollars per person, PPP converted",_T,Total,_Z,Not application,_T,Total,_T,Total,_T,Total,_Z,Not applicable,_Z,Not applicable,V,Current prices,2023,,7654.95,,,,,,,,,,,,0,Units,1,One
DATAFLOW,OECD.ELS.HD:DSD_SHA@DF_SHA(1.1),Health expenditure and financing,I,SWE,Sweden,A,Annual,EXP_HEALTH,Expenditure,USD_PPP_PS,"US dollars per person, PPP converted",_T,Total,_Z,Not application,_T,Total,_T,Total,_T,Total,_Z,Not applicable,_Z,Not applicable,V,Current prices,2022,,7056.99,,,,,,,,,,,,0,Units,1,One
DATAFLOW,OECD.ELS.HD:DSD_SHA@DF_SHA(1.1),Health expenditure and financing,I,SWE,Sweden,A,Annual,EXP_HEALTH,Expenditure,USD_PPP_PS,"US dollars per person, PPP converted",_T,Total,_Z,Not application,_T,Total,_T,Total,_T,Total,_Z,Not applicable,_Z,Not applicable,V,Current prices,2017,,5248.824,,,,,,,,,,,,0,Units,1,One
DATAFLOW,OECD.ELS.HD:DSD_SHA@DF_SHA(1.1),Health expenditure and financing,I,SWE,Sweden,A,Annual,EXP_HEALTH,Expenditure,USD_PPP_PS,"US dollars per person, PPP converted",_T,Total,_Z,Not application,_T,Total,_T,Total,_T,Total,_Z,Not applicable,_Z,Not applicable,V,Current prices,2016,,5161.533,,,,,,,,,,,,0,Units,1,One
DATAFLOW,OECD.ELS.HD:DSD_SHA@DF_SHA(1.1),Health expenditure and financing,I,SWE,Sweden,A,Annual,EXP_HEALTH,Expenditure,USD_PPP_PS,"US dollars per person, PPP converted",_T,Total,_Z,Not application,_T,Total,_T,Total,_T,Total,_Z,Not applicable,_Z,Not applicable,V,Current prices,2015,,5028.591,,,,,,,,,,,,0,Units,1,One
DATAFLOW,OECD.ELS.HD:DSD_SHA@DF_SHA(1.1),Health expenditure and financing,I,SWE,Sweden,A,Annual,EXP_HEALTH,Expenditure,USD_PPP_PS,"US dollars per person, PPP converted",_T,Total,_Z,Not application,_T,Total,_T,Total,_T,Total,_Z,Not applicable,_Z,Not applicable,V,Current prices,2014,,4884.905,,,,,,,,,,,,0,Units,1,One
DATAFLOW,OECD.ELS.HD:DSD_SHA@DF_SHA(1.1),Health expenditure and financing,I,SWE,Sweden,A,Annual,EXP_HEALTH,Expenditure,USD_PPP_PS,"US dollars per person, PPP converted",_T,Total,_Z,Not application,_T,Total,_T,Total,_T,Total,_Z,Not applicable,_Z,Not applicable,V,Current prices,2013,,4745.65,,,,,,,,,,,,0,Units,1,One
DATAFLOW,OECD.ELS.HD:DSD_SHA@DF_SHA(1.1),Health expenditure and financing,I,SWE,Sweden,A,Annual,EXP_HEALTH,Expenditure,USD_PPP_PS,"US dollars per person, PPP converted",_T,Total,_Z,Not application,_T,Total,_T,Total,_T,Total,_Z,Not applicable,_Z,Not applicable,V,Current prices,2012,,4699.39,,,,,,,,,,,,0,Units,1,One
DATAFLOW,OECD.ELS.HD:DSD_SHA@DF_SHA(1.1),Health expenditure and financing,I,SWE,Sweden,A,Annual,EXP_HEALTH,Expenditure,USD_PPP_PS,"US dollars per person, PPP converted",_T,Total,_Z,Not application,_T,Total,_T,Total,_T,Total,_Z,Not applicable,_Z,Not applicable,V,Current prices,2010,,3409.541,,,,,,,,,,,,0,Units,1,One
DATAFLOW,OECD.ELS.HD:DSD_SHA@DF_SHA(1.1),Health expenditure and financing,I,SRB,Serbia,A,Annual,EXP_HEALTH,Expenditure,USD_PPP_PS,"US dollars per person, PPP converted",_T,Total,_Z,Not application,_T,Total,_T,Total,_T,Total,_Z,Not applicable,_Z,Not applicable,V,Current prices,2019,,1606.871,,,,,,,,,,,,0,Units,1,One
DATAFLOW,OECD.ELS.HD:DSD_SHA@DF_SHA(1.1),Health expenditure and financing,I,SWE,Sweden,A,Annual,EXP_HEALTH,Expenditure,USD_PPP_PS,"US dollars per person, PPP converted",_T,Total,_Z,Not application,_T,Total,_T,Total,_T,Total,_Z,Not applicable,_Z,Not applicable,V,Current prices,2009,,3439.68,,,,,,,,,,,,0,Units,1,One
DATAFLOW,OECD.ELS.HD:DSD_SHA@DF_SHA(1.1),Health expenditure and financing,I,SWE,Sweden,A,Annual,EXP_HEALTH,Expenditure,USD_PPP_PS,"US dollars per person, PPP converted",_T,Total,_Z,Not application,_T,Total,_T,Total,_T,Total,_Z,Not applicable,_Z,Not applicable,V,Current prices,2008,,3402.014,,,,,,,,,,,,0,Units,1,One
DATAFLOW,OECD.ELS.HD:DSD_SHA@DF_SHA(1.1),Health expenditure and financing,I,SWE,Sweden,A,Annual,EXP_HEALTH,Expenditure,USD_PPP_PS,"US dollars per person, PPP converted",_T,Total,_Z,Not application,_T,Total,_T,Total,_T,Total,_Z,Not applicable,_Z,Not applicable,V,Current prices,2007,,3215.033,,,,,,,,,,,,0,Units,1,One
DATAFLOW,OECD.ELS.HD:DSD_SHA@DF_SHA(1.1),Health expenditure and financing,I,SWE,Sweden,A,Annual,EXP_HEALTH,Expenditure,USD_PPP_PS,"US dollars per person, PPP converted",_T,Total,_Z,Not application,_T,Total,_T,Total,_T,Total,_Z,Not applicable,_Z,Not applicable,V,Current prices,2006,,3000.961,,,,,,,,,,,,0,Units,1,One
DATAFLOW,OECD.ELS.HD:DSD_SHA@DF_SHA(1.1),Health expenditure and financing,I,SWE,Sweden,A,Annual,EXP_HEALTH,Expenditure,USD_PPP_PS,"US dollars per person, PPP converted",_T,Total,_Z,Not application,_T,Total,_T,Total,_T,Total,_Z,Not applicable,_Z,Not applicable,V,Current prices,2005,,2810.035,,,,,,,,,,,,0,Units,1,One
DATAFLOW,OECD.ELS.HD:DSD_SHA@DF_SHA(1.1),Health expenditure and financing,I,SWE,Sweden,A,Annual,EXP_HEALTH,Expenditure,USD_PPP_PS,"US dollars per person, PPP converted",_T,Total,_Z,Not application,_T,Total,_T,Total,_T,Total,_Z,Not applicable,_Z,Not applicable,V,Current prices,2004,,2772.509,,,,,,,,,,,,0,Units,1,One
DATAFLOW,OECD.ELS.HD:DSD_SHA@DF_SHA(1.1),Health expenditure and financing,I,SWE,Sweden,A,Annual,EXP_HEALTH,Expenditure,USD_PPP_PS,"US dollars per person, PPP converted",_T,Total,_Z,Not application,_T,Total,_T,Total,_T,Total,_Z,Not applicable,_Z,Not applicable,V,Current prices,2003,,2672.563,,,,,,,,,,,,0,Units,1,One
DATAFLOW,OECD.ELS.HD:DSD_SHA@DF_SHA(1.1),Health expenditure and financing,I,SWE,Sweden,A,Annual,EXP_HEALTH,Expenditure,USD_PPP_PS,"US dollars per person, PPP converted",_T,Total,_Z,Not application,_T,Total,_T,Total,_T,Total,_Z,Not applicable,_Z,Not applicable,V,Current prices,2002,,2634.873,,,,,,,,,,,,0,Units,1,One
DATAFLOW,OECD.ELS.HD:DSD_SHA@DF_SHA(1.1),Health expenditure and financing,I,MEX,Mexico,A,Annual,EXP_HEALTH,Expenditure,USD_PPP_PS,"US dollars per person, PPP converted",_T,Total,_Z,Not application,_T,Total,_T,Total,_T,Total,_Z,Not applicable,_Z,Not applicable,V,Current prices,2000,,512.304,,,,,,,,,,,,0,Units,1,One
DATAFLOW,OECD.ELS.HD:DSD_SHA@DF_SHA(1.1),Health expenditure and financing,I,MEX,Mexico,A,Annual,EXP_HEALTH,Expenditure,USD_PPP_PS,"US dollars per person, PPP converted",_T,Total,_Z,Not application,_T,Total,_T,Total,_T,Total,_Z,Not applicable,_Z,Not applicable,V,Current prices,2003,,599.528,,,,,,B,Time series break,,,,,0,Units,1,One
DATAFLOW,OECD.ELS.HD:DSD_SHA@DF_SHA(1.1),Health expenditure and financing,I,MEX,Mexico,A,Annual,EXP_HEALTH,Expenditure,USD_PPP_PS,"US dollars per person, PPP converted",_T,Total,_Z,Not application,_T,Total,_T,Total,_T,Total,_Z,Not applicable,_Z,Not applicable,V,Current prices,2025,,1679.779,,,,,,E,Estimated value,,,,,0,Units,1,One
DATAFLOW,OECD.ELS.HD:DSD_SHA@DF_SHA(1.1),Health expenditure and financing,I,MEX,Mexico,A,Annual,EXP_HEALTH,Expenditure,USD_PPP_PS,"US dollars per person, PPP converted",_T,Total,_Z,Not application,_T,Total,_T,Total,_T,Total,_Z,Not applicable,_Z,Not applicable,V,Current prices,2015,,1035.932,,,,,,B,Time series break,,,,,0,Units,1,One
DATAFLOW,OECD.ELS.HD:DSD_SHA@DF_SHA(1.1),Health expenditure and financing,I,CHE,Switzerland,A,Annual,EXP_HEALTH,Expenditure,USD_PPP_PS,"US dollars per person, PPP converted",_T,Total,_Z,Not application,_T,Total,_T,Total,_T,Total,_Z,Not applicable,_Z,Not applicable,V,Current prices,2023,,9245.644,,,,,,,,,,,,0,Units,1,One
DATAFLOW,OECD.ELS.HD:DSD_SHA@DF_SHA(1.1),Health expenditure and financing,I,CHE,Switzerland,A,Annual,EXP_HEALTH,Expenditure,USD_PPP_PS,"US dollars per person, PPP converted",_T,Total,_Z,Not application,_T,Total,_T,Total,_T,Total,_Z,Not applicable,_Z,Not applicable,V,Current prices,2008,,4905.058,,,,,,,,,,,,0,Units,1,One
DATAFLOW,OECD.ELS.HD:DSD_SHA@DF_SHA(1.1),Health expenditure and financing,I,CHE,Switzerland,A,Annual,EXP_HEALTH,Expenditure,USD_PPP_PS,"US dollars per person, PPP converted",_T,Total,_Z,Not application,_T,Total,_T,Total,_T,Total,_Z,Not applicable,_Z,Not applicable,V,Current prices,2009,,5059.531,,,,,,,,,,,,0,Units,1,One
DATAFLOW,OECD.ELS.HD:DSD_SHA@DF_SHA(1.1),Health expenditure and financing,I,CHE,Switzerland,A,Annual,EXP_HEALTH,Expenditure,USD_PPP_PS,"US dollars per person, PPP converted",_T,Total,_Z,Not application,_T,Total,_T,Total,_T,Total,_Z,Not applicable,_Z,Not applicable,V,Current prices,2002,,3887.068,,,,,,,,,,,,0,Units,1,One
DATAFLOW,OECD.ELS.HD:DSD_SHA@DF_SHA(1.1),Health expenditure and financing,I,CHE,Switzerland,A,Annual,EXP_HEALTH,Expenditure,USD_PPP_PS,"US dollars per person, PPP converted",_T,Total,_Z,Not application,_T,Total,_T,Total,_T,Total,_Z,Not applicable,_Z,Not applicable,V,Current prices,2005,,4106.058,,,,,,,,,,,,0,Units,1,One
DATAFLOW,OECD.ELS.HD:DSD_SHA@DF_SHA(1.1),Health expenditure and financing,I,CHE,Switzerland,A,Annual,EXP_HEALTH,Expenditure,USD_PPP_PS,"US dollars per person, PPP converted",_T,Total,_Z,Not application,_T,Total,_T,Total,_T,Total,_Z,Not applicable,_Z,Not applicable,V,Current prices,2000,,3327.067,,,,,,,,,,,,0,Units,1,One
DATAFLOW,OECD.ELS.HD:DSD_SHA@DF_SHA(1.1),Health expenditure and financing,I,CHE,Switzerland,A,Annual,EXP_HEALTH,Expenditure,USD_PPP_PS,"US dollars per person, PPP converted",_T,Total,_Z,Not application,_T,Total,_T,Total,_T,Total,_Z,Not applicable,_Z,Not applicable,V,Current prices,2014,,6126.465,,,,,,,,,,,,0,Units,1,One
DATAFLOW,OECD.ELS.HD:DSD_SHA@DF_SHA(1.1),Health expenditure and financing,I,CHE,Switzerland,A,Annual,EXP_HEALTH,Expenditure,USD_PPP_PS,"US dollars per person, PPP converted",_T,Total,_Z,Not application,_T,Total,_T,Total,_T,Total,_Z,Not applicable,_Z,Not applicable,V,Current prices,2015,,6377.217,,,,,,,,,,,,0,Units,1,One
DATAFLOW,OECD.ELS.HD:DSD_SHA@DF_SHA(1.1),Health expenditure and financing,I,CHE,Switzerland,A,Annual,EXP_HEALTH,Expenditure,USD_PPP_PS,"US dollars per person, PPP converted",_T,Total,_Z,Not application,_T,Total,_T,Total,_T,Total,_Z,Not applicable,_Z,Not applicable,V,Current prices,2018,,6838.268,,,,,,,,,,,,0,Units,1,One
DATAFLOW,OECD.ELS.HD:DSD_SHA@DF_SHA(1.1),Health expenditure and financing,I,CHE,Switzerland,A,Annual,EXP_HEALTH,Expenditure,USD_PPP_PS,"US dollars per person, PPP converted",_T,Total,_Z,Not application,_T,Total,_T,Total,_T,Total,_Z,Not applicable,_Z,Not applicable,V,Current prices,2019,,7356.446,,,,,,,,,,,,0,Units,1,One
DATAFLOW,OECD.ELS.HD:DSD_SHA@DF_SHA(1.1),Health expenditure and financing,I,CHE,Switzerland,A,Annual,EXP_HEALTH,Expenditure,USD_PPP_PS,"US dollars per person, PPP converted",_T,Total,_Z,Not application,_T,Total,_T,Total,_T,Total,_Z,Not applicable,_Z,Not applicable,V,Current prices,2010,,5076.002,,,,,,,,,,,,0,Units,1,One
DATAFLOW,OECD.ELS.HD:DSD_SHA@DF_SHA(1.1),Health expenditure and financing,I,CHE,Switzerland,A,Annual,EXP_HEALTH,Expenditure,USD_PPP_PS,"US dollars per person, PPP converted",_T,Total,_Z,Not application,_T,Total,_T,Total,_T,Total,_Z,Not applicable,_Z,Not applicable,V,Current prices,2011,,5258.917,,,,,,,,,,,,0,Units,1,One
DATAFLOW,OECD.ELS.HD:DSD_SHA@DF_SHA(1.1),Health expenditure and financing,I,CHE,Switzerland,A,Annual,EXP_HEALTH,Expenditure,USD_PPP_PS,"US dollars per person, PPP converted",_T,Total,_Z,Not application,_T,Total,_T,Total,_T,Total,_Z,Not applicable,_Z,Not applicable,V,Current prices,2016,,6674.485,,,,,,,,,,,,0,Units,1,One
DATAFLOW,OECD.ELS.HD:DSD_SHA@DF_SHA(1.1),Health expenditure and financing,I,CHE,Switzerland,A,Annual,EXP_HEALTH,Expenditure,USD_PPP_PS,"US dollars per person, PPP converted",_T,Total,_Z,Not application,_T,Total,_T,Total,_T,Total,_Z,Not applicable,_Z,Not applicable,V,Current prices,2017,,6713.317,,,,,,,,,,,,0,Units,1,One
DATAFLOW,OECD.ELS.HD:DSD_SHA@DF_SHA(1.1),Health expenditure and financing,I,CHE,Switzerland,A,Annual,EXP_HEALTH,Expenditure,USD_PPP_PS,"US dollars per person, PPP converted",_T,Total,_Z,Not application,_T,Total,_T,Total,_T,Total,_Z,Not applicable,_Z,Not applicable,V,Current prices,2021,,8391.694,,,,,,,,,,,,0,Units,1,One
DATAFLOW,OECD.ELS.HD:DSD_SHA@DF_SHA(1.1),Health expenditure and financing,I,CHE,Switzerland,A,Annual,EXP_HEALTH,Expenditure,USD_PPP_PS,"US dollars per person, PPP converted",_T,Total,_Z,Not application,_T,Total,_T,Total,_T,Total,_Z,Not applicable,_Z,Not applicable,V,Current prices,2001,,3555.288,,,,,,,,,,,,0,Units,1,One
DATAFLOW,OECD.ELS.HD:DSD_SHA@DF_SHA(1.1),Health expenditure and financing,I,CHE,Switzerland,A,Annual,EXP_HEALTH,Expenditure,USD_PPP_PS,"US dollars per person, PPP converted",_T,Total,_Z,Not application,_T,Total,_T,Total,_T,Total,_Z,Not applicable,_Z,Not applicable,V,Current prices,2003,,3914.828,,,,,,,,,,,,0,Units,1,One
DATAFLOW,OECD.ELS.HD:DSD_SHA@DF_SHA(1.1),Health expenditure and financing,I,CHE,Switzerland,A,Annual,EXP_HEALTH,Expenditure,USD_PPP_PS,"US dollars per person, PPP converted",_T,Total,_Z,Not application,_T,Total,_T,Total,_T,Total,_Z,Not applicable,_Z,Not applicable,V,Current prices,2004,,4107.752,,,,,,,,,,,,0,Units,1,One
DATAFLOW,OECD.ELS.HD:DSD_SHA@DF_SHA(1.1),Health expenditure and financing,I,CHE,Switzerland,A,Annual,EXP_HEALTH,Expenditure,USD_PPP_PS,"US dollars per person, PPP converted",_T,Total,_Z,Not application,_T,Total,_T,Total,_T,Total,_Z,Not applicable,_Z,Not applicable,V,Current prices,2006,,4232.636,,,,,,,,,,,,0,Units,1,One
DATAFLOW,OECD.ELS.HD:DSD_SHA@DF_SHA(1.1),Health expenditure and financing,I,CHE,Switzerland,A,Annual,EXP_HEALTH,Expenditure,USD_PPP_PS,"US dollars per person, PPP converted",_T,Total,_Z,Not application,_T,Total,_T,Total,_T,Total,_Z,Not applicable,_Z,Not applicable,V,Current prices,2007,,4597.507,,,,,,,,,,,,0,Units,1,One
DATAFLOW,OECD.ELS.HD:DSD_SHA@DF_SHA(1.1),Health expenditure and financing,I,CHE,Switzerland,A,Annual,EXP_HEALTH,Expenditure,USD_PPP_PS,"US dollars per person, PPP converted",_T,Total,_Z,Not application,_T,Total,_T,Total,_T,Total,_Z,Not applicable,_Z,Not applicable,V,Current prices,2024,,9926.659,,,,,,,,,,,,0,Units,1,One
DATAFLOW,OECD.ELS.HD:DSD_SHA@DF_SHA(1.1),Health expenditure and financing,I,CHE,Switzerland,A,Annual,EXP_HEALTH,Expenditure,USD_PPP_PS,"US dollars per person, PPP converted",_T,Total,_Z,Not application,_T,Total,_T,Total,_T,Total,_Z,Not applicable,_Z,Not applicable,V,Current prices,2025,,10634.291,,,,,,P,Provisional value,,,,,0,Units,1,One
DATAFLOW,OECD.ELS.HD:DSD_SHA@DF_SHA(1.1),Health expenditure and financing,I,CHE,Switzerland,A,Annual,EXP_HEALTH,Expenditure,USD_PPP_PS,"US dollars per person, PPP converted",_T,Total,_Z,Not application,_T,Total,_T,Total,_T,Total,_Z,Not applicable,_Z,Not applicable,V,Current prices,2020,,7621.094,,,,,,,,,,,,0,Units,1,One
DATAFLOW,OECD.ELS.HD:DSD_SHA@DF_SHA(1.1),Health expenditure and financing,I,TUR,Türkiye,A,Annual,EXP_HEALTH,Expenditure,USD_PPP_PS,"US dollars per person, PPP converted",_T,Total,_Z,Not application,_T,Total,_T,Total,_T,Total,_Z,Not applicable,_Z,Not applicable,V,Current prices,2005,,588.128,,,,,,,,,,,,0,Units,1,One
DATAFLOW,OECD.ELS.HD:DSD_SHA@DF_SHA(1.1),Health expenditure and financing,I,TUR,Türkiye,A,Annual,EXP_HEALTH,Expenditure,USD_PPP_PS,"US dollars per person, PPP converted",_T,Total,_Z,Not application,_T,Total,_T,Total,_T,Total,_Z,Not applicable,_Z,Not applicable,V,Current prices,2004,,558.553,,,,,,,,,,,,0,Units,1,One
DATAFLOW,OECD.ELS.HD:DSD_SHA@DF_SHA(1.1),Health expenditure and financing,I,ISR,Israel,A,Annual,EXP_HEALTH,Expenditure,USD_PPP_PS,"US dollars per person, PPP converted",_T,Total,_Z,Not application,_T,Total,_T,Total,_T,Total,_Z,Not applicable,_Z,Not applicable,V,Current prices,2010,,1971.313,,,,,,,,,,,,0,Units,1,One
DATAFLOW,OECD.ELS.HD:DSD_SHA@DF_SHA(1.1),Health expenditure and financing,I,ISR,Israel,A,Annual,EXP_HEALTH,Expenditure,USD_PPP_PS,"US dollars per person, PPP converted",_T,Total,_Z,Not application,_T,Total,_T,Total,_T,Total,_Z,Not applicable,_Z,Not applicable,V,Current prices,2009,,1902.832,,,,,,,,,,,,0,Units,1,One
DATAFLOW,OECD.ELS.HD:DSD_SHA@DF_SHA(1.1),Health expenditure and financing,I,SRB,Serbia,A,Annual,EXP_HEALTH,Expenditure,USD_PPP_PS,"US dollars per person, PPP converted",_T,Total,_Z,Not application,_T,Total,_T,Total,_T,Total,_Z,Not applicable,_Z,Not applicable,V,Current prices,2014,,1252.762,,,,,,,,,,,,0,Units,1,One
DATAFLOW,OECD.ELS.HD:DSD_SHA@DF_SHA(1.1),Health expenditure and financing,I,ISR,Israel,A,Annual,EXP_HEALTH,Expenditure,USD_PPP_PS,"US dollars per person, PPP converted",_T,Total,_Z,Not application,_T,Total,_T,Total,_T,Total,_Z,Not applicable,_Z,Not applicable,V,Current prices,2008,,1839.047,,,,,,,,,,,,0,Units,1,One
DATAFLOW,OECD.ELS.HD:DSD_SHA@DF_SHA(1.1),Health expenditure and financing,I,ISR,Israel,A,Annual,EXP_HEALTH,Expenditure,USD_PPP_PS,"US dollars per person, PPP converted",_T,Total,_Z,Not application,_T,Total,_T,Total,_T,Total,_Z,Not applicable,_Z,Not applicable,V,Current prices,2007,,1849.624,,,,,,,,,,,,0,Units,1,One
DATAFLOW,OECD.ELS.HD:DSD_SHA@DF_SHA(1.1),Health expenditure and financing,I,ISR,Israel,A,Annual,EXP_HEALTH,Expenditure,USD_PPP_PS,"US dollars per person, PPP converted",_T,Total,_Z,Not application,_T,Total,_T,Total,_T,Total,_Z,Not applicable,_Z,Not applicable,V,Current prices,2005,,1756.34,,,,,,,,,,,,0,Units,1,One
DATAFLOW,OECD.ELS.HD:DSD_SHA@DF_SHA(1.1),Health expenditure and financing,I,ISR,Israel,A,Annual,EXP_HEALTH,Expenditure,USD_PPP_PS,"US dollars per person, PPP converted",_T,Total,_Z,Not application,_T,Total,_T,Total,_T,Total,_Z,Not applicable,_Z,Not applicable,V,Current prices,2004,,1709.967,,,,,,,,,,,,0,Units,1,One
DATAFLOW,OECD.ELS.HD:DSD_SHA@DF_SHA(1.1),Health expenditure and financing,I,ISR,Israel,A,Annual,EXP_HEALTH,Expenditure,USD_PPP_PS,"US dollars per person, PPP converted",_T,Total,_Z,Not application,_T,Total,_T,Total,_T,Total,_Z,Not applicable,_Z,Not applicable,V,Current prices,2003,,1636.573,,,,,,,,,,,,0,Units,1,One
DATAFLOW,OECD.ELS.HD:DSD_SHA@DF_SHA(1.1),Health expenditure and financing,I,ISR,Israel,A,Annual,EXP_HEALTH,Expenditure,USD_PPP_PS,"US dollars per person, PPP converted",_T,Total,_Z,Not application,_T,Total,_T,Total,_T,Total,_Z,Not applicable,_Z,Not applicable,V,Current prices,2002,,1691.502,,,,,,,,,,,,0,Units,1,One
DATAFLOW,OECD.ELS.HD:DSD_SHA@DF_SHA(1.1),Health expenditure and financing,I,ISR,Israel,A,Annual,EXP_HEALTH,Expenditure,USD_PPP_PS,"US dollars per person, PPP converted",_T,Total,_Z,Not application,_T,Total,_T,Total,_T,Total,_Z,Not applicable,_Z,Not applicable,V,Current prices,2001,,1655.96,,,,,,,,,,,,0,Units,1,One
DATAFLOW,OECD.ELS.HD:DSD_SHA@DF_SHA(1.1),Health expenditure and financing,I,ISR,Israel,A,Annual,EXP_HEALTH,Expenditure,USD_PPP_PS,"US dollars per person, PPP converted",_T,Total,_Z,Not application,_T,Total,_T,Total,_T,Total,_Z,Not applicable,_Z,Not applicable,V,Current prices,2000,,1553.579,,,,,,,,,,,,0,Units,1,One
DATAFLOW,OECD.ELS.HD:DSD_SHA@DF_SHA(1.1),Health expenditure and financing,I,ITA,Italy,A,Annual,EXP_HEALTH,Expenditure,USD_PPP_PS,"US dollars per person, PPP converted",_T,Total,_Z,Not application,_T,Total,_T,Total,_T,Total,_Z,Not applicable,_Z,Not applicable,V,Current prices,2012,,3059.487,,,,,,B,Time series break,,,,,0,Units,1,One
DATAFLOW,OECD.ELS.HD:DSD_SHA@DF_SHA(1.1),Health expenditure and financing,I,ITA,Italy,A,Annual,EXP_HEALTH,Expenditure,USD_PPP_PS,"US dollars per person, PPP converted",_T,Total,_Z,Not application,_T,Total,_T,Total,_T,Total,_Z,Not applicable,_Z,Not applicable,V,Current prices,2023,,5114.1,,,,,,,,,,,,0,Units,1,One
DATAFLOW,OECD.ELS.HD:DSD_SHA@DF_SHA(1.1),Health expenditure and financing,I,ITA,Italy,A,Annual,EXP_HEALTH,Expenditure,USD_PPP_PS,"US dollars per person, PPP converted",_T,Total,_Z,Not application,_T,Total,_T,Total,_T,Total,_Z,Not applicable,_Z,Not applicable,V,Current prices,2024,,5337.42,,,,,,,,,,,,0,Units,1,One
DATAFLOW,OECD.ELS.HD:DSD_SHA@DF_SHA(1.1),Health expenditure and financing,I,ITA,Italy,A,Annual,EXP_HEALTH,Expenditure,USD_PPP_PS,"US dollars per person, PPP converted",_T,Total,_Z,Not application,_T,Total,_T,Total,_T,Total,_Z,Not applicable,_Z,Not applicable,V,Current prices,2025,,5336.057,,,,,,P,Provisional value,,,,,0,Units,1,One
DATAFLOW,OECD.ELS.HD:DSD_SHA@DF_SHA(1.1),Health expenditure and financing,I,ITA,Italy,A,Annual,EXP_HEALTH,Expenditure,USD_PPP_PS,"US dollars per person, PPP converted",_T,Total,_Z,Not application,_T,Total,_T,Total,_T,Total,_Z,Not applicable,_Z,Not applicable,V,Current prices,2022,,4865.044,,,,,,,,,,,,0,Units,1,One
DATAFLOW,OECD.ELS.HD:DSD_SHA@DF_SHA(1.1),Health expenditure and financing,I,ITA,Italy,A,Annual,EXP_HEALTH,Expenditure,USD_PPP_PS,"US dollars per person, PPP converted",_T,Total,_Z,Not application,_T,Total,_T,Total,_T,Total,_Z,Not applicable,_Z,Not applicable,V,Current prices,2021,,4408.746,,,,,,,,,,,,0,Units,1,One
DATAFLOW,OECD.ELS.HD:DSD_SHA@DF_SHA(1.1),Health expenditure and financing,I,ITA,Italy,A,Annual,EXP_HEALTH,Expenditure,USD_PPP_PS,"US dollars per person, PPP converted",_T,Total,_Z,Not application,_T,Total,_T,Total,_T,Total,_Z,Not applicable,_Z,Not applicable,V,Current prices,2020,,4027.251,,,,,,,,,,,,0,Units,1,One
DATAFLOW,OECD.ELS.HD:DSD_SHA@DF_SHA(1.1),Health expenditure and financing,I,ITA,Italy,A,Annual,EXP_HEALTH,Expenditure,USD_PPP_PS,"US dollars per person, PPP converted",_T,Total,_Z,Not application,_T,Total,_T,Total,_T,Total,_Z,Not applicable,_Z,Not applicable,V,Current prices,2019,,3798.028,,,,,,,,,,,,0,Units,1,One
DATAFLOW,OECD.ELS.HD:DSD_SHA@DF_SHA(1.1),Health expenditure and financing,I,ITA,Italy,A,Annual,EXP_HEALTH,Expenditure,USD_PPP_PS,"US dollars per person, PPP converted",_T,Total,_Z,Not application,_T,Total,_T,Total,_T,Total,_Z,Not applicable,_Z,Not applicable,V,Current prices,2018,,3529.22,,,,,,,,,,,,0,Units,1,One
DATAFLOW,OECD.ELS.HD:DSD_SHA@DF_SHA(1.1),Health expenditure and financing,I,ITA,Italy,A,Annual,EXP_HEALTH,Expenditure,USD_PPP_PS,"US dollars per person, PPP converted",_T,Total,_Z,Not application,_T,Total,_T,Total,_T,Total,_Z,Not applicable,_Z,Not applicable,V,Current prices,2017,,3426.725,,,,,,,,,,,,0,Units,1,One
DATAFLOW,OECD.ELS.HD:DSD_SHA@DF_SHA(1.1),Health expenditure and financing,I,ITA,Italy,A,Annual,EXP_HEALTH,Expenditure,USD_PPP_PS,"US dollars per person, PPP converted",_T,Total,_Z,Not application,_T,Total,_T,Total,_T,Total,_Z,Not applicable,_Z,Not applicable,V,Current prices,2016,,3317.723,,,,,,,,,,,,0,Units,1,One
DATAFLOW,OECD.ELS.HD:DSD_SHA@DF_SHA(1.1),Health expenditure and financing,I,ITA,Italy,A,Annual,EXP_HEALTH,Expenditure,USD_PPP_PS,"US dollars per person, PPP converted",_T,Total,_Z,Not application,_T,Total,_T,Total,_T,Total,_Z,Not applicable,_Z,Not applicable,V,Current prices,2015,,3125.671,,,,,,,,,,,,0,Units,1,One
DATAFLOW,OECD.ELS.HD:DSD_SHA@DF_SHA(1.1),Health expenditure and financing,I,ITA,Italy,A,Annual,EXP_HEALTH,Expenditure,USD_PPP_PS,"US dollars per person, PPP converted",_T,Total,_Z,Not application,_T,Total,_T,Total,_T,Total,_Z,Not applicable,_Z,Not applicable,V,Current prices,2014,,3073.315,,,,,,,,,,,,0,Units,1,One
DATAFLOW,OECD.ELS.HD:DSD_SHA@DF_SHA(1.1),Health expenditure and financing,I,ITA,Italy,A,Annual,EXP_HEALTH,Expenditure,USD_PPP_PS,"US dollars per person, PPP converted",_T,Total,_Z,Not application,_T,Total,_T,Total,_T,Total,_Z,Not applicable,_Z,Not applicable,V,Current prices,2013,,3060.035,,,,,,,,,,,,0,Units,1,One
DATAFLOW,OECD.ELS.HD:DSD_SHA@DF_SHA(1.1),Health expenditure and financing,I,POL,Poland,A,Annual,EXP_HEALTH,Expenditure,USD_PPP_PS,"US dollars per person, PPP converted",_T,Total,_Z,Not application,_T,Total,_T,Total,_T,Total,_Z,Not applicable,_Z,Not applicable,V,Current prices,2011,,1496.615,,,,,,,,,,,,0,Units,1,One
DATAFLOW,OECD.ELS.HD:DSD_SHA@DF_SHA(1.1),Health expenditure and financing,I,POL,Poland,A,Annual,EXP_HEALTH,Expenditure,USD_PPP_PS,"US dollars per person, PPP converted",_T,Total,_Z,Not application,_T,Total,_T,Total,_T,Total,_Z,Not applicable,_Z,Not applicable,V,Current prices,2009,,1313.749,,,,,,,,,,,,0,Units,1,One
DATAFLOW,OECD.ELS.HD:DSD_SHA@DF_SHA(1.1),Health expenditure and financing,I,POL,Poland,A,Annual,EXP_HEALTH,Expenditure,USD_PPP_PS,"US dollars per person, PPP converted",_T,Total,_Z,Not application,_T,Total,_T,Total,_T,Total,_Z,Not applicable,_Z,Not applicable,V,Current prices,2008,,1222.748,,,,,,,,,,,,0,Units,1,One
DATAFLOW,OECD.ELS.HD:DSD_SHA@DF_SHA(1.1),Health expenditure and financing,I,POL,Poland,A,Annual,EXP_HEALTH,Expenditure,USD_PPP_PS,"US dollars per person, PPP converted",_T,Total,_Z,Not application,_T,Total,_T,Total,_T,Total,_Z,Not applicable,_Z,Not applicable,V,Current prices,2005,,834.605,,,,,,,,,,,,0,Units,1,One
DATAFLOW,OECD.ELS.HD:DSD_SHA@DF_SHA(1.1),Health expenditure and financing,I,USA,United States,A,Annual,EXP_HEALTH,Expenditure,USD_PPP_PS,"US dollars per person, PPP converted",_T,Total,_Z,Not application,_T,Total,_T,Total,_T,Total,_Z,Not applicable,_Z,Not applicable,V,Current prices,2008,,7381.521,,,,,,,,,,,,0,Units,1,One
DATAFLOW,OECD.ELS.HD:DSD_SHA@DF_SHA(1.1),Health expenditure and financing,I,USA,United States,A,Annual,EXP_HEALTH,Expenditure,USD_PPP_PS,"US dollars per person, PPP converted",_T,Total,_Z,Not application,_T,Total,_T,Total,_T,Total,_Z,Not applicable,_Z,Not applicable,V,Current prices,2007,,7163.76,,,,,,,,,,,,0,Units,1,One
DATAFLOW,OECD.ELS.HD:DSD_SHA@DF_SHA(1.1),Health expenditure and financing,I,USA,United States,A,Annual,EXP_HEALTH,Expenditure,USD_PPP_PS,"US dollars per person, PPP converted",_T,Total,_Z,Not application,_T,Total,_T,Total,_T,Total,_Z,Not applicable,_Z,Not applicable,V,Current prices,2006,,6806.112,,,,,,,,,,,,0,Units,1,One
DATAFLOW,OECD.ELS.HD:DSD_SHA@DF_SHA(1.1),Health expenditure and financing,I,USA,United States,A,Annual,EXP_HEALTH,Expenditure,USD_PPP_PS,"US dollars per person, PPP converted",_T,Total,_Z,Not application,_T,Total,_T,Total,_T,Total,_Z,Not applicable,_Z,Not applicable,V,Current prices,2005,,6431.89,,,,,,,,,,,,0,Units,1,One
DATAFLOW,OECD.ELS.HD:DSD_SHA@DF_SHA(1.1),Health expenditure and financing,I,USA,United States,A,Annual,EXP_HEALTH,Expenditure,USD_PPP_PS,"US dollars per person, PPP converted",_T,Total,_Z,Not application,_T,Total,_T,Total,_T,Total,_Z,Not applicable,_Z,Not applicable,V,Current prices,2004,,6069.673,,,,,,,,,,,,0,Units,1,One
DATAFLOW,OECD.ELS.HD:DSD_SHA@DF_SHA(1.1),Health expenditure and financing,I,USA,United States,A,Annual,EXP_HEALTH,Expenditure,USD_PPP_PS,"US dollars per person, PPP converted",_T,Total,_Z,Not application,_T,Total,_T,Total,_T,Total,_Z,Not applicable,_Z,Not applicable,V,Current prices,2003,,5727.067,,,,,,,,,,,,0,Units,1,One
DATAFLOW,OECD.ELS.HD:DSD_SHA@DF_SHA(1.1),Health expenditure and financing,I,ALB,Albania,A,Annual,EXP_HEALTH,Expenditure,USD_PPP_PS,"US dollars per person, PPP converted",_T,Total,_Z,Not application,_T,Total,_T,Total,_T,Total,_Z,Not applicable,_Z,Not applicable,V,Current prices,2022,,1330.516,,,,,,,,,,,,0,Units,1,One
DATAFLOW,OECD.ELS.HD:DSD_SHA@DF_SHA(1.1),Health expenditure and financing,I,ALB,Albania,A,Annual,EXP_HEALTH,Expenditure,USD_PPP_PS,"US dollars per person, PPP converted",_T,Total,_Z,Not application,_T,Total,_T,Total,_T,Total,_Z,Not applicable,_Z,Not applicable,V,Current prices,2023,,1576.789,,,,,,,,,,,,0,Units,1,One
DATAFLOW,OECD.ELS.HD:DSD_SHA@DF_SHA(1.1),Health expenditure and financing,I,ALB,Albania,A,Annual,EXP_HEALTH,Expenditure,USD_PPP_PS,"US dollars per person, PPP converted",_T,Total,_Z,Not application,_T,Total,_T,Total,_T,Total,_Z,Not applicable,_Z,Not applicable,V,Current prices,2021,,1071.999,,,,,,,,,,,,0,Units,1,One
DATAFLOW,OECD.ELS.HD:DSD_SHA@DF_SHA(1.1),Health expenditure and financing,I,ALB,Albania,A,Annual,EXP_HEALTH,Expenditure,USD_PPP_PS,"US dollars per person, PPP converted",_T,Total,_Z,Not application,_T,Total,_T,Total,_T,Total,_Z,Not applicable,_Z,Not applicable,V,Current prices,2020,,963.791,,,,,,,,,,,,0,Units,1,One
DATAFLOW,OECD.ELS.HD:DSD_SHA@DF_SHA(1.1),Health expenditure and financing,I,ALB,Albania,A,Annual,EXP_HEALTH,Expenditure,USD_PPP_PS,"US dollars per person, PPP converted",_T,Total,_Z,Not application,_T,Total,_T,Total,_T,Total,_Z,Not applicable,_Z,Not applicable,V,Current prices,2019,,903.806,,,,,,,,,,,,0,Units,1,One
DATAFLOW,OECD.ELS.HD:DSD_SHA@DF_SHA(1.1),Health expenditure and financing,I,ALB,Albania,A,Annual,EXP_HEALTH,Expenditure,USD_PPP_PS,"US dollars per person, PPP converted",_T,Total,_Z,Not application,_T,Total,_T,Total,_T,Total,_Z,Not applicable,_Z,Not applicable,V,Current prices,2018,,821.497,,,,,,,,,,,,0,Units,1,One
DATAFLOW,OECD.ELS.HD:DSD_SHA@DF_SHA(1.1),Health expenditure and financing,I,ALB,Albania,A,Annual,EXP_HEALTH,Expenditure,USD_PPP_PS,"US dollars per person, PPP converted",_T,Total,_Z,Not application,_T,Total,_T,Total,_T,Total,_Z,Not applicable,_Z,Not applicable,V,Current prices,2017,,762.612,,,,,,,,,,,,0,Units,1,One
DATAFLOW,OECD.ELS.HD:DSD_SHA@DF_SHA(1.1),Health expenditure and financing,I,ALB,Albania,A,Annual,EXP_HEALTH,Expenditure,USD_PPP_PS,"US dollars per person, PPP converted",_T,Total,_Z,Not application,_T,Total,_T,Total,_T,Total,_Z,Not applicable,_Z,Not applicable,V,Current prices,2016,,739.469,,,,,,,,,,,,0,Units,1,One
DATAFLOW,OECD.ELS.HD:DSD_SHA@DF_SHA(1.1),Health expenditure and financing,I,ALB,Albania,A,Annual,EXP_HEALTH,Expenditure,USD_PPP_PS,"US dollars per person, PPP converted",_T,Total,_Z,Not application,_T,Total,_T,Total,_T,Total,_Z,Not applicable,_Z,Not applicable,V,Current prices,2015,,697.49,,,,,,,,,,,,0,Units,1,One
DATAFLOW,OECD.ELS.HD:DSD_SHA@DF_SHA(1.1),Health expenditure and financing,I,ALB,Albania,A,Annual,EXP_HEALTH,Expenditure,USD_PPP_PS,"US dollars per person, PPP converted",_T,Total,_Z,Not application,_T,Total,_T,Total,_T,Total,_Z,Not applicable,_Z,Not applicable,V,Current prices,2014,,662.725,,,,,,,,,,,,0,Units,1,One
DATAFLOW,OECD.ELS.HD:DSD_SHA@DF_SHA(1.1),Health expenditure and financing,I,ALB,Albania,A,Annual,EXP_HEALTH,Expenditure,USD_PPP_PS,"US dollars per person, PPP converted",_T,Total,_Z,Not application,_T,Total,_T,Total,_T,Total,_Z,Not applicable,_Z,Not applicable,V,Current prices,2013,,617.826,,,,,,,,,,,,0,Units,1,One
DATAFLOW,OECD.ELS.HD:DSD_SHA@DF_SHA(1.1),Health expenditure and financing,I,ALB,Albania,A,Annual,EXP_HEALTH,Expenditure,USD_PPP_PS,"US dollars per person, PPP converted",_T,Total,_Z,Not application,_T,Total,_T,Total,_T,Total,_Z,Not applicable,_Z,Not applicable,V,Current prices,2012,,610.691,,,,,,,,,,,,0,Units,1,One
DATAFLOW,OECD.ELS.HD:DSD_SHA@DF_SHA(1.1),Health expenditure and financing,I,ALB,Albania,A,Annual,EXP_HEALTH,Expenditure,USD_PPP_PS,"US dollars per person, PPP converted",_T,Total,_Z,Not application,_T,Total,_T,Total,_T,Total,_Z,Not applicable,_Z,Not applicable,V,Current prices,2011,,576.639,,,,,,,,,,,,0,Units,1,One
DATAFLOW,OECD.ELS.HD:DSD_SHA@DF_SHA(1.1),Health expenditure and financing,I,ALB,Albania,A,Annual,EXP_HEALTH,Expenditure,USD_PPP_PS,"US dollars per person, PPP converted",_T,Total,_Z,Not application,_T,Total,_T,Total,_T,Total,_Z,Not applicable,_Z,Not applicable,V,Current prices,2010,,544.017,,,,,,,,,,,,0,Units,1,One
DATAFLOW,OECD.ELS.HD:DSD_SHA@DF_SHA(1.1),Health expenditure and financing,I,ALB,Albania,A,Annual,EXP_HEALTH,Expenditure,USD_PPP_PS,"US dollars per person, PPP converted",_T,Total,_Z,Not application,_T,Total,_T,Total,_T,Total,_Z,Not applicable,_Z,Not applicable,V,Current prices,2009,,451.9,,,,,,,,,,,,0,Units,1,One
DATAFLOW,OECD.ELS.HD:DSD_SHA@DF_SHA(1.1),Health expenditure and financing,I,ALB,Albania,A,Annual,EXP_HEALTH,Expenditure,USD_PPP_PS,"US dollars per person, PPP converted",_T,Total,_Z,Not application,_T,Total,_T,Total,_T,Total,_Z,Not applicable,_Z,Not applicable,V,Current prices,2008,,398.307,,,,,,,,,,,,0,Units,1,One
DATAFLOW,OECD.ELS.HD:DSD_SHA@DF_SHA(1.1),Health expenditure and financing,I,ALB,Albania,A,Annual,EXP_HEALTH,Expenditure,USD_PPP_PS,"US dollars per person, PPP converted",_T,Total,_Z,Not application,_T,Total,_T,Total,_T,Total,_Z,Not applicable,_Z,Not applicable,V,Current prices,2007,,383.805,,,,,,,,,,,,0,Units,1,One
DATAFLOW,OECD.ELS.HD:DSD_SHA@DF_SHA(1.1),Health expenditure and financing,I,ALB,Albania,A,Annual,EXP_HEALTH,Expenditure,USD_PPP_PS,"US dollars per person, PPP converted",_T,Total,_Z,Not application,_T,Total,_T,Total,_T,Total,_Z,Not applicable,_Z,Not applicable,V,Current prices,2006,,335.644,,,,,,,,,,,,0,Units,1,One
DATAFLOW,OECD.ELS.HD:DSD_SHA@DF_SHA(1.1),Health expenditure and financing,I,ALB,Albania,A,Annual,EXP_HEALTH,Expenditure,USD_PPP_PS,"US dollars per person, PPP converted",_T,Total,_Z,Not application,_T,Total,_T,Total,_T,Total,_Z,Not applicable,_Z,Not applicable,V,Current prices,2005,,318.153,,,,,,,,,,,,0,Units,1,One
DATAFLOW,OECD.ELS.HD:DSD_SHA@DF_SHA(1.1),Health expenditure and financing,I,ALB,Albania,A,Annual,EXP_HEALTH,Expenditure,USD_PPP_PS,"US dollars per person, PPP converted",_T,Total,_Z,Not application,_T,Total,_T,Total,_T,Total,_Z,Not applicable,_Z,Not applicable,V,Current prices,2004,,300.791,,,,,,,,,,,,0,Units,1,One
DATAFLOW,OECD.ELS.HD:DSD_SHA@DF_SHA(1.1),Health expenditure and financing,I,ALB,Albania,A,Annual,EXP_HEALTH,Expenditure,USD_PPP_PS,"US dollars per person, PPP converted",_T,Total,_Z,Not application,_T,Total,_T,Total,_T,Total,_Z,Not applicable,_Z,Not applicable,V,Current prices,2003,,272.548,,,,,,,,,,,,0,Units,1,One
DATAFLOW,OECD.ELS.HD:DSD_SHA@DF_SHA(1.1),Health expenditure and financing,I,PRT,Portugal,A,Annual,EXP_HEALTH,Expenditure,USD_PPP_PS,"US dollars per person, PPP converted",_T,Total,_Z,Not application,_T,Total,_T,Total,_T,Total,_Z,Not applicable,_Z,Not applicable,V,Current prices,2016,,2828.767,,,,,,,,,,,,0,Units,1,One
DATAFLOW,OECD.ELS.HD:DSD_SHA@DF_SHA(1.1),Health expenditure and financing,I,PRT,Portugal,A,Annual,EXP_HEALTH,Expenditure,USD_PPP_PS,"US dollars per person, PPP converted",_T,Total,_Z,Not application,_T,Total,_T,Total,_T,Total,_Z,Not applicable,_Z,Not applicable,V,Current prices,2017,,2921.627,,,,,,,,,,,,0,Units,1,One
DATAFLOW,OECD.ELS.HD:DSD_SHA@DF_SHA(1.1),Health expenditure and financing,I,PRT,Portugal,A,Annual,EXP_HEALTH,Expenditure,USD_PPP_PS,"US dollars per person, PPP converted",_T,Total,_Z,Not application,_T,Total,_T,Total,_T,Total,_Z,Not applicable,_Z,Not applicable,V,Current prices,2006,,2246.992,,,,,,,,,,,,0,Units,1,One
DATAFLOW,OECD.ELS.HD:DSD_SHA@DF_SHA(1.1),Health expenditure and financing,I,PRT,Portugal,A,Annual,EXP_HEALTH,Expenditure,USD_PPP_PS,"US dollars per person, PPP converted",_T,Total,_Z,Not application,_T,Total,_T,Total,_T,Total,_Z,Not applicable,_Z,Not applicable,V,Current prices,2007,,2307.577,,,,,,,,,,,,0,Units,1,One
DATAFLOW,OECD.ELS.HD:DSD_SHA@DF_SHA(1.1),Health expenditure and financing,I,ARG,Argentina,A,Annual,EXP_HEALTH,Expenditure,USD_PPP_PS,"US dollars per person, PPP converted",_T,Total,_Z,Not application,_T,Total,_T,Total,_T,Total,_Z,Not applicable,_Z,Not applicable,V,Current prices,2023,,3232.306,,,,,,,,,,,,0,Units,1,One
DATAFLOW,OECD.ELS.HD:DSD_SHA@DF_SHA(1.1),Health expenditure and financing,I,ARG,Argentina,A,Annual,EXP_HEALTH,Expenditure,USD_PPP_PS,"US dollars per person, PPP converted",_T,Total,_Z,Not application,_T,Total,_T,Total,_T,Total,_Z,Not applicable,_Z,Not applicable,V,Current prices,2022,,3231.027,,,,,,,,,,,,0,Units,1,One
DATAFLOW,OECD.ELS.HD:DSD_SHA@DF_SHA(1.1),Health expenditure and financing,I,ARG,Argentina,A,Annual,EXP_HEALTH,Expenditure,USD_PPP_PS,"US dollars per person, PPP converted",_T,Total,_Z,Not application,_T,Total,_T,Total,_T,Total,_Z,Not applicable,_Z,Not applicable,V,Current prices,2021,,3010.013,,,,,,,,,,,,0,Units,1,One
DATAFLOW,OECD.ELS.HD:DSD_SHA@DF_SHA(1.1),Health expenditure and financing,I,ARG,Argentina,A,Annual,EXP_HEALTH,Expenditure,USD_PPP_PS,"US dollars per person, PPP converted",_T,Total,_Z,Not application,_T,Total,_T,Total,_T,Total,_Z,Not applicable,_Z,Not applicable,V,Current prices,2020,,2478.095,,,,,,,,,,,,0,Units,1,One
DATAFLOW,OECD.ELS.HD:DSD_SHA@DF_SHA(1.1),Health expenditure and financing,I,ARG,Argentina,A,Annual,EXP_HEALTH,Expenditure,USD_PPP_PS,"US dollars per person, PPP converted",_T,Total,_Z,Not application,_T,Total,_T,Total,_T,Total,_Z,Not applicable,_Z,Not applicable,V,Current prices,2019,,2462.934,,,,,,,,,,,,0,Units,1,One
DATAFLOW,OECD.ELS.HD:DSD_SHA@DF_SHA(1.1),Health expenditure and financing,I,ARG,Argentina,A,Annual,EXP_HEALTH,Expenditure,USD_PPP_PS,"US dollars per person, PPP converted",_T,Total,_Z,Not application,_T,Total,_T,Total,_T,Total,_Z,Not applicable,_Z,Not applicable,V,Current prices,2018,,2590.859,,,,,,,,,,,,0,Units,1,One
DATAFLOW,OECD.ELS.HD:DSD_SHA@DF_SHA(1.1),Health expenditure and financing,I,ARG,Argentina,A,Annual,EXP_HEALTH,Expenditure,USD_PPP_PS,"US dollars per person, PPP converted",_T,Total,_Z,Not application,_T,Total,_T,Total,_T,Total,_Z,Not applicable,_Z,Not applicable,V,Current prices,2017,,2454.47,,,,,,,,,,,,0,Units,1,One
DATAFLOW,OECD.ELS.HD:DSD_SHA@DF_SHA(1.1),Health expenditure and financing,I,ARG,Argentina,A,Annual,EXP_HEALTH,Expenditure,USD_PPP_PS,"US dollars per person, PPP converted",_T,Total,_Z,Not application,_T,Total,_T,Total,_T,Total,_Z,Not applicable,_Z,Not applicable,V,Current prices,2016,,1956.326,,,,,,,,,,,,0,Units,1,One
DATAFLOW,OECD.ELS.HD:DSD_SHA@DF_SHA(1.1),Health expenditure and financing,I,ARG,Argentina,A,Annual,EXP_HEALTH,Expenditure,USD_PPP_PS,"US dollars per person, PPP converted",_T,Total,_Z,Not application,_T,Total,_T,Total,_T,Total,_Z,Not applicable,_Z,Not applicable,V,Current prices,2015,,1979.342,,,,,,,,,,,,0,Units,1,One
DATAFLOW,OECD.ELS.HD:DSD_SHA@DF_SHA(1.1),Health expenditure and financing,I,ARG,Argentina,A,Annual,EXP_HEALTH,Expenditure,USD_PPP_PS,"US dollars per person, PPP converted",_T,Total,_Z,Not application,_T,Total,_T,Total,_T,Total,_Z,Not applicable,_Z,Not applicable,V,Current prices,2014,,1837.484,,,,,,,,,,,,0,Units,1,One
DATAFLOW,OECD.ELS.HD:DSD_SHA@DF_SHA(1.1),Health expenditure and financing,I,ARG,Argentina,A,Annual,EXP_HEALTH,Expenditure,USD_PPP_PS,"US dollars per person, PPP converted",_T,Total,_Z,Not application,_T,Total,_T,Total,_T,Total,_Z,Not applicable,_Z,Not applicable,V,Current prices,2013,,1897.87,,,,,,,,,,,,0,Units,1,One
DATAFLOW,OECD.ELS.HD:DSD_SHA@DF_SHA(1.1),Health expenditure and financing,I,BIH,Bosnia and Herzegovina,A,Annual,EXP_HEALTH,Expenditure,USD_PPP_PS,"US dollars per person, PPP converted",_T,Total,_Z,Not application,_T,Total,_T,Total,_T,Total,_Z,Not applicable,_Z,Not applicable,V,Current prices,2024,,1965.206,,,,,,,,,,,,0,Units,1,One
DATAFLOW,OECD.ELS.HD:DSD_SHA@DF_SHA(1.1),Health expenditure and financing,I,BIH,Bosnia and Herzegovina,A,Annual,EXP_HEALTH,Expenditure,USD_PPP_PS,"US dollars per person, PPP converted",_T,Total,_Z,Not application,_T,Total,_T,Total,_T,Total,_Z,Not applicable,_Z,Not applicable,V,Current prices,2023,,1835.327,,,,,,,,,,,,0,Units,1,One
DATAFLOW,OECD.ELS.HD:DSD_SHA@DF_SHA(1.1),Health expenditure and financing,I,BIH,Bosnia and Herzegovina,A,Annual,EXP_HEALTH,Expenditure,USD_PPP_PS,"US dollars per person, PPP converted",_T,Total,_Z,Not application,_T,Total,_T,Total,_T,Total,_Z,Not applicable,_Z,Not applicable,V,Current prices,2022,,1683.713,,,,,,,,,,,,0,Units,1,One
DATAFLOW,OECD.ELS.HD:DSD_SHA@DF_SHA(1.1),Health expenditure and financing,I,BIH,Bosnia and Herzegovina,A,Annual,EXP_HEALTH,Expenditure,USD_PPP_PS,"US dollars per person, PPP converted",_T,Total,_Z,Not application,_T,Total,_T,Total,_T,Total,_Z,Not applicable,_Z,Not applicable,V,Current prices,2021,,1639.851,,,,,,,,,,,,0,Units,1,One
DATAFLOW,OECD.ELS.HD:DSD_SHA@DF_SHA(1.1),Health expenditure and financing,I,BIH,Bosnia and Herzegovina,A,Annual,EXP_HEALTH,Expenditure,USD_PPP_PS,"US dollars per person, PPP converted",_T,Total,_Z,Not application,_T,Total,_T,Total,_T,Total,_Z,Not applicable,_Z,Not applicable,V,Current prices,2020,,1454.321,,,,,,,,,,,,0,Units,1,One
DATAFLOW,OECD.ELS.HD:DSD_SHA@DF_SHA(1.1),Health expenditure and financing,I,BIH,Bosnia and Herzegovina,A,Annual,EXP_HEALTH,Expenditure,USD_PPP_PS,"US dollars per person, PPP converted",_T,Total,_Z,Not application,_T,Total,_T,Total,_T,Total,_Z,Not applicable,_Z,Not applicable,V,Current prices,2019,,1366.248,,,,,,,,,,,,0,Units,1,One
DATAFLOW,OECD.ELS.HD:DSD_SHA@DF_SHA(1.1),Health expenditure and financing,I,BIH,Bosnia and Herzegovina,A,Annual,EXP_HEALTH,Expenditure,USD_PPP_PS,"US dollars per person, PPP converted",_T,Total,_Z,Not application,_T,Total,_T,Total,_T,Total,_Z,Not applicable,_Z,Not applicable,V,Current prices,2018,,1216.662,,,,,,,,,,,,0,Units,1,One
DATAFLOW,OECD.ELS.HD:DSD_SHA@DF_SHA(1.1),Health expenditure and financing,I,BIH,Bosnia and Herzegovina,A,Annual,EXP_HEALTH,Expenditure,USD_PPP_PS,"US dollars per person, PPP converted",_T,Total,_Z,Not application,_T,Total,_T,Total,_T,Total,_Z,Not applicable,_Z,Not applicable,V,Current prices,2017,,1146.523,,,,,,,,,,,,0,Units,1,One
DATAFLOW,OECD.ELS.HD:DSD_SHA@DF_SHA(1.1),Health expenditure and financing,I,BIH,Bosnia and Herzegovina,A,Annual,EXP_HEALTH,Expenditure,USD_PPP_PS,"US dollars per person, PPP converted",_T,Total,_Z,Not application,_T,Total,_T,Total,_T,Total,_Z,Not applicable,_Z,Not applicable,V,Current prices,2016,,1148.833,,,,,,,,,,,,0,Units,1,One
DATAFLOW,OECD.ELS.HD:DSD_SHA@DF_SHA(1.1),Health expenditure and financing,I,BIH,Bosnia and Herzegovina,A,Annual,EXP_HEALTH,Expenditure,USD_PPP_PS,"US dollars per person, PPP converted",_T,Total,_Z,Not application,_T,Total,_T,Total,_T,Total,_Z,Not applicable,_Z,Not applicable,V,Current prices,2015,,1017.408,,,,,,,,,,,,0,Units,1,One
DATAFLOW,OECD.ELS.HD:DSD_SHA@DF_SHA(1.1),Health expenditure and financing,I,BIH,Bosnia and Herzegovina,A,Annual,EXP_HEALTH,Expenditure,USD_PPP_PS,"US dollars per person, PPP converted",_T,Total,_Z,Not application,_T,Total,_T,Total,_T,Total,_Z,Not applicable,_Z,Not applicable,V,Current prices,2014,,938.762,,,,,,,,,,,,0,Units,1,One
DATAFLOW,OECD.ELS.HD:DSD_SHA@DF_SHA(1.1),Health expenditure and financing,I,BIH,Bosnia and Herzegovina,A,Annual,EXP_HEALTH,Expenditure,USD_PPP_PS,"US dollars per person, PPP converted",_T,Total,_Z,Not application,_T,Total,_T,Total,_T,Total,_Z,Not applicable,_Z,Not applicable,V,Current prices,2013,,909.406,,,,,,,,,,,,0,Units,1,One
DATAFLOW,OECD.ELS.HD:DSD_SHA@DF_SHA(1.1),Health expenditure and financing,I,BIH,Bosnia and Herzegovina,A,Annual,EXP_HEALTH,Expenditure,USD_PPP_PS,"US dollars per person, PPP converted",_T,Total,_Z,Not application,_T,Total,_T,Total,_T,Total,_Z,Not applicable,_Z,Not applicable,V,Current prices,2012,,871.894,,,,,,,,,,,,0,Units,1,One
DATAFLOW,OECD.ELS.HD:DSD_SHA@DF_SHA(1.1),Health expenditure and financing,I,BIH,Bosnia and Herzegovina,A,Annual,EXP_HEALTH,Expenditure,USD_PPP_PS,"US dollars per person, PPP converted",_T,Total,_Z,Not application,_T,Total,_T,Total,_T,Total,_Z,Not applicable,_Z,Not applicable,V,Current prices,2011,,817.136,,,,,,,,,,,,0,Units,1,One
DATAFLOW,OECD.ELS.HD:DSD_SHA@DF_SHA(1.1),Health expenditure and financing,I,BRA,Brazil,A,Annual,EXP_HEALTH,Expenditure,USD_PPP_PS,"US dollars per person, PPP converted",_T,Total,_Z,Not application,_T,Total,_T,Total,_T,Total,_Z,Not applicable,_Z,Not applicable,V,Current prices,2011,,1178.694,,,,,,,,,,,,0,Units,1,One
DATAFLOW,OECD.ELS.HD:DSD_SHA@DF_SHA(1.1),Health expenditure and financing,I,BRA,Brazil,A,Annual,EXP_HEALTH,Expenditure,USD_PPP_PS,"US dollars per person, PPP converted",_T,Total,_Z,Not application,_T,Total,_T,Total,_T,Total,_Z,Not applicable,_Z,Not applicable,V,Current prices,2020,,1578.256,,,,,,P,Provisional value,,,,,0,Units,1,One
DATAFLOW,OECD.ELS.HD:DSD_SHA@DF_SHA(1.1),Health expenditure and financing,I,BRA,Brazil,A,Annual,EXP_HEALTH,Expenditure,USD_PPP_PS,"US dollars per person, PPP converted",_T,Total,_Z,Not application,_T,Total,_T,Total,_T,Total,_Z,Not applicable,_Z,Not applicable,V,Current prices,2021,,1778.286,,,,,,P,Provisional value,,,,,0,Units,1,One
DATAFLOW,OECD.ELS.HD:DSD_SHA@DF_SHA(1.1),Health expenditure and financing,I,BRA,Brazil,A,Annual,EXP_HEALTH,Expenditure,USD_PPP_PS,"US dollars per person, PPP converted",_T,Total,_Z,Not application,_T,Total,_T,Total,_T,Total,_Z,Not applicable,_Z,Not applicable,V,Current prices,2022,,1898.368,,,,,,B,Time series break,,,,,0,Units,1,One
DATAFLOW,OECD.ELS.HD:DSD_SHA@DF_SHA(1.1),Health expenditure and financing,I,LTU,Lithuania,A,Annual,EXP_HEALTH,Expenditure,USD_PPP_PS,"US dollars per person, PPP converted",_T,Total,_Z,Not application,_T,Total,_T,Total,_T,Total,_Z,Not applicable,_Z,Not applicable,V,Current prices,2022,,3712.223,,,,,,,,,,,,0,Units,1,One
DATAFLOW,OECD.ELS.HD:DSD_SHA@DF_SHA(1.1),Health expenditure and financing,I,LTU,Lithuania,A,Annual,EXP_HEALTH,Expenditure,USD_PPP_PS,"US dollars per person, PPP converted",_T,Total,_Z,Not application,_T,Total,_T,Total,_T,Total,_Z,Not applicable,_Z,Not applicable,V,Current prices,2021,,3601.094,,,,,,,,,,,,0,Units,1,One
DATAFLOW,OECD.ELS.HD:DSD_SHA@DF_SHA(1.1),Health expenditure and financing,I,LTU,Lithuania,A,Annual,EXP_HEALTH,Expenditure,USD_PPP_PS,"US dollars per person, PPP converted",_T,Total,_Z,Not application,_T,Total,_T,Total,_T,Total,_Z,Not applicable,_Z,Not applicable,V,Current prices,2019,,2852.444,,,,,,,,,,,,0,Units,1,One
DATAFLOW,OECD.ELS.HD:DSD_SHA@DF_SHA(1.1),Health expenditure and financing,I,LTU,Lithuania,A,Annual,EXP_HEALTH,Expenditure,USD_PPP_PS,"US dollars per person, PPP converted",_T,Total,_Z,Not application,_T,Total,_T,Total,_T,Total,_Z,Not applicable,_Z,Not applicable,V,Current prices,2018,,2381.798,,,,,,,,,,,,0,Units,1,One
DATAFLOW,OECD.ELS.HD:DSD_SHA@DF_SHA(1.1),Health expenditure and financing,I,LTU,Lithuania,A,Annual,EXP_HEALTH,Expenditure,USD_PPP_PS,"US dollars per person, PPP converted",_T,Total,_Z,Not application,_T,Total,_T,Total,_T,Total,_Z,Not applicable,_Z,Not applicable,V,Current prices,2015,,1796.823,,,,,,,,,,,,0,Units,1,One
DATAFLOW,OECD.ELS.HD:DSD_SHA@DF_SHA(1.1),Health expenditure and financing,I,LTU,Lithuania,A,Annual,EXP_HEALTH,Expenditure,USD_PPP_PS,"US dollars per person, PPP converted",_T,Total,_Z,Not application,_T,Total,_T,Total,_T,Total,_Z,Not applicable,_Z,Not applicable,V,Current prices,2017,,2082.483,,,,,,,,,,,,0,Units,1,One
DATAFLOW,OECD.ELS.HD:DSD_SHA@DF_SHA(1.1),Health expenditure and financing,I,LTU,Lithuania,A,Annual,EXP_HEALTH,Expenditure,USD_PPP_PS,"US dollars per person, PPP converted",_T,Total,_Z,Not application,_T,Total,_T,Total,_T,Total,_Z,Not applicable,_Z,Not applicable,V,Current prices,2016,,1954.499,,,,,,,,,,,,0,Units,1,One
DATAFLOW,OECD.ELS.HD:DSD_SHA@DF_SHA(1.1),Health expenditure and financing,I,LTU,Lithuania,A,Annual,EXP_HEALTH,Expenditure,USD_PPP_PS,"US dollars per person, PPP converted",_T,Total,_Z,Not application,_T,Total,_T,Total,_T,Total,_Z,Not applicable,_Z,Not applicable,V,Current prices,2025,,4431.54,,,,,,P,Provisional value,,,,,0,Units,1,One
DATAFLOW,OECD.ELS.HD:DSD_SHA@DF_SHA(1.1),Health expenditure and financing,I,LTU,Lithuania,A,Annual,EXP_HEALTH,Expenditure,USD_PPP_PS,"US dollars per person, PPP converted",_T,Total,_Z,Not application,_T,Total,_T,Total,_T,Total,_Z,Not applicable,_Z,Not applicable,V,Current prices,2010,,1288.766,,,,,,,,,,,,0,Units,1,One
DATAFLOW,OECD.ELS.HD:DSD_SHA@DF_SHA(1.1),Health expenditure and financing,I,LTU,Lithuania,A,Annual,EXP_HEALTH,Expenditure,USD_PPP_PS,"US dollars per person, PPP converted",_T,Total,_Z,Not application,_T,Total,_T,Total,_T,Total,_Z,Not applicable,_Z,Not applicable,V,Current prices,2005,,825.067,,,,,,,,,,,,0,Units,1,One
DATAFLOW,OECD.ELS.HD:DSD_SHA@DF_SHA(1.1),Health expenditure and financing,I,LTU,Lithuania,A,Annual,EXP_HEALTH,Expenditure,USD_PPP_PS,"US dollars per person, PPP converted",_T,Total,_Z,Not application,_T,Total,_T,Total,_T,Total,_Z,Not applicable,_Z,Not applicable,V,Current prices,2011,,1415.678,,,,,,,,,,,,0,Units,1,One
DATAFLOW,OECD.ELS.HD:DSD_SHA@DF_SHA(1.1),Health expenditure and financing,I,LUX,Luxembourg,A,Annual,EXP_HEALTH,Expenditure,USD_PPP_PS,"US dollars per person, PPP converted",_T,Total,_Z,Not application,_T,Total,_T,Total,_T,Total,_Z,Not applicable,_Z,Not applicable,V,Current prices,2003,,4409.88,,,,,,,,,,,,0,Units,1,One
DATAFLOW,OECD.ELS.HD:DSD_SHA@DF_SHA(1.1),Health expenditure and financing,I,LUX,Luxembourg,A,Annual,EXP_HEALTH,Expenditure,USD_PPP_PS,"US dollars per person, PPP converted",_T,Total,_Z,Not application,_T,Total,_T,Total,_T,Total,_Z,Not applicable,_Z,Not applicable,V,Current prices,2005,,4881.401,,,,,,,,,,,,0,Units,1,One
DATAFLOW,OECD.ELS.HD:DSD_SHA@DF_SHA(1.1),Health expenditure and financing,I,LUX,Luxembourg,A,Annual,EXP_HEALTH,Expenditure,USD_PPP_PS,"US dollars per person, PPP converted",_T,Total,_Z,Not application,_T,Total,_T,Total,_T,Total,_Z,Not applicable,_Z,Not applicable,V,Current prices,2010,,5621.517,,,,,,,,,,,,0,Units,1,One
DATAFLOW,OECD.ELS.HD:DSD_SHA@DF_SHA(1.1),Health expenditure and financing,I,LUX,Luxembourg,A,Annual,EXP_HEALTH,Expenditure,USD_PPP_PS,"US dollars per person, PPP converted",_T,Total,_Z,Not application,_T,Total,_T,Total,_T,Total,_Z,Not applicable,_Z,Not applicable,V,Current prices,2009,,5715.826,,,,,,,,,,,,0,Units,1,One
DATAFLOW,OECD.ELS.HD:DSD_SHA@DF_SHA(1.1),Health expenditure and financing,I,LUX,Luxembourg,A,Annual,EXP_HEALTH,Expenditure,USD_PPP_PS,"US dollars per person, PPP converted",_T,Total,_Z,Not application,_T,Total,_T,Total,_T,Total,_Z,Not applicable,_Z,Not applicable,V,Current prices,2008,,5431.112,,,,,,,,,,,,0,Units,1,One
DATAFLOW,OECD.ELS.HD:DSD_SHA@DF_SHA(1.1),Health expenditure and financing,I,LUX,Luxembourg,A,Annual,EXP_HEALTH,Expenditure,USD_PPP_PS,"US dollars per person, PPP converted",_T,Total,_Z,Not application,_T,Total,_T,Total,_T,Total,_Z,Not applicable,_Z,Not applicable,V,Current prices,2007,,5086.957,,,,,,,,,,,,0,Units,1,One
DATAFLOW,OECD.ELS.HD:DSD_SHA@DF_SHA(1.1),Health expenditure and financing,I,LUX,Luxembourg,A,Annual,EXP_HEALTH,Expenditure,USD_PPP_PS,"US dollars per person, PPP converted",_T,Total,_Z,Not application,_T,Total,_T,Total,_T,Total,_Z,Not applicable,_Z,Not applicable,V,Current prices,2006,,5151.672,,,,,,,,,,,,0,Units,1,One
DATAFLOW,OECD.ELS.HD:DSD_SHA@DF_SHA(1.1),Health expenditure and financing,I,LUX,Luxembourg,A,Annual,EXP_HEALTH,Expenditure,USD_PPP_PS,"US dollars per person, PPP converted",_T,Total,_Z,Not application,_T,Total,_T,Total,_T,Total,_Z,Not applicable,_Z,Not applicable,V,Current prices,2024,,8183.482,,,,,,,,,,,,0,Units,1,One
DATAFLOW,OECD.ELS.HD:DSD_SHA@DF_SHA(1.1),Health expenditure and financing,I,ESP,Spain,A,Annual,EXP_HEALTH,Expenditure,USD_PPP_PS,"US dollars per person, PPP converted",_T,Total,_Z,Not application,_T,Total,_T,Total,_T,Total,_Z,Not applicable,_Z,Not applicable,V,Current prices,2014,,2897.472,,,,,,,,,,,,0,Units,1,One
DATAFLOW,OECD.ELS.HD:DSD_SHA@DF_SHA(1.1),Health expenditure and financing,I,ESP,Spain,A,Annual,EXP_HEALTH,Expenditure,USD_PPP_PS,"US dollars per person, PPP converted",_T,Total,_Z,Not application,_T,Total,_T,Total,_T,Total,_Z,Not applicable,_Z,Not applicable,V,Current prices,2024,,5349.139,,,,,,,,,,,,0,Units,1,One
DATAFLOW,OECD.ELS.HD:DSD_SHA@DF_SHA(1.1),Health expenditure and financing,I,ESP,Spain,A,Annual,EXP_HEALTH,Expenditure,USD_PPP_PS,"US dollars per person, PPP converted",_T,Total,_Z,Not application,_T,Total,_T,Total,_T,Total,_Z,Not applicable,_Z,Not applicable,V,Current prices,2013,,2800.97,,,,,,,,,,,,0,Units,1,One
DATAFLOW,OECD.ELS.HD:DSD_SHA@DF_SHA(1.1),Health expenditure and financing,I,SWE,Sweden,A,Annual,EXP_HEALTH,Expenditure,USD_PPP_PS,"US dollars per person, PPP converted",_T,Total,_Z,Not application,_T,Total,_T,Total,_T,Total,_Z,Not applicable,_Z,Not applicable,V,Current prices,2025,,7819.137,,,,,,P,Provisional value,,,,,0,Units,1,One
DATAFLOW,OECD.ELS.HD:DSD_SHA@DF_SHA(1.1),Health expenditure and financing,I,SWE,Sweden,A,Annual,EXP_HEALTH,Expenditure,USD_PPP_PS,"US dollars per person, PPP converted",_T,Total,_Z,Not application,_T,Total,_T,Total,_T,Total,_Z,Not applicable,_Z,Not applicable,V,Current prices,2001,,2398.57,,,,,,B,Time series break,,,,,0,Units,1,One
DATAFLOW,OECD.ELS.HD:DSD_SHA@DF_SHA(1.1),Health expenditure and financing,I,HRV,Croatia,A,Annual,EXP_HEALTH,Expenditure,USD_PPP_PS,"US dollars per person, PPP converted",_T,Total,_Z,Not application,_T,Total,_T,Total,_T,Total,_Z,Not applicable,_Z,Not applicable,V,Current prices,2022,,2767.875,,,,,,,,,,,,0,Units,1,One
DATAFLOW,OECD.ELS.HD:DSD_SHA@DF_SHA(1.1),Health expenditure and financing,I,HRV,Croatia,A,Annual,EXP_HEALTH,Expenditure,USD_PPP_PS,"US dollars per person, PPP converted",_T,Total,_Z,Not application,_T,Total,_T,Total,_T,Total,_Z,Not applicable,_Z,Not applicable,V,Current prices,2017,,1687.655,,,,,,,,,,,,0,Units,1,One
DATAFLOW,OECD.ELS.HD:DSD_SHA@DF_SHA(1.1),Health expenditure and financing,I,CYP,Cyprus,A,Annual,EXP_HEALTH,Expenditure,USD_PPP_PS,"US dollars per person, PPP converted",_T,Total,_Z,Not application,_T,Total,_T,Total,_T,Total,_Z,Not applicable,_Z,Not applicable,V,Current prices,2017,,2227.704,,,,,,,,,,,,0,Units,1,One
DATAFLOW,OECD.ELS.HD:DSD_SHA@DF_SHA(1.1),Health expenditure and financing,I,CYP,Cyprus,A,Annual,EXP_HEALTH,Expenditure,USD_PPP_PS,"US dollars per person, PPP converted",_T,Total,_Z,Not application,_T,Total,_T,Total,_T,Total,_Z,Not applicable,_Z,Not applicable,V,Current prices,2018,,2441.88,,,,,,,,,,,,0,Units,1,One
DATAFLOW,OECD.ELS.HD:DSD_SHA@DF_SHA(1.1),Health expenditure and financing,I,CYP,Cyprus,A,Annual,EXP_HEALTH,Expenditure,USD_PPP_PS,"US dollars per person, PPP converted",_T,Total,_Z,Not application,_T,Total,_T,Total,_T,Total,_Z,Not applicable,_Z,Not applicable,V,Current prices,2016,,2100.294,,,,,,,,,,,,0,Units,1,One
DATAFLOW,OECD.ELS.HD:DSD_SHA@DF_SHA(1.1),Health expenditure and financing,I,CYP,Cyprus,A,Annual,EXP_HEALTH,Expenditure,USD_PPP_PS,"US dollars per person, PPP converted",_T,Total,_Z,Not application,_T,Total,_T,Total,_T,Total,_Z,Not applicable,_Z,Not applicable,V,Current prices,2023,,4356.126,,,,,,P,Provisional value,,,,,0,Units,1,One
DATAFLOW,OECD.ELS.HD:DSD_SHA@DF_SHA(1.1),Health expenditure and financing,I,CYP,Cyprus,A,Annual,EXP_HEALTH,Expenditure,USD_PPP_PS,"US dollars per person, PPP converted",_T,Total,_Z,Not application,_T,Total,_T,Total,_T,Total,_Z,Not applicable,_Z,Not applicable,V,Current prices,2015,,1925.4,,,,,,B,Time series break,,,,,0,Units,1,One
DATAFLOW,OECD.ELS.HD:DSD_SHA@DF_SHA(1.1),Health expenditure and financing,I,CYP,Cyprus,A,Annual,EXP_HEALTH,Expenditure,USD_PPP_PS,"US dollars per person, PPP converted",_T,Total,_Z,Not application,_T,Total,_T,Total,_T,Total,_Z,Not applicable,_Z,Not applicable,V,Current prices,2013,,1889.879,,,,,,,,,,,,0,Units,1,One
DATAFLOW,OECD.ELS.HD:DSD_SHA@DF_SHA(1.1),Health expenditure and financing,I,CYP,Cyprus,A,Annual,EXP_HEALTH,Expenditure,USD_PPP_PS,"US dollars per person, PPP converted",_T,Total,_Z,Not application,_T,Total,_T,Total,_T,Total,_Z,Not applicable,_Z,Not applicable,V,Current prices,2014,,1896.237,,,,,,,,,,,,0,Units,1,One
DATAFLOW,OECD.ELS.HD:DSD_SHA@DF_SHA(1.1),Health expenditure and financing,I,CYP,Cyprus,A,Annual,EXP_HEALTH,Expenditure,USD_PPP_PS,"US dollars per person, PPP converted",_T,Total,_Z,Not application,_T,Total,_T,Total,_T,Total,_Z,Not applicable,_Z,Not applicable,V,Current prices,2021,,3777.718,,,,,,,,,,,,0,Units,1,One
DATAFLOW,OECD.ELS.HD:DSD_SHA@DF_SHA(1.1),Health expenditure and financing,I,CYP,Cyprus,A,Annual,EXP_HEALTH,Expenditure,USD_PPP_PS,"US dollars per person, PPP converted",_T,Total,_Z,Not application,_T,Total,_T,Total,_T,Total,_Z,Not applicable,_Z,Not applicable,V,Current prices,2024,,4737.976,,,,,,P,Provisional value,,,,,0,Units,1,One
DATAFLOW,OECD.ELS.HD:DSD_SHA@DF_SHA(1.1),Health expenditure and financing,I,CYP,Cyprus,A,Annual,EXP_HEALTH,Expenditure,USD_PPP_PS,"US dollars per person, PPP converted",_T,Total,_Z,Not application,_T,Total,_T,Total,_T,Total,_Z,Not applicable,_Z,Not applicable,V,Current prices,2011,,1928.608,,,,,,,,,,,,0,Units,1,One
DATAFLOW,OECD.ELS.HD:DSD_SHA@DF_SHA(1.1),Health expenditure and financing,I,CYP,Cyprus,A,Annual,EXP_HEALTH,Expenditure,USD_PPP_PS,"US dollars per person, PPP converted",_T,Total,_Z,Not application,_T,Total,_T,Total,_T,Total,_Z,Not applicable,_Z,Not applicable,V,Current prices,2012,,1869.823,,,,,,,,,,,,0,Units,1,One
DATAFLOW,OECD.ELS.HD:DSD_SHA@DF_SHA(1.1),Health expenditure and financing,I,CYP,Cyprus,A,Annual,EXP_HEALTH,Expenditure,USD_PPP_PS,"US dollars per person, PPP converted",_T,Total,_Z,Not application,_T,Total,_T,Total,_T,Total,_Z,Not applicable,_Z,Not applicable,V,Current prices,2008,,1903.66,,,,,,,,,,,,0,Units,1,One
DATAFLOW,OECD.ELS.HD:DSD_SHA@DF_SHA(1.1),Health expenditure and financing,I,CYP,Cyprus,A,Annual,EXP_HEALTH,Expenditure,USD_PPP_PS,"US dollars per person, PPP converted",_T,Total,_Z,Not application,_T,Total,_T,Total,_T,Total,_Z,Not applicable,_Z,Not applicable,V,Current prices,2009,,1967.301,,,,,,,,,,,,0,Units,1,One
DATAFLOW,OECD.ELS.HD:DSD_SHA@DF_SHA(1.1),Health expenditure and financing,I,CYP,Cyprus,A,Annual,EXP_HEALTH,Expenditure,USD_PPP_PS,"US dollars per person, PPP converted",_T,Total,_Z,Not application,_T,Total,_T,Total,_T,Total,_Z,Not applicable,_Z,Not applicable,V,Current prices,2003,,1277.221,,,,,,,,,,,,0,Units,1,One
DATAFLOW,OECD.ELS.HD:DSD_SHA@DF_SHA(1.1),Health expenditure and financing,I,CYP,Cyprus,A,Annual,EXP_HEALTH,Expenditure,USD_PPP_PS,"US dollars per person, PPP converted",_T,Total,_Z,Not application,_T,Total,_T,Total,_T,Total,_Z,Not applicable,_Z,Not applicable,V,Current prices,2004,,1304.927,,,,,,,,,,,,0,Units,1,One
DATAFLOW,OECD.ELS.HD:DSD_SHA@DF_SHA(1.1),Health expenditure and financing,I,CYP,Cyprus,A,Annual,EXP_HEALTH,Expenditure,USD_PPP_PS,"US dollars per person, PPP converted",_T,Total,_Z,Not application,_T,Total,_T,Total,_T,Total,_Z,Not applicable,_Z,Not applicable,V,Current prices,2005,,1382.429,,,,,,,,,,,,0,Units,1,One
DATAFLOW,OECD.ELS.HD:DSD_SHA@DF_SHA(1.1),Health expenditure and financing,I,CYP,Cyprus,A,Annual,EXP_HEALTH,Expenditure,USD_PPP_PS,"US dollars per person, PPP converted",_T,Total,_Z,Not application,_T,Total,_T,Total,_T,Total,_Z,Not applicable,_Z,Not applicable,V,Current prices,2006,,1471.71,,,,,,,,,,,,0,Units,1,One
DATAFLOW,OECD.ELS.HD:DSD_SHA@DF_SHA(1.1),Health expenditure and financing,I,CYP,Cyprus,A,Annual,EXP_HEALTH,Expenditure,USD_PPP_PS,"US dollars per person, PPP converted",_T,Total,_Z,Not application,_T,Total,_T,Total,_T,Total,_Z,Not applicable,_Z,Not applicable,V,Current prices,2007,,1590.88,,,,,,,,,,,,0,Units,1,One
DATAFLOW,OECD.ELS.HD:DSD_SHA@DF_SHA(1.1),Health expenditure and financing,I,CYP,Cyprus,A,Annual,EXP_HEALTH,Expenditure,USD_PPP_PS,"US dollars per person, PPP converted",_T,Total,_Z,Not application,_T,Total,_T,Total,_T,Total,_Z,Not applicable,_Z,Not applicable,V,Current prices,2010,,1949.293,,,,,,B,Time series break,,,,,0,Units,1,One
DATAFLOW,OECD.ELS.HD:DSD_SHA@DF_SHA(1.1),Health expenditure and financing,I,CYP,Cyprus,A,Annual,EXP_HEALTH,Expenditure,USD_PPP_PS,"US dollars per person, PPP converted",_T,Total,_Z,Not application,_T,Total,_T,Total,_T,Total,_Z,Not applicable,_Z,Not applicable,V,Current prices,2022,,4043.114,,,,,,,,,,,,0,Units,1,One
DATAFLOW,OECD.ELS.HD:DSD_SHA@DF_SHA(1.1),Health expenditure and financing,I,CYP,Cyprus,A,Annual,EXP_HEALTH,Expenditure,USD_PPP_PS,"US dollars per person, PPP converted",_T,Total,_Z,Not application,_T,Total,_T,Total,_T,Total,_Z,Not applicable,_Z,Not applicable,V,Current prices,2019,,2750.294,,,,,,,,,,,,0,Units,1,One
DATAFLOW,OECD.ELS.HD:DSD_SHA@DF_SHA(1.1),Health expenditure and financing,I,GEO,Georgia,A,Annual,EXP_HEALTH,Expenditure,USD_PPP_PS,"US dollars per person, PPP converted",_T,Total,_Z,Not application,_T,Total,_T,Total,_T,Total,_Z,Not applicable,_Z,Not applicable,V,Current prices,2017,,1178.538,,,,,,,,,,,,0,Units,1,One
DATAFLOW,OECD.ELS.HD:DSD_SHA@DF_SHA(1.1),Health expenditure and financing,I,GEO,Georgia,A,Annual,EXP_HEALTH,Expenditure,USD_PPP_PS,"US dollars per person, PPP converted",_T,Total,_Z,Not application,_T,Total,_T,Total,_T,Total,_Z,Not applicable,_Z,Not applicable,V,Current prices,2016,,1201.337,,,,,,,,,,,,0,Units,1,One
DATAFLOW,OECD.ELS.HD:DSD_SHA@DF_SHA(1.1),Health expenditure and financing,I,GEO,Georgia,A,Annual,EXP_HEALTH,Expenditure,USD_PPP_PS,"US dollars per person, PPP converted",_T,Total,_Z,Not application,_T,Total,_T,Total,_T,Total,_Z,Not applicable,_Z,Not applicable,V,Current prices,2015,,1079.021,,,,,,,,,,,,0,Units,1,One
DATAFLOW,OECD.ELS.HD:DSD_SHA@DF_SHA(1.1),Health expenditure and financing,I,GEO,Georgia,A,Annual,EXP_HEALTH,Expenditure,USD_PPP_PS,"US dollars per person, PPP converted",_T,Total,_Z,Not application,_T,Total,_T,Total,_T,Total,_Z,Not applicable,_Z,Not applicable,V,Current prices,2014,,901.987,,,,,,,,,,,,0,Units,1,One
DATAFLOW,OECD.ELS.HD:DSD_SHA@DF_SHA(1.1),Health expenditure and financing,I,GEO,Georgia,A,Annual,EXP_HEALTH,Expenditure,USD_PPP_PS,"US dollars per person, PPP converted",_T,Total,_Z,Not application,_T,Total,_T,Total,_T,Total,_Z,Not applicable,_Z,Not applicable,V,Current prices,2013,,899.295,,,,,,,,,,,,0,Units,1,One
DATAFLOW,OECD.ELS.HD:DSD_SHA@DF_SHA(1.1),Health expenditure and financing,I,GEO,Georgia,A,Annual,EXP_HEALTH,Expenditure,USD_PPP_PS,"US dollars per person, PPP converted",_T,Total,_Z,Not application,_T,Total,_T,Total,_T,Total,_Z,Not applicable,_Z,Not applicable,V,Current prices,2012,,695.193,,,,,,,,,,,,0,Units,1,One
DATAFLOW,OECD.ELS.HD:DSD_SHA@DF_SHA(1.1),Health expenditure and financing,I,MDA,Moldova,A,Annual,EXP_HEALTH,Expenditure,USD_PPP_PS,"US dollars per person, PPP converted",_T,Total,_Z,Not application,_T,Total,_T,Total,_T,Total,_Z,Not applicable,_Z,Not applicable,V,Current prices,2022,,1213.595,,,,,,,,,,,,0,Units,1,One
DATAFLOW,OECD.ELS.HD:DSD_SHA@DF_SHA(1.1),Health expenditure and financing,I,SWE,Sweden,A,Annual,EXP_HEALTH,Expenditure,USD_PPP_PS,"US dollars per person, PPP converted",_T,Total,_Z,Not application,_T,Total,_T,Total,_T,Total,_Z,Not applicable,_Z,Not applicable,V,Current prices,2000,,2196.52,,,,,,,,,,,,0,Units,1,One
DATAFLOW,OECD.ELS.HD:DSD_SHA@DF_SHA(1.1),Health expenditure and financing,I,CHE,Switzerland,A,Annual,EXP_HEALTH,Expenditure,USD_PPP_PS,"US dollars per person, PPP converted",_T,Total,_Z,Not application,_T,Total,_T,Total,_T,Total,_Z,Not applicable,_Z,Not applicable,V,Current prices,2013,,5944.008,,,,,,,,,,,,0,Units,1,One
DATAFLOW,OECD.ELS.HD:DSD_SHA@DF_SHA(1.1),Health expenditure and financing,I,CHE,Switzerland,A,Annual,EXP_HEALTH,Expenditure,USD_PPP_PS,"US dollars per person, PPP converted",_T,Total,_Z,Not application,_T,Total,_T,Total,_T,Total,_Z,Not applicable,_Z,Not applicable,V,Current prices,2022,,9089.356,,,,,,,,,,,,0,Units,1,One
DATAFLOW,OECD.ELS.HD:DSD_SHA@DF_SHA(1.1),Health expenditure and financing,I,GEO,Georgia,A,Annual,EXP_HEALTH,Expenditure,USD_PPP_PS,"US dollars per person, PPP converted",_T,Total,_Z,Not application,_T,Total,_T,Total,_T,Total,_Z,Not applicable,_Z,Not applicable,V,Current prices,2019,,1198.771,,,,,,,,,,,,0,Units,1,One
DATAFLOW,OECD.ELS.HD:DSD_SHA@DF_SHA(1.1),Health expenditure and financing,I,IND,India,A,Annual,EXP_HEALTH,Expenditure,USD_PPP_PS,"US dollars per person, PPP converted",_T,Total,_Z,Not application,_T,Total,_T,Total,_T,Total,_Z,Not applicable,_Z,Not applicable,V,Current prices,2023,,380.42,,,,,,,,,,,,0,Units,1,One
DATAFLOW,OECD.ELS.HD:DSD_SHA@DF_SHA(1.1),Health expenditure and financing,I,IND,India,A,Annual,EXP_HEALTH,Expenditure,USD_PPP_PS,"US dollars per person, PPP converted",_T,Total,_Z,Not application,_T,Total,_T,Total,_T,Total,_Z,Not applicable,_Z,Not applicable,V,Current prices,2022,,345.052,,,,,,,,,,,,0,Units,1,One
DATAFLOW,OECD.ELS.HD:DSD_SHA@DF_SHA(1.1),Health expenditure and financing,I,IND,India,A,Annual,EXP_HEALTH,Expenditure,USD_PPP_PS,"US dollars per person, PPP converted",_T,Total,_Z,Not application,_T,Total,_T,Total,_T,Total,_Z,Not applicable,_Z,Not applicable,V,Current prices,2021,,297.297,,,,,,,,,,,,0,Units,1,One
DATAFLOW,OECD.ELS.HD:DSD_SHA@DF_SHA(1.1),Health expenditure and financing,I,IND,India,A,Annual,EXP_HEALTH,Expenditure,USD_PPP_PS,"US dollars per person, PPP converted",_T,Total,_Z,Not application,_T,Total,_T,Total,_T,Total,_Z,Not applicable,_Z,Not applicable,V,Current prices,2020,,249.68,,,,,,,,,,,,0,Units,1,One
DATAFLOW,OECD.ELS.HD:DSD_SHA@DF_SHA(1.1),Health expenditure and financing,I,IND,India,A,Annual,EXP_HEALTH,Expenditure,USD_PPP_PS,"US dollars per person, PPP converted",_T,Total,_Z,Not application,_T,Total,_T,Total,_T,Total,_Z,Not applicable,_Z,Not applicable,V,Current prices,2019,,227.761,,,,,,,,,,,,0,Units,1,One
DATAFLOW,OECD.ELS.HD:DSD_SHA@DF_SHA(1.1),Health expenditure and financing,I,IND,India,A,Annual,EXP_HEALTH,Expenditure,USD_PPP_PS,"US dollars per person, PPP converted",_T,Total,_Z,Not application,_T,Total,_T,Total,_T,Total,_Z,Not applicable,_Z,Not applicable,V,Current prices,2018,,206.502,,,,,,,,,,,,0,Units,1,One
DATAFLOW,OECD.ELS.HD:DSD_SHA@DF_SHA(1.1),Health expenditure and financing,I,IND,India,A,Annual,EXP_HEALTH,Expenditure,USD_PPP_PS,"US dollars per person, PPP converted",_T,Total,_Z,Not application,_T,Total,_T,Total,_T,Total,_Z,Not applicable,_Z,Not applicable,V,Current prices,2017,,192.395,,,,,,,,,,,,0,Units,1,One
DATAFLOW,OECD.ELS.HD:DSD_SHA@DF_SHA(1.1),Health expenditure and financing,I,IND,India,A,Annual,EXP_HEALTH,Expenditure,USD_PPP_PS,"US dollars per person, PPP converted",_T,Total,_Z,Not application,_T,Total,_T,Total,_T,Total,_Z,Not applicable,_Z,Not applicable,V,Current prices,2016,,221.081,,,,,,,,,,,,0,Units,1,One
DATAFLOW,OECD.ELS.HD:DSD_SHA@DF_SHA(1.1),Health expenditure and financing,I,IND,India,A,Annual,EXP_HEALTH,Expenditure,USD_PPP_PS,"US dollars per person, PPP converted",_T,Total,_Z,Not application,_T,Total,_T,Total,_T,Total,_Z,Not applicable,_Z,Not applicable,V,Current prices,2015,,213.143,,,,,,,,,,,,0,Units,1,One
DATAFLOW,OECD.ELS.HD:DSD_SHA@DF_SHA(1.1),Health expenditure and financing,I,IND,India,A,Annual,EXP_HEALTH,Expenditure,USD_PPP_PS,"US dollars per person, PPP converted",_T,Total,_Z,Not application,_T,Total,_T,Total,_T,Total,_Z,Not applicable,_Z,Not applicable,V,Current prices,2014,,206.21,,,,,,,,,,,,0,Units,1,One
DATAFLOW,OECD.ELS.HD:DSD_SHA@DF_SHA(1.1),Health expenditure and financing,I,IND,India,A,Annual,EXP_HEALTH,Expenditure,USD_PPP_PS,"US dollars per person, PPP converted",_T,Total,_Z,Not application,_T,Total,_T,Total,_T,Total,_Z,Not applicable,_Z,Not applicable,V,Current prices,2013,,205.737,,,,,,,,,,,,0,Units,1,One
DATAFLOW,OECD.ELS.HD:DSD_SHA@DF_SHA(1.1),Health expenditure and financing,I,IND,India,A,Annual,EXP_HEALTH,Expenditure,USD_PPP_PS,"US dollars per person, PPP converted",_T,Total,_Z,Not application,_T,Total,_T,Total,_T,Total,_Z,Not applicable,_Z,Not applicable,V,Current prices,2012,,176.841,,,,,,,,,,,,0,Units,1,One
DATAFLOW,OECD.ELS.HD:DSD_SHA@DF_SHA(1.1),Health expenditure and financing,I,IND,India,A,Annual,EXP_HEALTH,Expenditure,USD_PPP_PS,"US dollars per person, PPP converted",_T,Total,_Z,Not application,_T,Total,_T,Total,_T,Total,_Z,Not applicable,_Z,Not applicable,V,Current prices,2011,,158.472,,,,,,,,,,,,0,Units,1,One
DATAFLOW,OECD.ELS.HD:DSD_SHA@DF_SHA(1.1),Health expenditure and financing,I,COL,Colombia,A,Annual,EXP_HEALTH,Expenditure,USD_PPP_PS,"US dollars per person, PPP converted",_T,Total,_Z,Not application,_T,Total,_T,Total,_T,Total,_Z,Not applicable,_Z,Not applicable,V,Current prices,2022,,1633.154,,,,,,,,,,,,0,Units,1,One
DATAFLOW,OECD.ELS.HD:DSD_SHA@DF_SHA(1.1),Health expenditure and financing,I,FIN,Finland,A,Annual,EXP_HEALTH,Expenditure,USD_PPP_PS,"US dollars per person, PPP converted",_T,Total,_Z,Not application,_T,Total,_T,Total,_T,Total,_Z,Not applicable,_Z,Not applicable,V,Current prices,2017,,4215.309,,,,,,,,,,,,0,Units,1,One
DATAFLOW,OECD.ELS.HD:DSD_SHA@DF_SHA(1.1),Health expenditure and financing,I,FRA,France,A,Annual,EXP_HEALTH,Expenditure,USD_PPP_PS,"US dollars per person, PPP converted",_T,Total,_Z,Not application,_T,Total,_T,Total,_T,Total,_Z,Not applicable,_Z,Not applicable,V,Current prices,2018,,5035.647,,,,,,,,,,,,0,Units,1,One
DATAFLOW,OECD.ELS.HD:DSD_SHA@DF_SHA(1.1),Health expenditure and financing,I,DEU,Germany,A,Annual,EXP_HEALTH,Expenditure,USD_PPP_PS,"US dollars per person, PPP converted",_T,Total,_Z,Not application,_T,Total,_T,Total,_T,Total,_Z,Not applicable,_Z,Not applicable,V,Current prices,2020,,7362.902,,,,,,,,,,,,0,Units,1,One
DATAFLOW,OECD.ELS.HD:DSD_SHA@DF_SHA(1.1),Health expenditure and financing,I,JPN,Japan,A,Annual,EXP_HEALTH,Expenditure,USD_PPP_PS,"US dollars per person, PPP converted",_T,Total,_Z,Not application,_T,Total,_T,Total,_T,Total,_Z,Not applicable,_Z,Not applicable,V,Current prices,2021,,5465.04,,,,,,,,,,,,0,Units,1,One
DATAFLOW,OECD.ELS.HD:DSD_SHA@DF_SHA(1.1),Health expenditure and financing,I,LTU,Lithuania,A,Annual,EXP_HEALTH,Expenditure,USD_PPP_PS,"US dollars per person, PPP converted",_T,Total,_Z,Not application,_T,Total,_T,Total,_T,Total,_Z,Not applicable,_Z,Not applicable,V,Current prices,2009,,1257.616,,,,,,,,,,,,0,Units,1,One
DATAFLOW,OECD.ELS.HD:DSD_SHA@DF_SHA(1.1),Health expenditure and financing,I,MEX,Mexico,A,Annual,EXP_HEALTH,Expenditure,USD_PPP_PS,"US dollars per person, PPP converted",_T,Total,_Z,Not application,_T,Total,_T,Total,_T,Total,_Z,Not applicable,_Z,Not applicable,V,Current prices,2006,,737.937,,,,,,,,,,,,0,Units,1,One
DATAFLOW,OECD.ELS.HD:DSD_SHA@DF_SHA(1.1),Health expenditure and financing,I,NLD,Netherlands,A,Annual,EXP_HEALTH,Expenditure,USD_PPP_PS,"US dollars per person, PPP converted",_T,Total,_Z,Not application,_T,Total,_T,Total,_T,Total,_Z,Not applicable,_Z,Not applicable,V,Current prices,2013,,4923.912,,,,,,,,,,,,0,Units,1,One
DATAFLOW,OECD.ELS.HD:DSD_SHA@DF_SHA(1.1),Health expenditure and financing,I,POL,Poland,A,Annual,EXP_HEALTH,Expenditure,USD_PPP_PS,"US dollars per person, PPP converted",_T,Total,_Z,Not application,_T,Total,_T,Total,_T,Total,_Z,Not applicable,_Z,Not applicable,V,Current prices,2007,,1051.012,,,,,,,,,,,,0,Units,1,One
DATAFLOW,OECD.ELS.HD:DSD_SHA@DF_SHA(1.1),Health expenditure and financing,I,PRT,Portugal,A,Annual,EXP_HEALTH,Expenditure,USD_PPP_PS,"US dollars per person, PPP converted",_T,Total,_Z,Not application,_T,Total,_T,Total,_T,Total,_Z,Not applicable,_Z,Not applicable,V,Current prices,2004,,2090.485,,,,,,,,,,,,0,Units,1,One
DATAFLOW,OECD.ELS.HD:DSD_SHA@DF_SHA(1.1),Health expenditure and financing,I,SVN,Slovenia,A,Annual,EXP_HEALTH,Expenditure,USD_PPP_PS,"US dollars per person, PPP converted",_T,Total,_Z,Not application,_T,Total,_T,Total,_T,Total,_Z,Not applicable,_Z,Not applicable,V,Current prices,2020,,3756.19,,,,,,,,,,,,0,Units,1,One
DATAFLOW,OECD.ELS.HD:DSD_SHA@DF_SHA(1.1),Health expenditure and financing,I,ESP,Spain,A,Annual,EXP_HEALTH,Expenditure,USD_PPP_PS,"US dollars per person, PPP converted",_T,Total,_Z,Not application,_T,Total,_T,Total,_T,Total,_Z,Not applicable,_Z,Not applicable,V,Current prices,2023,,5250.573,,,,,,,,,,,,0,Units,1,One
DATAFLOW,OECD.ELS.HD:DSD_SHA@DF_SHA(1.1),Health expenditure and financing,I,TUR,Türkiye,A,Annual,EXP_HEALTH,Expenditure,USD_PPP_PS,"US dollars per person, PPP converted",_T,Total,_Z,Not application,_T,Total,_T,Total,_T,Total,_Z,Not applicable,_Z,Not applicable,V,Current prices,2011,,888.309,,,,,,,,,,,,0,Units,1,One
DATAFLOW,OECD.ELS.HD:DSD_SHA@DF_SHA(1.1),Health expenditure and financing,I,TUR,Türkiye,A,Annual,EXP_HEALTH,Expenditure,USD_PPP_PS,"US dollars per person, PPP converted",_T,Total,_Z,Not application,_T,Total,_T,Total,_T,Total,_Z,Not applicable,_Z,Not applicable,V,Current prices,2010,,843.709,,,,,,,,,,,,0,Units,1,One
DATAFLOW,OECD.ELS.HD:DSD_SHA@DF_SHA(1.1),Health expenditure and financing,I,TUR,Türkiye,A,Annual,EXP_HEALTH,Expenditure,USD_PPP_PS,"US dollars per person, PPP converted",_T,Total,_Z,Not application,_T,Total,_T,Total,_T,Total,_Z,Not applicable,_Z,Not applicable,V,Current prices,2009,,815.119,,,,,,,,,,,,0,Units,1,One
DATAFLOW,OECD.ELS.HD:DSD_SHA@DF_SHA(1.1),Health expenditure and financing,I,NZL,New Zealand,A,Annual,EXP_HEALTH,Expenditure,USD_PPP_PS,"US dollars per person, PPP converted",_T,Total,_Z,Not application,_T,Total,_T,Total,_T,Total,_Z,Not applicable,_Z,Not applicable,V,Current prices,2015,,3355.062,,,,,,,,,,,,0,Units,1,One
DATAFLOW,OECD.ELS.HD:DSD_SHA@DF_SHA(1.1),Health expenditure and financing,I,ISR,Israel,A,Annual,EXP_HEALTH,Expenditure,USD_PPP_PS,"US dollars per person, PPP converted",_T,Total,_Z,Not application,_T,Total,_T,Total,_T,Total,_Z,Not applicable,_Z,Not applicable,V,Current prices,2012,,2223.345,,,,,,,,,,,,0,Units,1,One
DATAFLOW,OECD.ELS.HD:DSD_SHA@DF_SHA(1.1),Health expenditure and financing,I,ISR,Israel,A,Annual,EXP_HEALTH,Expenditure,USD_PPP_PS,"US dollars per person, PPP converted",_T,Total,_Z,Not application,_T,Total,_T,Total,_T,Total,_Z,Not applicable,_Z,Not applicable,V,Current prices,2011,,2081.778,,,,,,,,,,,,0,Units,1,One
DATAFLOW,OECD.ELS.HD:DSD_SHA@DF_SHA(1.1),Health expenditure and financing,I,NOR,Norway,A,Annual,EXP_HEALTH,Expenditure,USD_PPP_PS,"US dollars per person, PPP converted",_T,Total,_Z,Not application,_T,Total,_T,Total,_T,Total,_Z,Not applicable,_Z,Not applicable,V,Current prices,2013,,5485.288,,,,,,,,,,,,0,Units,1,One
DATAFLOW,OECD.ELS.HD:DSD_SHA@DF_SHA(1.1),Health expenditure and financing,I,NOR,Norway,A,Annual,EXP_HEALTH,Expenditure,USD_PPP_PS,"US dollars per person, PPP converted",_T,Total,_Z,Not application,_T,Total,_T,Total,_T,Total,_Z,Not applicable,_Z,Not applicable,V,Current prices,2012,,5209.577,,,,,,,,,,,,0,Units,1,One
DATAFLOW,OECD.ELS.HD:DSD_SHA@DF_SHA(1.1),Health expenditure and financing,I,NOR,Norway,A,Annual,EXP_HEALTH,Expenditure,USD_PPP_PS,"US dollars per person, PPP converted",_T,Total,_Z,Not application,_T,Total,_T,Total,_T,Total,_Z,Not applicable,_Z,Not applicable,V,Current prices,2011,,4965.184,,,,,,,,,,,,0,Units,1,One
DATAFLOW,OECD.ELS.HD:DSD_SHA@DF_SHA(1.1),Health expenditure and financing,I,NOR,Norway,A,Annual,EXP_HEALTH,Expenditure,USD_PPP_PS,"US dollars per person, PPP converted",_T,Total,_Z,Not application,_T,Total,_T,Total,_T,Total,_Z,Not applicable,_Z,Not applicable,V,Current prices,2010,,4774.102,,,,,,,,,,,,0,Units,1,One
DATAFLOW,OECD.ELS.HD:DSD_SHA@DF_SHA(1.1),Health expenditure and financing,I,NOR,Norway,A,Annual,EXP_HEALTH,Expenditure,USD_PPP_PS,"US dollars per person, PPP converted",_T,Total,_Z,Not application,_T,Total,_T,Total,_T,Total,_Z,Not applicable,_Z,Not applicable,V,Current prices,2009,,4680.34,,,,,,,,,,,,0,Units,1,One
DATAFLOW,OECD.ELS.HD:DSD_SHA@DF_SHA(1.1),Health expenditure and financing,I,NOR,Norway,A,Annual,EXP_HEALTH,Expenditure,USD_PPP_PS,"US dollars per person, PPP converted",_T,Total,_Z,Not application,_T,Total,_T,Total,_T,Total,_Z,Not applicable,_Z,Not applicable,V,Current prices,2008,,4604.504,,,,,,,,,,,,0,Units,1,One
DATAFLOW,OECD.ELS.HD:DSD_SHA@DF_SHA(1.1),Health expenditure and financing,I,NOR,Norway,A,Annual,EXP_HEALTH,Expenditure,USD_PPP_PS,"US dollars per person, PPP converted",_T,Total,_Z,Not application,_T,Total,_T,Total,_T,Total,_Z,Not applicable,_Z,Not applicable,V,Current prices,2007,,4312.114,,,,,,,,,,,,0,Units,1,One
DATAFLOW,OECD.ELS.HD:DSD_SHA@DF_SHA(1.1),Health expenditure and financing,I,NOR,Norway,A,Annual,EXP_HEALTH,Expenditure,USD_PPP_PS,"US dollars per person, PPP converted",_T,Total,_Z,Not application,_T,Total,_T,Total,_T,Total,_Z,Not applicable,_Z,Not applicable,V,Current prices,2006,,3964.539,,,,,,,,,,,,0,Units,1,One
DATAFLOW,OECD.ELS.HD:DSD_SHA@DF_SHA(1.1),Health expenditure and financing,I,NOR,Norway,A,Annual,EXP_HEALTH,Expenditure,USD_PPP_PS,"US dollars per person, PPP converted",_T,Total,_Z,Not application,_T,Total,_T,Total,_T,Total,_Z,Not applicable,_Z,Not applicable,V,Current prices,2005,,3740.873,,,,,,,,,,,,0,Units,1,One
DATAFLOW,OECD.ELS.HD:DSD_SHA@DF_SHA(1.1),Health expenditure and financing,I,NOR,Norway,A,Annual,EXP_HEALTH,Expenditure,USD_PPP_PS,"US dollars per person, PPP converted",_T,Total,_Z,Not application,_T,Total,_T,Total,_T,Total,_Z,Not applicable,_Z,Not applicable,V,Current prices,2004,,3654.467,,,,,,,,,,,,0,Units,1,One
DATAFLOW,OECD.ELS.HD:DSD_SHA@DF_SHA(1.1),Health expenditure and financing,I,NOR,Norway,A,Annual,EXP_HEALTH,Expenditure,USD_PPP_PS,"US dollars per person, PPP converted",_T,Total,_Z,Not application,_T,Total,_T,Total,_T,Total,_Z,Not applicable,_Z,Not applicable,V,Current prices,2003,,3446.63,,,,,,,,,,,,0,Units,1,One
DATAFLOW,OECD.ELS.HD:DSD_SHA@DF_SHA(1.1),Health expenditure and financing,I,NOR,Norway,A,Annual,EXP_HEALTH,Expenditure,USD_PPP_PS,"US dollars per person, PPP converted",_T,Total,_Z,Not application,_T,Total,_T,Total,_T,Total,_Z,Not applicable,_Z,Not applicable,V,Current prices,2002,,3389.226,,,,,,,,,,,,0,Units,1,One
DATAFLOW,OECD.ELS.HD:DSD_SHA@DF_SHA(1.1),Health expenditure and financing,I,NOR,Norway,A,Annual,EXP_HEALTH,Expenditure,USD_PPP_PS,"US dollars per person, PPP converted",_T,Total,_Z,Not application,_T,Total,_T,Total,_T,Total,_Z,Not applicable,_Z,Not applicable,V,Current prices,2000,,2794.313,,,,,,,,,,,,0,Units,1,One
DATAFLOW,OECD.ELS.HD:DSD_SHA@DF_SHA(1.1),Health expenditure and financing,I,POL,Poland,A,Annual,EXP_HEALTH,Expenditure,USD_PPP_PS,"US dollars per person, PPP converted",_T,Total,_Z,Not application,_T,Total,_T,Total,_T,Total,_Z,Not applicable,_Z,Not applicable,V,Current prices,2006,,902.988,,,,,,,,,,,,0,Units,1,One
DATAFLOW,OECD.ELS.HD:DSD_SHA@DF_SHA(1.1),Health expenditure and financing,I,USA,United States,A,Annual,EXP_HEALTH,Expenditure,USD_PPP_PS,"US dollars per person, PPP converted",_T,Total,_Z,Not application,_T,Total,_T,Total,_T,Total,_Z,Not applicable,_Z,Not applicable,V,Current prices,2012,,8338.512,,,,,,,,,,,,0,Units,1,One
DATAFLOW,OECD.ELS.HD:DSD_SHA@DF_SHA(1.1),Health expenditure and financing,I,USA,United States,A,Annual,EXP_HEALTH,Expenditure,USD_PPP_PS,"US dollars per person, PPP converted",_T,Total,_Z,Not application,_T,Total,_T,Total,_T,Total,_Z,Not applicable,_Z,Not applicable,V,Current prices,2011,,8073.473,,,,,,,,,,,,0,Units,1,One
DATAFLOW,OECD.ELS.HD:DSD_SHA@DF_SHA(1.1),Health expenditure and financing,I,USA,United States,A,Annual,EXP_HEALTH,Expenditure,USD_PPP_PS,"US dollars per person, PPP converted",_T,Total,_Z,Not application,_T,Total,_T,Total,_T,Total,_Z,Not applicable,_Z,Not applicable,V,Current prices,2010,,7875.817,,,,,,,,,,,,0,Units,1,One
DATAFLOW,OECD.ELS.HD:DSD_SHA@DF_SHA(1.1),Health expenditure and financing,I,USA,United States,A,Annual,EXP_HEALTH,Expenditure,USD_PPP_PS,"US dollars per person, PPP converted",_T,Total,_Z,Not application,_T,Total,_T,Total,_T,Total,_Z,Not applicable,_Z,Not applicable,V,Current prices,2009,,7641.851,,,,,,,,,,,,0,Units,1,One
DATAFLOW,OECD.ELS.HD:DSD_SHA@DF_SHA(1.1),Health expenditure and financing,I,MKD,North Macedonia,A,Annual,EXP_HEALTH,Expenditure,USD_PPP_PS,"US dollars per person, PPP converted",_T,Total,_Z,Not application,_T,Total,_T,Total,_T,Total,_Z,Not applicable,_Z,Not applicable,V,Current prices,2021,,1667.209,,,,,,,,,,,,0,Units,1,One
DATAFLOW,OECD.ELS.HD:DSD_SHA@DF_SHA(1.1),Health expenditure and financing,I,MKD,North Macedonia,A,Annual,EXP_HEALTH,Expenditure,USD_PPP_PS,"US dollars per person, PPP converted",_T,Total,_Z,Not application,_T,Total,_T,Total,_T,Total,_Z,Not applicable,_Z,Not applicable,V,Current prices,2020,,1258.938,,,,,,,,,,,,0,Units,1,One
DATAFLOW,OECD.ELS.HD:DSD_SHA@DF_SHA(1.1),Health expenditure and financing,I,MKD,North Macedonia,A,Annual,EXP_HEALTH,Expenditure,USD_PPP_PS,"US dollars per person, PPP converted",_T,Total,_Z,Not application,_T,Total,_T,Total,_T,Total,_Z,Not applicable,_Z,Not applicable,V,Current prices,2019,,1194.017,,,,,,,,,,,,0,Units,1,One
DATAFLOW,OECD.ELS.HD:DSD_SHA@DF_SHA(1.1),Health expenditure and financing,I,MKD,North Macedonia,A,Annual,EXP_HEALTH,Expenditure,USD_PPP_PS,"US dollars per person, PPP converted",_T,Total,_Z,Not application,_T,Total,_T,Total,_T,Total,_Z,Not applicable,_Z,Not applicable,V,Current prices,2018,,1011.859,,,,,,,,,,,,0,Units,1,One
DATAFLOW,OECD.ELS.HD:DSD_SHA@DF_SHA(1.1),Health expenditure and financing,I,MKD,North Macedonia,A,Annual,EXP_HEALTH,Expenditure,USD_PPP_PS,"US dollars per person, PPP converted",_T,Total,_Z,Not application,_T,Total,_T,Total,_T,Total,_Z,Not applicable,_Z,Not applicable,V,Current prices,2017,,944.536,,,,,,,,,,,,0,Units,1,One
DATAFLOW,OECD.ELS.HD:DSD_SHA@DF_SHA(1.1),Health expenditure and financing,I,MKD,North Macedonia,A,Annual,EXP_HEALTH,Expenditure,USD_PPP_PS,"US dollars per person, PPP converted",_T,Total,_Z,Not application,_T,Total,_T,Total,_T,Total,_Z,Not applicable,_Z,Not applicable,V,Current prices,2016,,903.562,,,,,,,,,,,,0,Units,1,One
DATAFLOW,OECD.ELS.HD:DSD_SHA@DF_SHA(1.1),Health expenditure and financing,I,MKD,North Macedonia,A,Annual,EXP_HEALTH,Expenditure,USD_PPP_PS,"US dollars per person, PPP converted",_T,Total,_Z,Not application,_T,Total,_T,Total,_T,Total,_Z,Not applicable,_Z,Not applicable,V,Current prices,2015,,818.857,,,,,,,,,,,,0,Units,1,One
DATAFLOW,OECD.ELS.HD:DSD_SHA@DF_SHA(1.1),Health expenditure and financing,I,MKD,North Macedonia,A,Annual,EXP_HEALTH,Expenditure,USD_PPP_PS,"US dollars per person, PPP converted",_T,Total,_Z,Not application,_T,Total,_T,Total,_T,Total,_Z,Not applicable,_Z,Not applicable,V,Current prices,2014,,770.497,,,,,,,,,,,,0,Units,1,One
DATAFLOW,OECD.ELS.HD:DSD_SHA@DF_SHA(1.1),Health expenditure and financing,I,MKD,North Macedonia,A,Annual,EXP_HEALTH,Expenditure,USD_PPP_PS,"US dollars per person, PPP converted",_T,Total,_Z,Not application,_T,Total,_T,Total,_T,Total,_Z,Not applicable,_Z,Not applicable,V,Current prices,2013,,773.918,,,,,,,,,,,,0,Units,1,One
DATAFLOW,OECD.ELS.HD:DSD_SHA@DF_SHA(1.1),Health expenditure and financing,I,MKD,North Macedonia,A,Annual,EXP_HEALTH,Expenditure,USD_PPP_PS,"US dollars per person, PPP converted",_T,Total,_Z,Not application,_T,Total,_T,Total,_T,Total,_Z,Not applicable,_Z,Not applicable,V,Current prices,2012,,702.989,,,,,,,,,,,,0,Units,1,One
DATAFLOW,OECD.ELS.HD:DSD_SHA@DF_SHA(1.1),Health expenditure and financing,I,MKD,North Macedonia,A,Annual,EXP_HEALTH,Expenditure,USD_PPP_PS,"US dollars per person, PPP converted",_T,Total,_Z,Not application,_T,Total,_T,Total,_T,Total,_Z,Not applicable,_Z,Not applicable,V,Current prices,2011,,688.748,,,,,,,,,,,,0,Units,1,One
DATAFLOW,OECD.ELS.HD:DSD_SHA@DF_SHA(1.1),Health expenditure and financing,I,MKD,North Macedonia,A,Annual,EXP_HEALTH,Expenditure,USD_PPP_PS,"US dollars per person, PPP converted",_T,Total,_Z,Not application,_T,Total,_T,Total,_T,Total,_Z,Not applicable,_Z,Not applicable,V,Current prices,2010,,680.208,,,,,,,,,,,,0,Units,1,One
DATAFLOW,OECD.ELS.HD:DSD_SHA@DF_SHA(1.1),Health expenditure and financing,I,MKD,North Macedonia,A,Annual,EXP_HEALTH,Expenditure,USD_PPP_PS,"US dollars per person, PPP converted",_T,Total,_Z,Not application,_T,Total,_T,Total,_T,Total,_Z,Not applicable,_Z,Not applicable,V,Current prices,2009,,629.185,,,,,,,,,,,,0,Units,1,One
DATAFLOW,OECD.ELS.HD:DSD_SHA@DF_SHA(1.1),Health expenditure and financing,I,MKD,North Macedonia,A,Annual,EXP_HEALTH,Expenditure,USD_PPP_PS,"US dollars per person, PPP converted",_T,Total,_Z,Not application,_T,Total,_T,Total,_T,Total,_Z,Not applicable,_Z,Not applicable,V,Current prices,2008,,600.182,,,,,,,,,,,,0,Units,1,One
DATAFLOW,OECD.ELS.HD:DSD_SHA@DF_SHA(1.1),Health expenditure and financing,I,MKD,North Macedonia,A,Annual,EXP_HEALTH,Expenditure,USD_PPP_PS,"US dollars per person, PPP converted",_T,Total,_Z,Not application,_T,Total,_T,Total,_T,Total,_Z,Not applicable,_Z,Not applicable,V,Current prices,2007,,543.395,,,,,,,,,,,,0,Units,1,One
DATAFLOW,OECD.ELS.HD:DSD_SHA@DF_SHA(1.1),Health expenditure and financing,I,MKD,North Macedonia,A,Annual,EXP_HEALTH,Expenditure,USD_PPP_PS,"US dollars per person, PPP converted",_T,Total,_Z,Not application,_T,Total,_T,Total,_T,Total,_Z,Not applicable,_Z,Not applicable,V,Current prices,2006,,556.404,,,,,,,,,,,,0,Units,1,One
DATAFLOW,OECD.ELS.HD:DSD_SHA@DF_SHA(1.1),Health expenditure and financing,I,MKD,North Macedonia,A,Annual,EXP_HEALTH,Expenditure,USD_PPP_PS,"US dollars per person, PPP converted",_T,Total,_Z,Not application,_T,Total,_T,Total,_T,Total,_Z,Not applicable,_Z,Not applicable,V,Current prices,2005,,538.826,,,,,,,,,,,,0,Units,1,One
DATAFLOW,OECD.ELS.HD:DSD_SHA@DF_SHA(1.1),Health expenditure and financing,I,MKD,North Macedonia,A,Annual,EXP_HEALTH,Expenditure,USD_PPP_PS,"US dollars per person, PPP converted",_T,Total,_Z,Not application,_T,Total,_T,Total,_T,Total,_Z,Not applicable,_Z,Not applicable,V,Current prices,2004,,542.181,,,,,,,,,,,,0,Units,1,One
DATAFLOW,OECD.ELS.HD:DSD_SHA@DF_SHA(1.1),Health expenditure and financing,I,MKD,North Macedonia,A,Annual,EXP_HEALTH,Expenditure,USD_PPP_PS,"US dollars per person, PPP converted",_T,Total,_Z,Not application,_T,Total,_T,Total,_T,Total,_Z,Not applicable,_Z,Not applicable,V,Current prices,2003,,546.742,,,,,,,,,,,,0,Units,1,One
DATAFLOW,OECD.ELS.HD:DSD_SHA@DF_SHA(1.1),Health expenditure and financing,I,MKD,North Macedonia,A,Annual,EXP_HEALTH,Expenditure,USD_PPP_PS,"US dollars per person, PPP converted",_T,Total,_Z,Not application,_T,Total,_T,Total,_T,Total,_Z,Not applicable,_Z,Not applicable,V,Current prices,2002,,572.198,,,,,,,,,,,,0,Units,1,One
DATAFLOW,OECD.ELS.HD:DSD_SHA@DF_SHA(1.1),Health expenditure and financing,I,MKD,North Macedonia,A,Annual,EXP_HEALTH,Expenditure,USD_PPP_PS,"US dollars per person, PPP converted",_T,Total,_Z,Not application,_T,Total,_T,Total,_T,Total,_Z,Not applicable,_Z,Not applicable,V,Current prices,2001,,522.246,,,,,,,,,,,,0,Units,1,One
DATAFLOW,OECD.ELS.HD:DSD_SHA@DF_SHA(1.1),Health expenditure and financing,I,MKD,North Macedonia,A,Annual,EXP_HEALTH,Expenditure,USD_PPP_PS,"US dollars per person, PPP converted",_T,Total,_Z,Not application,_T,Total,_T,Total,_T,Total,_Z,Not applicable,_Z,Not applicable,V,Current prices,2000,,549.105,,,,,,,,,,,,0,Units,1,One
DATAFLOW,OECD.ELS.HD:DSD_SHA@DF_SHA(1.1),Health expenditure and financing,I,PER,Peru,A,Annual,EXP_HEALTH,Expenditure,USD_PPP_PS,"US dollars per person, PPP converted",_T,Total,_Z,Not application,_T,Total,_T,Total,_T,Total,_Z,Not applicable,_Z,Not applicable,V,Current prices,2013,,571.062,,,,,,,,,,,,0,Units,1,One
DATAFLOW,OECD.ELS.HD:DSD_SHA@DF_SHA(1.1),Health expenditure and financing,I,PER,Peru,A,Annual,EXP_HEALTH,Expenditure,USD_PPP_PS,"US dollars per person, PPP converted",_T,Total,_Z,Not application,_T,Total,_T,Total,_T,Total,_Z,Not applicable,_Z,Not applicable,V,Current prices,2012,,548.647,,,,,,,,,,,,0,Units,1,One
DATAFLOW,OECD.ELS.HD:DSD_SHA@DF_SHA(1.1),Health expenditure and financing,I,PER,Peru,A,Annual,EXP_HEALTH,Expenditure,USD_PPP_PS,"US dollars per person, PPP converted",_T,Total,_Z,Not application,_T,Total,_T,Total,_T,Total,_Z,Not applicable,_Z,Not applicable,V,Current prices,2011,,499.857,,,,,,,,,,,,0,Units,1,One
DATAFLOW,OECD.ELS.HD:DSD_SHA@DF_SHA(1.1),Health expenditure and financing,I,PER,Peru,A,Annual,EXP_HEALTH,Expenditure,USD_PPP_PS,"US dollars per person, PPP converted",_T,Total,_Z,Not application,_T,Total,_T,Total,_T,Total,_Z,Not applicable,_Z,Not applicable,V,Current prices,2024,,977.738,,,,,,,,,,,,0,Units,1,One
DATAFLOW,OECD.ELS.HD:DSD_SHA@DF_SHA(1.1),Health expenditure and financing,I,PER,Peru,A,Annual,EXP_HEALTH,Expenditure,USD_PPP_PS,"US dollars per person, PPP converted",_T,Total,_Z,Not application,_T,Total,_T,Total,_T,Total,_Z,Not applicable,_Z,Not applicable,V,Current prices,2023,,960.536,,,,,,,,,,,,0,Units,1,One
DATAFLOW,OECD.ELS.HD:DSD_SHA@DF_SHA(1.1),Health expenditure and financing,I,PER,Peru,A,Annual,EXP_HEALTH,Expenditure,USD_PPP_PS,"US dollars per person, PPP converted",_T,Total,_Z,Not application,_T,Total,_T,Total,_T,Total,_Z,Not applicable,_Z,Not applicable,V,Current prices,2022,,1009.963,,,,,,,,,,,,0,Units,1,One
DATAFLOW,OECD.ELS.HD:DSD_SHA@DF_SHA(1.1),Health expenditure and financing,I,PER,Peru,A,Annual,EXP_HEALTH,Expenditure,USD_PPP_PS,"US dollars per person, PPP converted",_T,Total,_Z,Not application,_T,Total,_T,Total,_T,Total,_Z,Not applicable,_Z,Not applicable,V,Current prices,2021,,1019.918,,,,,,,,,,,,0,Units,1,One
DATAFLOW,OECD.ELS.HD:DSD_SHA@DF_SHA(1.1),Health expenditure and financing,I,PER,Peru,A,Annual,EXP_HEALTH,Expenditure,USD_PPP_PS,"US dollars per person, PPP converted",_T,Total,_Z,Not application,_T,Total,_T,Total,_T,Total,_Z,Not applicable,_Z,Not applicable,V,Current prices,2020,,817.119,,,,,,,,,,,,0,Units,1,One
DATAFLOW,OECD.ELS.HD:DSD_SHA@DF_SHA(1.1),Health expenditure and financing,I,PER,Peru,A,Annual,EXP_HEALTH,Expenditure,USD_PPP_PS,"US dollars per person, PPP converted",_T,Total,_Z,Not application,_T,Total,_T,Total,_T,Total,_Z,Not applicable,_Z,Not applicable,V,Current prices,2019,,705.779,,,,,,,,,,,,0,Units,1,One
DATAFLOW,OECD.ELS.HD:DSD_SHA@DF_SHA(1.1),Health expenditure and financing,I,PER,Peru,A,Annual,EXP_HEALTH,Expenditure,USD_PPP_PS,"US dollars per person, PPP converted",_T,Total,_Z,Not application,_T,Total,_T,Total,_T,Total,_Z,Not applicable,_Z,Not applicable,V,Current prices,2018,,678.926,,,,,,,,,,,,0,Units,1,One
DATAFLOW,OECD.ELS.HD:DSD_SHA@DF_SHA(1.1),Health expenditure and financing,I,ALB,Albania,A,Annual,EXP_HEALTH,Expenditure,USD_PPP_PS,"US dollars per person, PPP converted",_T,Total,_Z,Not application,_T,Total,_T,Total,_T,Total,_Z,Not applicable,_Z,Not applicable,V,Current prices,2002,,239.556,,,,,,,,,,,,0,Units,1,One
DATAFLOW,OECD.ELS.HD:DSD_SHA@DF_SHA(1.1),Health expenditure and financing,I,ALB,Albania,A,Annual,EXP_HEALTH,Expenditure,USD_PPP_PS,"US dollars per person, PPP converted",_T,Total,_Z,Not application,_T,Total,_T,Total,_T,Total,_Z,Not applicable,_Z,Not applicable,V,Current prices,2001,,233.88,,,,,,,,,,,,0,Units,1,One
DATAFLOW,OECD.ELS.HD:DSD_SHA@DF_SHA(1.1),Health expenditure and financing,I,ALB,Albania,A,Annual,EXP_HEALTH,Expenditure,USD_PPP_PS,"US dollars per person, PPP converted",_T,Total,_Z,Not application,_T,Total,_T,Total,_T,Total,_Z,Not applicable,_Z,Not applicable,V,Current prices,2000,,210.603,,,,,,,,,,,,0,Units,1,One
DATAFLOW,OECD.ELS.HD:DSD_SHA@DF_SHA(1.1),Health expenditure and financing,I,ARG,Argentina,A,Annual,EXP_HEALTH,Expenditure,USD_PPP_PS,"US dollars per person, PPP converted",_T,Total,_Z,Not application,_T,Total,_T,Total,_T,Total,_Z,Not applicable,_Z,Not applicable,V,Current prices,2011,,1720.776,,,,,,,,,,,,0,Units,1,One
DATAFLOW,OECD.ELS.HD:DSD_SHA@DF_SHA(1.1),Health expenditure and financing,I,ROU,Romania,A,Annual,EXP_HEALTH,Expenditure,USD_PPP_PS,"US dollars per person, PPP converted",_T,Total,_Z,Not application,_T,Total,_T,Total,_T,Total,_Z,Not applicable,_Z,Not applicable,V,Current prices,2011,,794.484,,,,,,B,Time series break,,,,,0,Units,1,One
DATAFLOW,OECD.ELS.HD:DSD_SHA@DF_SHA(1.1),Health expenditure and financing,I,ROU,Romania,A,Annual,EXP_HEALTH,Expenditure,USD_PPP_PS,"US dollars per person, PPP converted",_T,Total,_Z,Not application,_T,Total,_T,Total,_T,Total,_Z,Not applicable,_Z,Not applicable,V,Current prices,2022,,2385.914,,,,,,,,,,,,0,Units,1,One
DATAFLOW,OECD.ELS.HD:DSD_SHA@DF_SHA(1.1),Health expenditure and financing,I,ROU,Romania,A,Annual,EXP_HEALTH,Expenditure,USD_PPP_PS,"US dollars per person, PPP converted",_T,Total,_Z,Not application,_T,Total,_T,Total,_T,Total,_Z,Not applicable,_Z,Not applicable,V,Current prices,2021,,2397.014,,,,,,,,,,,,0,Units,1,One
DATAFLOW,OECD.ELS.HD:DSD_SHA@DF_SHA(1.1),Health expenditure and financing,I,ROU,Romania,A,Annual,EXP_HEALTH,Expenditure,USD_PPP_PS,"US dollars per person, PPP converted",_T,Total,_Z,Not application,_T,Total,_T,Total,_T,Total,_Z,Not applicable,_Z,Not applicable,V,Current prices,2020,,2076.3,,,,,,,,,,,,0,Units,1,One
DATAFLOW,OECD.ELS.HD:DSD_SHA@DF_SHA(1.1),Health expenditure and financing,I,ROU,Romania,A,Annual,EXP_HEALTH,Expenditure,USD_PPP_PS,"US dollars per person, PPP converted",_T,Total,_Z,Not application,_T,Total,_T,Total,_T,Total,_Z,Not applicable,_Z,Not applicable,V,Current prices,2019,,1852.701,,,,,,,,,,,,0,Units,1,One
DATAFLOW,OECD.ELS.HD:DSD_SHA@DF_SHA(1.1),Health expenditure and financing,I,ROU,Romania,A,Annual,EXP_HEALTH,Expenditure,USD_PPP_PS,"US dollars per person, PPP converted",_T,Total,_Z,Not application,_T,Total,_T,Total,_T,Total,_Z,Not applicable,_Z,Not applicable,V,Current prices,2018,,1574.858,,,,,,,,,,,,0,Units,1,One
DATAFLOW,OECD.ELS.HD:DSD_SHA@DF_SHA(1.1),Health expenditure and financing,I,ROU,Romania,A,Annual,EXP_HEALTH,Expenditure,USD_PPP_PS,"US dollars per person, PPP converted",_T,Total,_Z,Not application,_T,Total,_T,Total,_T,Total,_Z,Not applicable,_Z,Not applicable,V,Current prices,2017,,1326.402,,,,,,,,,,,,0,Units,1,One
DATAFLOW,OECD.ELS.HD:DSD_SHA@DF_SHA(1.1),Health expenditure and financing,I,ROU,Romania,A,Annual,EXP_HEALTH,Expenditure,USD_PPP_PS,"US dollars per person, PPP converted",_T,Total,_Z,Not application,_T,Total,_T,Total,_T,Total,_Z,Not applicable,_Z,Not applicable,V,Current prices,2016,,1169.204,,,,,,,,,,,,0,Units,1,One
DATAFLOW,OECD.ELS.HD:DSD_SHA@DF_SHA(1.1),Health expenditure and financing,I,ROU,Romania,A,Annual,EXP_HEALTH,Expenditure,USD_PPP_PS,"US dollars per person, PPP converted",_T,Total,_Z,Not application,_T,Total,_T,Total,_T,Total,_Z,Not applicable,_Z,Not applicable,V,Current prices,2015,,1021.293,,,,,,,,,,,,0,Units,1,One
DATAFLOW,OECD.ELS.HD:DSD_SHA@DF_SHA(1.1),Health expenditure and financing,I,ROU,Romania,A,Annual,EXP_HEALTH,Expenditure,USD_PPP_PS,"US dollars per person, PPP converted",_T,Total,_Z,Not application,_T,Total,_T,Total,_T,Total,_Z,Not applicable,_Z,Not applicable,V,Current prices,2014,,988.755,,,,,,,,,,,,0,Units,1,One
DATAFLOW,OECD.ELS.HD:DSD_SHA@DF_SHA(1.1),Health expenditure and financing,I,ROU,Romania,A,Annual,EXP_HEALTH,Expenditure,USD_PPP_PS,"US dollars per person, PPP converted",_T,Total,_Z,Not application,_T,Total,_T,Total,_T,Total,_Z,Not applicable,_Z,Not applicable,V,Current prices,2013,,969.238,,,,,,,,,,,,0,Units,1,One
DATAFLOW,OECD.ELS.HD:DSD_SHA@DF_SHA(1.1),Health expenditure and financing,I,ROU,Romania,A,Annual,EXP_HEALTH,Expenditure,USD_PPP_PS,"US dollars per person, PPP converted",_T,Total,_Z,Not application,_T,Total,_T,Total,_T,Total,_Z,Not applicable,_Z,Not applicable,V,Current prices,2012,,835.72,,,,,,,,,,,,0,Units,1,One
DATAFLOW,OECD.ELS.HD:DSD_SHA@DF_SHA(1.1),Health expenditure and financing,I,ROU,Romania,A,Annual,EXP_HEALTH,Expenditure,USD_PPP_PS,"US dollars per person, PPP converted",_T,Total,_Z,Not application,_T,Total,_T,Total,_T,Total,_Z,Not applicable,_Z,Not applicable,V,Current prices,2010,,919.907,,,,,,,,,,,,0,Units,1,One
DATAFLOW,OECD.ELS.HD:DSD_SHA@DF_SHA(1.1),Health expenditure and financing,I,ROU,Romania,A,Annual,EXP_HEALTH,Expenditure,USD_PPP_PS,"US dollars per person, PPP converted",_T,Total,_Z,Not application,_T,Total,_T,Total,_T,Total,_Z,Not applicable,_Z,Not applicable,V,Current prices,2009,,799.976,,,,,,,,,,,,0,Units,1,One
DATAFLOW,OECD.ELS.HD:DSD_SHA@DF_SHA(1.1),Health expenditure and financing,I,ROU,Romania,A,Annual,EXP_HEALTH,Expenditure,USD_PPP_PS,"US dollars per person, PPP converted",_T,Total,_Z,Not application,_T,Total,_T,Total,_T,Total,_Z,Not applicable,_Z,Not applicable,V,Current prices,2008,,778.178,,,,,,,,,,,,0,Units,1,One
DATAFLOW,OECD.ELS.HD:DSD_SHA@DF_SHA(1.1),Health expenditure and financing,I,ROU,Romania,A,Annual,EXP_HEALTH,Expenditure,USD_PPP_PS,"US dollars per person, PPP converted",_T,Total,_Z,Not application,_T,Total,_T,Total,_T,Total,_Z,Not applicable,_Z,Not applicable,V,Current prices,2007,,635.754,,,,,,,,,,,,0,Units,1,One
DATAFLOW,OECD.ELS.HD:DSD_SHA@DF_SHA(1.1),Health expenditure and financing,I,ROU,Romania,A,Annual,EXP_HEALTH,Expenditure,USD_PPP_PS,"US dollars per person, PPP converted",_T,Total,_Z,Not application,_T,Total,_T,Total,_T,Total,_Z,Not applicable,_Z,Not applicable,V,Current prices,2006,,539.631,,,,,,,,,,,,0,Units,1,One
DATAFLOW,OECD.ELS.HD:DSD_SHA@DF_SHA(1.1),Health expenditure and financing,I,ROU,Romania,A,Annual,EXP_HEALTH,Expenditure,USD_PPP_PS,"US dollars per person, PPP converted",_T,Total,_Z,Not application,_T,Total,_T,Total,_T,Total,_Z,Not applicable,_Z,Not applicable,V,Current prices,2005,,505.255,,,,,,,,,,,,0,Units,1,One
DATAFLOW,OECD.ELS.HD:DSD_SHA@DF_SHA(1.1),Health expenditure and financing,I,BRA,Brazil,A,Annual,EXP_HEALTH,Expenditure,USD_PPP_PS,"US dollars per person, PPP converted",_T,Total,_Z,Not application,_T,Total,_T,Total,_T,Total,_Z,Not applicable,_Z,Not applicable,V,Current prices,2014,,1376.439,,,,,,,,,,,,0,Units,1,One
DATAFLOW,OECD.ELS.HD:DSD_SHA@DF_SHA(1.1),Health expenditure and financing,I,BRA,Brazil,A,Annual,EXP_HEALTH,Expenditure,USD_PPP_PS,"US dollars per person, PPP converted",_T,Total,_Z,Not application,_T,Total,_T,Total,_T,Total,_Z,Not applicable,_Z,Not applicable,V,Current prices,2013,,1299.214,,,,,,,,,,,,0,Units,1,One
DATAFLOW,OECD.ELS.HD:DSD_SHA@DF_SHA(1.1),Health expenditure and financing,I,BGR,Bulgaria,A,Annual,EXP_HEALTH,Expenditure,USD_PPP_PS,"US dollars per person, PPP converted",_T,Total,_Z,Not application,_T,Total,_T,Total,_T,Total,_Z,Not applicable,_Z,Not applicable,V,Current prices,2024,,3751.423,,,,,,,,,,,,0,Units,1,One
DATAFLOW,OECD.ELS.HD:DSD_SHA@DF_SHA(1.1),Health expenditure and financing,I,BGR,Bulgaria,A,Annual,EXP_HEALTH,Expenditure,USD_PPP_PS,"US dollars per person, PPP converted",_T,Total,_Z,Not application,_T,Total,_T,Total,_T,Total,_Z,Not applicable,_Z,Not applicable,V,Current prices,2023,,3234.507,,,,,,,,,,,,0,Units,1,One
DATAFLOW,OECD.ELS.HD:DSD_SHA@DF_SHA(1.1),Health expenditure and financing,I,SVN,Slovenia,A,Annual,EXP_HEALTH,Expenditure,USD_PPP_PS,"US dollars per person, PPP converted",_T,Total,_Z,Not application,_T,Total,_T,Total,_T,Total,_Z,Not applicable,_Z,Not applicable,V,Current prices,2018,,3045.106,,,,,,,,,,,,0,Units,1,One
DATAFLOW,OECD.ELS.HD:DSD_SHA@DF_SHA(1.1),Health expenditure and financing,I,LTU,Lithuania,A,Annual,EXP_HEALTH,Expenditure,USD_PPP_PS,"US dollars per person, PPP converted",_T,Total,_Z,Not application,_T,Total,_T,Total,_T,Total,_Z,Not applicable,_Z,Not applicable,V,Current prices,2002,,647.504,,,,,,E,Estimated value,,,,,0,Units,1,One
DATAFLOW,OECD.ELS.HD:DSD_SHA@DF_SHA(1.1),Health expenditure and financing,I,LTU,Lithuania,A,Annual,EXP_HEALTH,Expenditure,USD_PPP_PS,"US dollars per person, PPP converted",_T,Total,_Z,Not application,_T,Total,_T,Total,_T,Total,_Z,Not applicable,_Z,Not applicable,V,Current prices,2003,,745.024,,,,,,E,Estimated value,,,,,0,Units,1,One
DATAFLOW,OECD.ELS.HD:DSD_SHA@DF_SHA(1.1),Health expenditure and financing,I,LTU,Lithuania,A,Annual,EXP_HEALTH,Expenditure,USD_PPP_PS,"US dollars per person, PPP converted",_T,Total,_Z,Not application,_T,Total,_T,Total,_T,Total,_Z,Not applicable,_Z,Not applicable,V,Current prices,2008,,1256.201,,,,,,,,,,,,0,Units,1,One
DATAFLOW,OECD.ELS.HD:DSD_SHA@DF_SHA(1.1),Health expenditure and financing,I,LTU,Lithuania,A,Annual,EXP_HEALTH,Expenditure,USD_PPP_PS,"US dollars per person, PPP converted",_T,Total,_Z,Not application,_T,Total,_T,Total,_T,Total,_Z,Not applicable,_Z,Not applicable,V,Current prices,2006,,944.011,,,,,,B,Time series break,,,,,0,Units,1,One
DATAFLOW,OECD.ELS.HD:DSD_SHA@DF_SHA(1.1),Health expenditure and financing,I,LTU,Lithuania,A,Annual,EXP_HEALTH,Expenditure,USD_PPP_PS,"US dollars per person, PPP converted",_T,Total,_Z,Not application,_T,Total,_T,Total,_T,Total,_Z,Not applicable,_Z,Not applicable,V,Current prices,2004,,721.435,,,,,,B,Time series break,,,,,0,Units,1,One
DATAFLOW,OECD.ELS.HD:DSD_SHA@DF_SHA(1.1),Health expenditure and financing,I,LTU,Lithuania,A,Annual,EXP_HEALTH,Expenditure,USD_PPP_PS,"US dollars per person, PPP converted",_T,Total,_Z,Not application,_T,Total,_T,Total,_T,Total,_Z,Not applicable,_Z,Not applicable,V,Current prices,2000,,538.941,,,,,,E,Estimated value,,,,,0,Units,1,One
DATAFLOW,OECD.ELS.HD:DSD_SHA@DF_SHA(1.1),Health expenditure and financing,I,LTU,Lithuania,A,Annual,EXP_HEALTH,Expenditure,USD_PPP_PS,"US dollars per person, PPP converted",_T,Total,_Z,Not application,_T,Total,_T,Total,_T,Total,_Z,Not applicable,_Z,Not applicable,V,Current prices,2001,,569.435,,,,,,E,Estimated value,,,,,0,Units,1,One
DATAFLOW,OECD.ELS.HD:DSD_SHA@DF_SHA(1.1),Health expenditure and financing,I,LTU,Lithuania,A,Annual,EXP_HEALTH,Expenditure,USD_PPP_PS,"US dollars per person, PPP converted",_T,Total,_Z,Not application,_T,Total,_T,Total,_T,Total,_Z,Not applicable,_Z,Not applicable,V,Current prices,2012,,1472.511,,,,,,,,,,,,0,Units,1,One
DATAFLOW,OECD.ELS.HD:DSD_SHA@DF_SHA(1.1),Health expenditure and financing,I,LTU,Lithuania,A,Annual,EXP_HEALTH,Expenditure,USD_PPP_PS,"US dollars per person, PPP converted",_T,Total,_Z,Not application,_T,Total,_T,Total,_T,Total,_Z,Not applicable,_Z,Not applicable,V,Current prices,2014,,1678.49,,,,,,,,,,,,0,Units,1,One
DATAFLOW,OECD.ELS.HD:DSD_SHA@DF_SHA(1.1),Health expenditure and financing,I,LTU,Lithuania,A,Annual,EXP_HEALTH,Expenditure,USD_PPP_PS,"US dollars per person, PPP converted",_T,Total,_Z,Not application,_T,Total,_T,Total,_T,Total,_Z,Not applicable,_Z,Not applicable,V,Current prices,2020,,3092.326,,,,,,,,,,,,0,Units,1,One
DATAFLOW,OECD.ELS.HD:DSD_SHA@DF_SHA(1.1),Health expenditure and financing,I,LTU,Lithuania,A,Annual,EXP_HEALTH,Expenditure,USD_PPP_PS,"US dollars per person, PPP converted",_T,Total,_Z,Not application,_T,Total,_T,Total,_T,Total,_Z,Not applicable,_Z,Not applicable,V,Current prices,2023,,3952.182,,,,,,,,,,,,0,Units,1,One
DATAFLOW,OECD.ELS.HD:DSD_SHA@DF_SHA(1.1),Health expenditure and financing,I,ESP,Spain,A,Annual,EXP_HEALTH,Expenditure,USD_PPP_PS,"US dollars per person, PPP converted",_T,Total,_Z,Not application,_T,Total,_T,Total,_T,Total,_Z,Not applicable,_Z,Not applicable,V,Current prices,2009,,2769.351,,,,,,,,,,,,0,Units,1,One
DATAFLOW,OECD.ELS.HD:DSD_SHA@DF_SHA(1.1),Health expenditure and financing,I,ESP,Spain,A,Annual,EXP_HEALTH,Expenditure,USD_PPP_PS,"US dollars per person, PPP converted",_T,Total,_Z,Not application,_T,Total,_T,Total,_T,Total,_Z,Not applicable,_Z,Not applicable,V,Current prices,2004,,2131.152,,,,,,,,,,,,0,Units,1,One
DATAFLOW,OECD.ELS.HD:DSD_SHA@DF_SHA(1.1),Health expenditure and financing,I,ESP,Spain,A,Annual,EXP_HEALTH,Expenditure,USD_PPP_PS,"US dollars per person, PPP converted",_T,Total,_Z,Not application,_T,Total,_T,Total,_T,Total,_Z,Not applicable,_Z,Not applicable,V,Current prices,2002,,1803.5,,,,,,,,,,,,0,Units,1,One
DATAFLOW,OECD.ELS.HD:DSD_SHA@DF_SHA(1.1),Health expenditure and financing,I,ESP,Spain,A,Annual,EXP_HEALTH,Expenditure,USD_PPP_PS,"US dollars per person, PPP converted",_T,Total,_Z,Not application,_T,Total,_T,Total,_T,Total,_Z,Not applicable,_Z,Not applicable,V,Current prices,2001,,1635.854,,,,,,,,,,,,0,Units,1,One
DATAFLOW,OECD.ELS.HD:DSD_SHA@DF_SHA(1.1),Health expenditure and financing,I,ESP,Spain,A,Annual,EXP_HEALTH,Expenditure,USD_PPP_PS,"US dollars per person, PPP converted",_T,Total,_Z,Not application,_T,Total,_T,Total,_T,Total,_Z,Not applicable,_Z,Not applicable,V,Current prices,2000,,1524.369,,,,,,,,,,,,0,Units,1,One
DATAFLOW,OECD.ELS.HD:DSD_SHA@DF_SHA(1.1),Health expenditure and financing,I,ESP,Spain,A,Annual,EXP_HEALTH,Expenditure,USD_PPP_PS,"US dollars per person, PPP converted",_T,Total,_Z,Not application,_T,Total,_T,Total,_T,Total,_Z,Not applicable,_Z,Not applicable,V,Current prices,2003,,2023.046,,,,,,B,Time series break,,,,,0,Units,1,One
DATAFLOW,OECD.ELS.HD:DSD_SHA@DF_SHA(1.1),Health expenditure and financing,I,ESP,Spain,A,Annual,EXP_HEALTH,Expenditure,USD_PPP_PS,"US dollars per person, PPP converted",_T,Total,_Z,Not application,_T,Total,_T,Total,_T,Total,_Z,Not applicable,_Z,Not applicable,V,Current prices,2025,,5410.878,,,,,,E,Estimated value,,,,,0,Units,1,One
DATAFLOW,OECD.ELS.HD:DSD_SHA@DF_SHA(1.1),Health expenditure and financing,I,HRV,Croatia,A,Annual,EXP_HEALTH,Expenditure,USD_PPP_PS,"US dollars per person, PPP converted",_T,Total,_Z,Not application,_T,Total,_T,Total,_T,Total,_Z,Not applicable,_Z,Not applicable,V,Current prices,2004,,901.292,,,,,,E,Estimated value,,,,,0,Units,1,One
DATAFLOW,OECD.ELS.HD:DSD_SHA@DF_SHA(1.1),Health expenditure and financing,I,HRV,Croatia,A,Annual,EXP_HEALTH,Expenditure,USD_PPP_PS,"US dollars per person, PPP converted",_T,Total,_Z,Not application,_T,Total,_T,Total,_T,Total,_Z,Not applicable,_Z,Not applicable,V,Current prices,2003,,819.377,,,,,,E,Estimated value,,,,,0,Units,1,One
DATAFLOW,OECD.ELS.HD:DSD_SHA@DF_SHA(1.1),Health expenditure and financing,I,HRV,Croatia,A,Annual,EXP_HEALTH,Expenditure,USD_PPP_PS,"US dollars per person, PPP converted",_T,Total,_Z,Not application,_T,Total,_T,Total,_T,Total,_Z,Not applicable,_Z,Not applicable,V,Current prices,2023,,3102.223,,,,,,,,,,,,0,Units,1,One
DATAFLOW,OECD.ELS.HD:DSD_SHA@DF_SHA(1.1),Health expenditure and financing,I,HRV,Croatia,A,Annual,EXP_HEALTH,Expenditure,USD_PPP_PS,"US dollars per person, PPP converted",_T,Total,_Z,Not application,_T,Total,_T,Total,_T,Total,_Z,Not applicable,_Z,Not applicable,V,Current prices,2024,,3528.971,,,,,,,,,,,,0,Units,1,One
DATAFLOW,OECD.ELS.HD:DSD_SHA@DF_SHA(1.1),Health expenditure and financing,I,SRB,Serbia,A,Annual,EXP_HEALTH,Expenditure,USD_PPP_PS,"US dollars per person, PPP converted",_T,Total,_Z,Not application,_T,Total,_T,Total,_T,Total,_Z,Not applicable,_Z,Not applicable,V,Current prices,2012,,1194.534,,,,,,,,,,,,0,Units,1,One
DATAFLOW,OECD.ELS.HD:DSD_SHA@DF_SHA(1.1),Health expenditure and financing,I,SRB,Serbia,A,Annual,EXP_HEALTH,Expenditure,USD_PPP_PS,"US dollars per person, PPP converted",_T,Total,_Z,Not application,_T,Total,_T,Total,_T,Total,_Z,Not applicable,_Z,Not applicable,V,Current prices,2011,,1143.845,,,,,,,,,,,,0,Units,1,One
DATAFLOW,OECD.ELS.HD:DSD_SHA@DF_SHA(1.1),Health expenditure and financing,I,SRB,Serbia,A,Annual,EXP_HEALTH,Expenditure,USD_PPP_PS,"US dollars per person, PPP converted",_T,Total,_Z,Not application,_T,Total,_T,Total,_T,Total,_Z,Not applicable,_Z,Not applicable,V,Current prices,2010,,1106.041,,,,,,,,,,,,0,Units,1,One
DATAFLOW,OECD.ELS.HD:DSD_SHA@DF_SHA(1.1),Health expenditure and financing,I,SRB,Serbia,A,Annual,EXP_HEALTH,Expenditure,USD_PPP_PS,"US dollars per person, PPP converted",_T,Total,_Z,Not application,_T,Total,_T,Total,_T,Total,_Z,Not applicable,_Z,Not applicable,V,Current prices,2009,,1040.03,,,,,,,,,,,,0,Units,1,One
DATAFLOW,OECD.ELS.HD:DSD_SHA@DF_SHA(1.1),Health expenditure and financing,I,SRB,Serbia,A,Annual,EXP_HEALTH,Expenditure,USD_PPP_PS,"US dollars per person, PPP converted",_T,Total,_Z,Not application,_T,Total,_T,Total,_T,Total,_Z,Not applicable,_Z,Not applicable,V,Current prices,2008,,1050.208,,,,,,,,,,,,0,Units,1,One
DATAFLOW,OECD.ELS.HD:DSD_SHA@DF_SHA(1.1),Health expenditure and financing,I,SRB,Serbia,A,Annual,EXP_HEALTH,Expenditure,USD_PPP_PS,"US dollars per person, PPP converted",_T,Total,_Z,Not application,_T,Total,_T,Total,_T,Total,_Z,Not applicable,_Z,Not applicable,V,Current prices,2007,,927.592,,,,,,,,,,,,0,Units,1,One
DATAFLOW,OECD.ELS.HD:DSD_SHA@DF_SHA(1.1),Health expenditure and financing,I,SRB,Serbia,A,Annual,EXP_HEALTH,Expenditure,USD_PPP_PS,"US dollars per person, PPP converted",_T,Total,_Z,Not application,_T,Total,_T,Total,_T,Total,_Z,Not applicable,_Z,Not applicable,V,Current prices,2006,,768.263,,,,,,,,,,,,0,Units,1,One
DATAFLOW,OECD.ELS.HD:DSD_SHA@DF_SHA(1.1),Health expenditure and financing,I,SRB,Serbia,A,Annual,EXP_HEALTH,Expenditure,USD_PPP_PS,"US dollars per person, PPP converted",_T,Total,_Z,Not application,_T,Total,_T,Total,_T,Total,_Z,Not applicable,_Z,Not applicable,V,Current prices,2005,,682.984,,,,,,,,,,,,0,Units,1,One
DATAFLOW,OECD.ELS.HD:DSD_SHA@DF_SHA(1.1),Health expenditure and financing,I,SRB,Serbia,A,Annual,EXP_HEALTH,Expenditure,USD_PPP_PS,"US dollars per person, PPP converted",_T,Total,_Z,Not application,_T,Total,_T,Total,_T,Total,_Z,Not applicable,_Z,Not applicable,V,Current prices,2004,,585.545,,,,,,,,,,,,0,Units,1,One
DATAFLOW,OECD.ELS.HD:DSD_SHA@DF_SHA(1.1),Health expenditure and financing,I,SRB,Serbia,A,Annual,EXP_HEALTH,Expenditure,USD_PPP_PS,"US dollars per person, PPP converted",_T,Total,_Z,Not application,_T,Total,_T,Total,_T,Total,_Z,Not applicable,_Z,Not applicable,V,Current prices,2003,,519.023,,,,,,,,,,,,0,Units,1,One
DATAFLOW,OECD.ELS.HD:DSD_SHA@DF_SHA(1.1),Health expenditure and financing,I,SRB,Serbia,A,Annual,EXP_HEALTH,Expenditure,USD_PPP_PS,"US dollars per person, PPP converted",_T,Total,_Z,Not application,_T,Total,_T,Total,_T,Total,_Z,Not applicable,_Z,Not applicable,V,Current prices,2002,,484.216,,,,,,,,,,,,0,Units,1,One
DATAFLOW,OECD.ELS.HD:DSD_SHA@DF_SHA(1.1),Health expenditure and financing,I,SRB,Serbia,A,Annual,EXP_HEALTH,Expenditure,USD_PPP_PS,"US dollars per person, PPP converted",_T,Total,_Z,Not application,_T,Total,_T,Total,_T,Total,_Z,Not applicable,_Z,Not applicable,V,Current prices,2001,,377.011,,,,,,,,,,,,0,Units,1,One
DATAFLOW,OECD.ELS.HD:DSD_SHA@DF_SHA(1.1),Health expenditure and financing,I,SRB,Serbia,A,Annual,EXP_HEALTH,Expenditure,USD_PPP_PS,"US dollars per person, PPP converted",_T,Total,_Z,Not application,_T,Total,_T,Total,_T,Total,_Z,Not applicable,_Z,Not applicable,V,Current prices,2000,,335.431,,,,,,,,,,,,0,Units,1,One
DATAFLOW,OECD.ELS.HD:DSD_SHA@DF_SHA(1.1),Health expenditure and financing,I,ZAF,South Africa,A,Annual,EXP_HEALTH,Expenditure,USD_PPP_PS,"US dollars per person, PPP converted",_T,Total,_Z,Not application,_T,Total,_T,Total,_T,Total,_Z,Not applicable,_Z,Not applicable,V,Current prices,2023,,1423.985,,,,,,,,,,,,0,Units,1,One
DATAFLOW,OECD.ELS.HD:DSD_SHA@DF_SHA(1.1),Health expenditure and financing,I,ZAF,South Africa,A,Annual,EXP_HEALTH,Expenditure,USD_PPP_PS,"US dollars per person, PPP converted",_T,Total,_Z,Not application,_T,Total,_T,Total,_T,Total,_Z,Not applicable,_Z,Not applicable,V,Current prices,2022,,1354.379,,,,,,,,,,,,0,Units,1,One
DATAFLOW,OECD.ELS.HD:DSD_SHA@DF_SHA(1.1),Health expenditure and financing,I,ZAF,South Africa,A,Annual,EXP_HEALTH,Expenditure,USD_PPP_PS,"US dollars per person, PPP converted",_T,Total,_Z,Not application,_T,Total,_T,Total,_T,Total,_Z,Not applicable,_Z,Not applicable,V,Current prices,2021,,1244.938,,,,,,,,,,,,0,Units,1,One
DATAFLOW,OECD.ELS.HD:DSD_SHA@DF_SHA(1.1),Health expenditure and financing,I,ZAF,South Africa,A,Annual,EXP_HEALTH,Expenditure,USD_PPP_PS,"US dollars per person, PPP converted",_T,Total,_Z,Not application,_T,Total,_T,Total,_T,Total,_Z,Not applicable,_Z,Not applicable,V,Current prices,2020,,1199.051,,,,,,,,,,,,0,Units,1,One
DATAFLOW,OECD.ELS.HD:DSD_SHA@DF_SHA(1.1),Health expenditure and financing,I,ZAF,South Africa,A,Annual,EXP_HEALTH,Expenditure,USD_PPP_PS,"US dollars per person, PPP converted",_T,Total,_Z,Not application,_T,Total,_T,Total,_T,Total,_Z,Not applicable,_Z,Not applicable,V,Current prices,2019,,1151.622,,,,,,,,,,,,0,Units,1,One
DATAFLOW,OECD.ELS.HD:DSD_SHA@DF_SHA(1.1),Health expenditure and financing,I,ZAF,South Africa,A,Annual,EXP_HEALTH,Expenditure,USD_PPP_PS,"US dollars per person, PPP converted",_T,Total,_Z,Not application,_T,Total,_T,Total,_T,Total,_Z,Not applicable,_Z,Not applicable,V,Current prices,2018,,1129.012,,,,,,,,,,,,0,Units,1,One
DATAFLOW,OECD.ELS.HD:DSD_SHA@DF_SHA(1.1),Health expenditure and financing,I,ZAF,South Africa,A,Annual,EXP_HEALTH,Expenditure,USD_PPP_PS,"US dollars per person, PPP converted",_T,Total,_Z,Not application,_T,Total,_T,Total,_T,Total,_Z,Not applicable,_Z,Not applicable,V,Current prices,2017,,1138.201,,,,,,,,,,,,0,Units,1,One
DATAFLOW,OECD.ELS.HD:DSD_SHA@DF_SHA(1.1),Health expenditure and financing,I,ZAF,South Africa,A,Annual,EXP_HEALTH,Expenditure,USD_PPP_PS,"US dollars per person, PPP converted",_T,Total,_Z,Not application,_T,Total,_T,Total,_T,Total,_Z,Not applicable,_Z,Not applicable,V,Current prices,2016,,1147.606,,,,,,,,,,,,0,Units,1,One
DATAFLOW,OECD.ELS.HD:DSD_SHA@DF_SHA(1.1),Health expenditure and financing,I,ZAF,South Africa,A,Annual,EXP_HEALTH,Expenditure,USD_PPP_PS,"US dollars per person, PPP converted",_T,Total,_Z,Not application,_T,Total,_T,Total,_T,Total,_Z,Not applicable,_Z,Not applicable,V,Current prices,2015,,1134.912,,,,,,,,,,,,0,Units,1,One
DATAFLOW,OECD.ELS.HD:DSD_SHA@DF_SHA(1.1),Health expenditure and financing,I,ZAF,South Africa,A,Annual,EXP_HEALTH,Expenditure,USD_PPP_PS,"US dollars per person, PPP converted",_T,Total,_Z,Not application,_T,Total,_T,Total,_T,Total,_Z,Not applicable,_Z,Not applicable,V,Current prices,2014,,1099.438,,,,,,,,,,,,0,Units,1,One
DATAFLOW,OECD.ELS.HD:DSD_SHA@DF_SHA(1.1),Health expenditure and financing,I,ZAF,South Africa,A,Annual,EXP_HEALTH,Expenditure,USD_PPP_PS,"US dollars per person, PPP converted",_T,Total,_Z,Not application,_T,Total,_T,Total,_T,Total,_Z,Not applicable,_Z,Not applicable,V,Current prices,2013,,1135.368,,,,,,,,,,,,0,Units,1,One
DATAFLOW,OECD.ELS.HD:DSD_SHA@DF_SHA(1.1),Health expenditure and financing,I,ZAF,South Africa,A,Annual,EXP_HEALTH,Expenditure,USD_PPP_PS,"US dollars per person, PPP converted",_T,Total,_Z,Not application,_T,Total,_T,Total,_T,Total,_Z,Not applicable,_Z,Not applicable,V,Current prices,2012,,1093.358,,,,,,,,,,,,0,Units,1,One
DATAFLOW,OECD.ELS.HD:DSD_SHA@DF_SHA(1.1),Health expenditure and financing,I,ZAF,South Africa,A,Annual,EXP_HEALTH,Expenditure,USD_PPP_PS,"US dollars per person, PPP converted",_T,Total,_Z,Not application,_T,Total,_T,Total,_T,Total,_Z,Not applicable,_Z,Not applicable,V,Current prices,2011,,1064.798,,,,,,,,,,,,0,Units,1,One
DATAFLOW,OECD.ELS.HD:DSD_SHA@DF_SHA(1.1),Health expenditure and financing,I,THA,Thailand,A,Annual,EXP_HEALTH,Expenditure,USD_PPP_PS,"US dollars per person, PPP converted",_T,Total,_Z,Not application,_T,Total,_T,Total,_T,Total,_Z,Not applicable,_Z,Not applicable,V,Current prices,2024,,1107.527,,,,,,,,,,,,0,Units,1,One
DATAFLOW,OECD.ELS.HD:DSD_SHA@DF_SHA(1.1),Health expenditure and financing,I,THA,Thailand,A,Annual,EXP_HEALTH,Expenditure,USD_PPP_PS,"US dollars per person, PPP converted",_T,Total,_Z,Not application,_T,Total,_T,Total,_T,Total,_Z,Not applicable,_Z,Not applicable,V,Current prices,2023,,1059.847,,,,,,,,,,,,0,Units,1,One
DATAFLOW,OECD.ELS.HD:DSD_SHA@DF_SHA(1.1),Health expenditure and financing,I,THA,Thailand,A,Annual,EXP_HEALTH,Expenditure,USD_PPP_PS,"US dollars per person, PPP converted",_T,Total,_Z,Not application,_T,Total,_T,Total,_T,Total,_Z,Not applicable,_Z,Not applicable,V,Current prices,2022,,1230.245,,,,,,,,,,,,0,Units,1,One
DATAFLOW,OECD.ELS.HD:DSD_SHA@DF_SHA(1.1),Health expenditure and financing,I,THA,Thailand,A,Annual,EXP_HEALTH,Expenditure,USD_PPP_PS,"US dollars per person, PPP converted",_T,Total,_Z,Not application,_T,Total,_T,Total,_T,Total,_Z,Not applicable,_Z,Not applicable,V,Current prices,2021,,1077.129,,,,,,,,,,,,0,Units,1,One
DATAFLOW,OECD.ELS.HD:DSD_SHA@DF_SHA(1.1),Health expenditure and financing,I,THA,Thailand,A,Annual,EXP_HEALTH,Expenditure,USD_PPP_PS,"US dollars per person, PPP converted",_T,Total,_Z,Not application,_T,Total,_T,Total,_T,Total,_Z,Not applicable,_Z,Not applicable,V,Current prices,2020,,862.43,,,,,,,,,,,,0,Units,1,One
DATAFLOW,OECD.ELS.HD:DSD_SHA@DF_SHA(1.1),Health expenditure and financing,I,THA,Thailand,A,Annual,EXP_HEALTH,Expenditure,USD_PPP_PS,"US dollars per person, PPP converted",_T,Total,_Z,Not application,_T,Total,_T,Total,_T,Total,_Z,Not applicable,_Z,Not applicable,V,Current prices,2019,,787.034,,,,,,,,,,,,0,Units,1,One
DATAFLOW,OECD.ELS.HD:DSD_SHA@DF_SHA(1.1),Health expenditure and financing,I,THA,Thailand,A,Annual,EXP_HEALTH,Expenditure,USD_PPP_PS,"US dollars per person, PPP converted",_T,Total,_Z,Not application,_T,Total,_T,Total,_T,Total,_Z,Not applicable,_Z,Not applicable,V,Current prices,2018,,764.201,,,,,,,,,,,,0,Units,1,One
DATAFLOW,OECD.ELS.HD:DSD_SHA@DF_SHA(1.1),Health expenditure and financing,I,THA,Thailand,A,Annual,EXP_HEALTH,Expenditure,USD_PPP_PS,"US dollars per person, PPP converted",_T,Total,_Z,Not application,_T,Total,_T,Total,_T,Total,_Z,Not applicable,_Z,Not applicable,V,Current prices,2017,,712.858,,,,,,,,,,,,0,Units,1,One
DATAFLOW,OECD.ELS.HD:DSD_SHA@DF_SHA(1.1),Health expenditure and financing,I,THA,Thailand,A,Annual,EXP_HEALTH,Expenditure,USD_PPP_PS,"US dollars per person, PPP converted",_T,Total,_Z,Not application,_T,Total,_T,Total,_T,Total,_Z,Not applicable,_Z,Not applicable,V,Current prices,2016,,671.13,,,,,,,,,,,,0,Units,1,One
DATAFLOW,OECD.ELS.HD:DSD_SHA@DF_SHA(1.1),Health expenditure and financing,I,GEO,Georgia,A,Annual,EXP_HEALTH,Expenditure,USD_PPP_PS,"US dollars per person, PPP converted",_T,Total,_Z,Not application,_T,Total,_T,Total,_T,Total,_Z,Not applicable,_Z,Not applicable,V,Current prices,2011,,610.218,,,,,,,,,,,,0,Units,1,One
DATAFLOW,OECD.ELS.HD:DSD_SHA@DF_SHA(1.1),Health expenditure and financing,I,GEO,Georgia,A,Annual,EXP_HEALTH,Expenditure,USD_PPP_PS,"US dollars per person, PPP converted",_T,Total,_Z,Not application,_T,Total,_T,Total,_T,Total,_Z,Not applicable,_Z,Not applicable,V,Current prices,2023,,1643.952,,,,,,,,,,,,0,Units,1,One
DATAFLOW,OECD.ELS.HD:DSD_SHA@DF_SHA(1.1),Health expenditure and financing,I,GEO,Georgia,A,Annual,EXP_HEALTH,Expenditure,USD_PPP_PS,"US dollars per person, PPP converted",_T,Total,_Z,Not application,_T,Total,_T,Total,_T,Total,_Z,Not applicable,_Z,Not applicable,V,Current prices,2022,,1781.764,,,,,,,,,,,,0,Units,1,One
DATAFLOW,OECD.ELS.HD:DSD_SHA@DF_SHA(1.1),Health expenditure and financing,I,GEO,Georgia,A,Annual,EXP_HEALTH,Expenditure,USD_PPP_PS,"US dollars per person, PPP converted",_T,Total,_Z,Not application,_T,Total,_T,Total,_T,Total,_Z,Not applicable,_Z,Not applicable,V,Current prices,2021,,1905.997,,,,,,,,,,,,0,Units,1,One
DATAFLOW,OECD.ELS.HD:DSD_SHA@DF_SHA(1.1),Health expenditure and financing,I,GEO,Georgia,A,Annual,EXP_HEALTH,Expenditure,USD_PPP_PS,"US dollars per person, PPP converted",_T,Total,_Z,Not application,_T,Total,_T,Total,_T,Total,_Z,Not applicable,_Z,Not applicable,V,Current prices,2020,,1461.112,,,,,,,,,,,,0,Units,1,One
DATAFLOW,OECD.ELS.HD:DSD_SHA@DF_SHA(1.1),Health expenditure and financing,I,UKR,Ukraine,A,Annual,EXP_HEALTH,Expenditure,USD_PPP_PS,"US dollars per person, PPP converted",_T,Total,_Z,Not application,_T,Total,_T,Total,_T,Total,_Z,Not applicable,_Z,Not applicable,V,Current prices,2019,,996.136,,,,,,,,,,,,0,Units,1,One
DATAFLOW,OECD.ELS.HD:DSD_SHA@DF_SHA(1.1),Health expenditure and financing,I,UKR,Ukraine,A,Annual,EXP_HEALTH,Expenditure,USD_PPP_PS,"US dollars per person, PPP converted",_T,Total,_Z,Not application,_T,Total,_T,Total,_T,Total,_Z,Not applicable,_Z,Not applicable,V,Current prices,2018,,964.87,,,,,,,,,,,,0,Units,1,One
DATAFLOW,OECD.ELS.HD:DSD_SHA@DF_SHA(1.1),Health expenditure and financing,I,UKR,Ukraine,A,Annual,EXP_HEALTH,Expenditure,USD_PPP_PS,"US dollars per person, PPP converted",_T,Total,_Z,Not application,_T,Total,_T,Total,_T,Total,_Z,Not applicable,_Z,Not applicable,V,Current prices,2017,,910.939,,,,,,,,,,,,0,Units,1,One
DATAFLOW,OECD.ELS.HD:DSD_SHA@DF_SHA(1.1),Health expenditure and financing,I,UKR,Ukraine,A,Annual,EXP_HEALTH,Expenditure,USD_PPP_PS,"US dollars per person, PPP converted",_T,Total,_Z,Not application,_T,Total,_T,Total,_T,Total,_Z,Not applicable,_Z,Not applicable,V,Current prices,2016,,870.686,,,,,,,,,,,,0,Units,1,One
DATAFLOW,OECD.ELS.HD:DSD_SHA@DF_SHA(1.1),Health expenditure and financing,I,UKR,Ukraine,A,Annual,EXP_HEALTH,Expenditure,USD_PPP_PS,"US dollars per person, PPP converted",_T,Total,_Z,Not application,_T,Total,_T,Total,_T,Total,_Z,Not applicable,_Z,Not applicable,V,Current prices,2015,,818.844,,,,,,,,,,,,0,Units,1,One
DATAFLOW,OECD.ELS.HD:DSD_SHA@DF_SHA(1.1),Health expenditure and financing,I,UKR,Ukraine,A,Annual,EXP_HEALTH,Expenditure,USD_PPP_PS,"US dollars per person, PPP converted",_T,Total,_Z,Not application,_T,Total,_T,Total,_T,Total,_Z,Not applicable,_Z,Not applicable,V,Current prices,2014,,800.445,,,,,,,,,,,,0,Units,1,One
DATAFLOW,OECD.ELS.HD:DSD_SHA@DF_SHA(1.1),Health expenditure and financing,I,UKR,Ukraine,A,Annual,EXP_HEALTH,Expenditure,USD_PPP_PS,"US dollars per person, PPP converted",_T,Total,_Z,Not application,_T,Total,_T,Total,_T,Total,_Z,Not applicable,_Z,Not applicable,V,Current prices,2013,,791.043,,,,,,,,,,,,0,Units,1,One
DATAFLOW,OECD.ELS.HD:DSD_SHA@DF_SHA(1.1),Health expenditure and financing,I,UKR,Ukraine,A,Annual,EXP_HEALTH,Expenditure,USD_PPP_PS,"US dollars per person, PPP converted",_T,Total,_Z,Not application,_T,Total,_T,Total,_T,Total,_Z,Not applicable,_Z,Not applicable,V,Current prices,2012,,752.477,,,,,,,,,,,,0,Units,1,One
DATAFLOW,OECD.ELS.HD:DSD_SHA@DF_SHA(1.1),Health expenditure and financing,I,UKR,Ukraine,A,Annual,EXP_HEALTH,Expenditure,USD_PPP_PS,"US dollars per person, PPP converted",_T,Total,_Z,Not application,_T,Total,_T,Total,_T,Total,_Z,Not applicable,_Z,Not applicable,V,Current prices,2011,,679.433,,,,,,,,,,,,0,Units,1,One
DATAFLOW,OECD.ELS.HD:DSD_SHA@DF_SHA(1.1),Health expenditure and financing,I,UKR,Ukraine,A,Annual,EXP_HEALTH,Expenditure,USD_PPP_PS,"US dollars per person, PPP converted",_T,Total,_Z,Not application,_T,Total,_T,Total,_T,Total,_Z,Not applicable,_Z,Not applicable,V,Current prices,2021,,1511.5,,,,,,,,,,,,0,Units,1,One
DATAFLOW,OECD.ELS.HD:DSD_SHA@DF_SHA(1.1),Health expenditure and financing,I,CHE,Switzerland,A,Annual,EXP_HEALTH,Expenditure,USD_PPP_PS,"US dollars per person, PPP converted",_T,Total,_Z,Not application,_T,Total,_T,Total,_T,Total,_Z,Not applicable,_Z,Not applicable,V,Current prices,2012,,5566.075,,,,,,,,,,,,0,Units,1,One
DATAFLOW,OECD.ELS.HD:DSD_SHA@DF_SHA(1.1),Health expenditure and financing,I,USA,United States,A,Annual,EXP_HEALTH,Expenditure,USD_PPP_PS,"US dollars per person, PPP converted",_T,Total,_Z,Not application,_T,Total,_T,Total,_T,Total,_Z,Not applicable,_Z,Not applicable,V,Current prices,2002,,5316.225,,,,,,,,,,,,0,Units,1,One
DATAFLOW,OECD.ELS.HD:DSD_SHA@DF_SHA(1.1),Health expenditure and financing,I,ARG,Argentina,A,Annual,EXP_HEALTH,Expenditure,USD_PPP_PS,"US dollars per person, PPP converted",_T,Total,_Z,Not application,_T,Total,_T,Total,_T,Total,_Z,Not applicable,_Z,Not applicable,V,Current prices,2012,,1823.142,,,,,,,,,,,,0,Units,1,One
DATAFLOW,OECD.ELS.HD:DSD_SHA@DF_SHA(1.1),Health expenditure and financing,I,BRA,Brazil,A,Annual,EXP_HEALTH,Expenditure,USD_PPP_PS,"US dollars per person, PPP converted",_T,Total,_Z,Not application,_T,Total,_T,Total,_T,Total,_Z,Not applicable,_Z,Not applicable,V,Current prices,2012,,1222.604,,,,,,,,,,,,0,Units,1,One
DATAFLOW,OECD.ELS.HD:DSD_SHA@DF_SHA(1.1),Health expenditure and financing,I,HRV,Croatia,A,Annual,EXP_HEALTH,Expenditure,USD_PPP_PS,"US dollars per person, PPP converted",_T,Total,_Z,Not application,_T,Total,_T,Total,_T,Total,_Z,Not applicable,_Z,Not applicable,V,Current prices,2014,,1372.72,,,,,,,,,,,,0,Units,1,One
DATAFLOW,OECD.ELS.HD:DSD_SHA@DF_SHA(1.1),Health expenditure and financing,I,TUR,Türkiye,A,Annual,EXP_HEALTH,Expenditure,USD_PPP_PS,"US dollars per person, PPP converted",_T,Total,_Z,Not application,_T,Total,_T,Total,_T,Total,_Z,Not applicable,_Z,Not applicable,V,Current prices,2008,,807.052,,,,,,,,,,,,0,Units,1,One
DATAFLOW,OECD.ELS.HD:DSD_SHA@DF_SHA(1.1),Health expenditure and financing,I,NZL,New Zealand,A,Annual,EXP_HEALTH,Expenditure,USD_PPP_PS,"US dollars per person, PPP converted",_T,Total,_Z,Not application,_T,Total,_T,Total,_T,Total,_Z,Not applicable,_Z,Not applicable,V,Current prices,2014,,3334.7,,,,,,,,,,,,0,Units,1,One
DATAFLOW,OECD.ELS.HD:DSD_SHA@DF_SHA(1.1),Health expenditure and financing,I,NZL,New Zealand,A,Annual,EXP_HEALTH,Expenditure,USD_PPP_PS,"US dollars per person, PPP converted",_T,Total,_Z,Not application,_T,Total,_T,Total,_T,Total,_Z,Not applicable,_Z,Not applicable,V,Current prices,2013,,3237.704,,,,,,,,,,,,0,Units,1,One
DATAFLOW,OECD.ELS.HD:DSD_SHA@DF_SHA(1.1),Health expenditure and financing,I,NZL,New Zealand,A,Annual,EXP_HEALTH,Expenditure,USD_PPP_PS,"US dollars per person, PPP converted",_T,Total,_Z,Not application,_T,Total,_T,Total,_T,Total,_Z,Not applicable,_Z,Not applicable,V,Current prices,2012,,3095.458,,,,,,,,,,,,0,Units,1,One
DATAFLOW,OECD.ELS.HD:DSD_SHA@DF_SHA(1.1),Health expenditure and financing,I,NZL,New Zealand,A,Annual,EXP_HEALTH,Expenditure,USD_PPP_PS,"US dollars per person, PPP converted",_T,Total,_Z,Not application,_T,Total,_T,Total,_T,Total,_Z,Not applicable,_Z,Not applicable,V,Current prices,2011,,3000.08,,,,,,,,,,,,0,Units,1,One
DATAFLOW,OECD.ELS.HD:DSD_SHA@DF_SHA(1.1),Health expenditure and financing,I,NZL,New Zealand,A,Annual,EXP_HEALTH,Expenditure,USD_PPP_PS,"US dollars per person, PPP converted",_T,Total,_Z,Not application,_T,Total,_T,Total,_T,Total,_Z,Not applicable,_Z,Not applicable,V,Current prices,2010,,2890.593,,,,,,,,,,,,0,Units,1,One
DATAFLOW,OECD.ELS.HD:DSD_SHA@DF_SHA(1.1),Health expenditure and financing,I,NZL,New Zealand,A,Annual,EXP_HEALTH,Expenditure,USD_PPP_PS,"US dollars per person, PPP converted",_T,Total,_Z,Not application,_T,Total,_T,Total,_T,Total,_Z,Not applicable,_Z,Not applicable,V,Current prices,2009,,2804.479,,,,,,,,,,,,0,Units,1,One
DATAFLOW,OECD.ELS.HD:DSD_SHA@DF_SHA(1.1),Health expenditure and financing,I,NZL,New Zealand,A,Annual,EXP_HEALTH,Expenditure,USD_PPP_PS,"US dollars per person, PPP converted",_T,Total,_Z,Not application,_T,Total,_T,Total,_T,Total,_Z,Not applicable,_Z,Not applicable,V,Current prices,2008,,2689.369,,,,,,,,,,,,0,Units,1,One
DATAFLOW,OECD.ELS.HD:DSD_SHA@DF_SHA(1.1),Health expenditure and financing,I,NOR,Norway,A,Annual,EXP_HEALTH,Expenditure,USD_PPP_PS,"US dollars per person, PPP converted",_T,Total,_Z,Not application,_T,Total,_T,Total,_T,Total,_Z,Not applicable,_Z,Not applicable,V,Current prices,2021,,7889.755,,,,,,,,,,,,0,Units,1,One
DATAFLOW,OECD.ELS.HD:DSD_SHA@DF_SHA(1.1),Health expenditure and financing,I,NOR,Norway,A,Annual,EXP_HEALTH,Expenditure,USD_PPP_PS,"US dollars per person, PPP converted",_T,Total,_Z,Not application,_T,Total,_T,Total,_T,Total,_Z,Not applicable,_Z,Not applicable,V,Current prices,2020,,7220.869,,,,,,,,,,,,0,Units,1,One
DATAFLOW,OECD.ELS.HD:DSD_SHA@DF_SHA(1.1),Health expenditure and financing,I,NOR,Norway,A,Annual,EXP_HEALTH,Expenditure,USD_PPP_PS,"US dollars per person, PPP converted",_T,Total,_Z,Not application,_T,Total,_T,Total,_T,Total,_Z,Not applicable,_Z,Not applicable,V,Current prices,2019,,6907.682,,,,,,,,,,,,0,Units,1,One
DATAFLOW,OECD.ELS.HD:DSD_SHA@DF_SHA(1.1),Health expenditure and financing,I,NOR,Norway,A,Annual,EXP_HEALTH,Expenditure,USD_PPP_PS,"US dollars per person, PPP converted",_T,Total,_Z,Not application,_T,Total,_T,Total,_T,Total,_Z,Not applicable,_Z,Not applicable,V,Current prices,2025,,9204.065,,,,,,E,Estimated value,,,,,0,Units,1,One
DATAFLOW,OECD.ELS.HD:DSD_SHA@DF_SHA(1.1),Health expenditure and financing,I,NOR,Norway,A,Annual,EXP_HEALTH,Expenditure,USD_PPP_PS,"US dollars per person, PPP converted",_T,Total,_Z,Not application,_T,Total,_T,Total,_T,Total,_Z,Not applicable,_Z,Not applicable,V,Current prices,2024,,9243.464,,,,,,E,Estimated value,,,,,0,Units,1,One
DATAFLOW,OECD.ELS.HD:DSD_SHA@DF_SHA(1.1),Health expenditure and financing,I,SRB,Serbia,A,Annual,EXP_HEALTH,Expenditure,USD_PPP_PS,"US dollars per person, PPP converted",_T,Total,_Z,Not application,_T,Total,_T,Total,_T,Total,_Z,Not applicable,_Z,Not applicable,V,Current prices,2024,,2517.457,,,,,,P,Provisional value,,,,,0,Units,1,One
DATAFLOW,OECD.ELS.HD:DSD_SHA@DF_SHA(1.1),Health expenditure and financing,I,NOR,Norway,A,Annual,EXP_HEALTH,Expenditure,USD_PPP_PS,"US dollars per person, PPP converted",_T,Total,_Z,Not application,_T,Total,_T,Total,_T,Total,_Z,Not applicable,_Z,Not applicable,V,Current prices,2023,,9063.33,,,,,,E,Estimated value,,,,,0,Units,1,One
DATAFLOW,OECD.ELS.HD:DSD_SHA@DF_SHA(1.1),Health expenditure and financing,I,NOR,Norway,A,Annual,EXP_HEALTH,Expenditure,USD_PPP_PS,"US dollars per person, PPP converted",_T,Total,_Z,Not application,_T,Total,_T,Total,_T,Total,_Z,Not applicable,_Z,Not applicable,V,Current prices,2001,,2938.832,,,,,,B,Time series break,,,,,0,Units,1,One
DATAFLOW,OECD.ELS.HD:DSD_SHA@DF_SHA(1.1),Health expenditure and financing,I,NOR,Norway,A,Annual,EXP_HEALTH,Expenditure,USD_PPP_PS,"US dollars per person, PPP converted",_T,Total,_Z,Not application,_T,Total,_T,Total,_T,Total,_Z,Not applicable,_Z,Not applicable,V,Current prices,2022,,8641.832,,,,,,,,,,,,0,Units,1,One
DATAFLOW,OECD.ELS.HD:DSD_SHA@DF_SHA(1.1),Health expenditure and financing,I,NOR,Norway,A,Annual,EXP_HEALTH,Expenditure,USD_PPP_PS,"US dollars per person, PPP converted",_T,Total,_Z,Not application,_T,Total,_T,Total,_T,Total,_Z,Not applicable,_Z,Not applicable,V,Current prices,2018,,6495.078,,,,,,,,,,,,0,Units,1,One
DATAFLOW,OECD.ELS.HD:DSD_SHA@DF_SHA(1.1),Health expenditure and financing,I,NOR,Norway,A,Annual,EXP_HEALTH,Expenditure,USD_PPP_PS,"US dollars per person, PPP converted",_T,Total,_Z,Not application,_T,Total,_T,Total,_T,Total,_Z,Not applicable,_Z,Not applicable,V,Current prices,2017,,6234.379,,,,,,,,,,,,0,Units,1,One
DATAFLOW,OECD.ELS.HD:DSD_SHA@DF_SHA(1.1),Health expenditure and financing,I,NOR,Norway,A,Annual,EXP_HEALTH,Expenditure,USD_PPP_PS,"US dollars per person, PPP converted",_T,Total,_Z,Not application,_T,Total,_T,Total,_T,Total,_Z,Not applicable,_Z,Not applicable,V,Current prices,2016,,5902.381,,,,,,,,,,,,0,Units,1,One
DATAFLOW,OECD.ELS.HD:DSD_SHA@DF_SHA(1.1),Health expenditure and financing,I,NOR,Norway,A,Annual,EXP_HEALTH,Expenditure,USD_PPP_PS,"US dollars per person, PPP converted",_T,Total,_Z,Not application,_T,Total,_T,Total,_T,Total,_Z,Not applicable,_Z,Not applicable,V,Current prices,2015,,5725.456,,,,,,,,,,,,0,Units,1,One
DATAFLOW,OECD.ELS.HD:DSD_SHA@DF_SHA(1.1),Health expenditure and financing,I,NOR,Norway,A,Annual,EXP_HEALTH,Expenditure,USD_PPP_PS,"US dollars per person, PPP converted",_T,Total,_Z,Not application,_T,Total,_T,Total,_T,Total,_Z,Not applicable,_Z,Not applicable,V,Current prices,2014,,5707.159,,,,,,,,,,,,0,Units,1,One
DATAFLOW,OECD.ELS.HD:DSD_SHA@DF_SHA(1.1),Health expenditure and financing,I,USA,United States,A,Annual,EXP_HEALTH,Expenditure,USD_PPP_PS,"US dollars per person, PPP converted",_T,Total,_Z,Not application,_T,Total,_T,Total,_T,Total,_Z,Not applicable,_Z,Not applicable,V,Current prices,2013,,8512.133,,,,,,,,,,,,0,Units,1,One
DATAFLOW,OECD.ELS.HD:DSD_SHA@DF_SHA(1.1),Health expenditure and financing,I,MNE,Montenegro,A,Annual,EXP_HEALTH,Expenditure,USD_PPP_PS,"US dollars per person, PPP converted",_T,Total,_Z,Not application,_T,Total,_T,Total,_T,Total,_Z,Not applicable,_Z,Not applicable,V,Current prices,2020,,2220.799,,,,,,,,,,,,0,Units,1,One
DATAFLOW,OECD.ELS.HD:DSD_SHA@DF_SHA(1.1),Health expenditure and financing,I,MNE,Montenegro,A,Annual,EXP_HEALTH,Expenditure,USD_PPP_PS,"US dollars per person, PPP converted",_T,Total,_Z,Not application,_T,Total,_T,Total,_T,Total,_Z,Not applicable,_Z,Not applicable,V,Current prices,2019,,1930.107,,,,,,,,,,,,0,Units,1,One
DATAFLOW,OECD.ELS.HD:DSD_SHA@DF_SHA(1.1),Health expenditure and financing,I,MKD,North Macedonia,A,Annual,EXP_HEALTH,Expenditure,USD_PPP_PS,"US dollars per person, PPP converted",_T,Total,_Z,Not application,_T,Total,_T,Total,_T,Total,_Z,Not applicable,_Z,Not applicable,V,Current prices,2023,,1885.715,,,,,,,,,,,,0,Units,1,One
DATAFLOW,OECD.ELS.HD:DSD_SHA@DF_SHA(1.1),Health expenditure and financing,I,MKD,North Macedonia,A,Annual,EXP_HEALTH,Expenditure,USD_PPP_PS,"US dollars per person, PPP converted",_T,Total,_Z,Not application,_T,Total,_T,Total,_T,Total,_Z,Not applicable,_Z,Not applicable,V,Current prices,2022,,1701.157,,,,,,,,,,,,0,Units,1,One
DATAFLOW,OECD.ELS.HD:DSD_SHA@DF_SHA(1.1),Health expenditure and financing,I,MNE,Montenegro,A,Annual,EXP_HEALTH,Expenditure,USD_PPP_PS,"US dollars per person, PPP converted",_T,Total,_Z,Not application,_T,Total,_T,Total,_T,Total,_Z,Not applicable,_Z,Not applicable,V,Current prices,2018,,1720.252,,,,,,,,,,,,0,Units,1,One
DATAFLOW,OECD.ELS.HD:DSD_SHA@DF_SHA(1.1),Health expenditure and financing,I,PER,Peru,A,Annual,EXP_HEALTH,Expenditure,USD_PPP_PS,"US dollars per person, PPP converted",_T,Total,_Z,Not application,_T,Total,_T,Total,_T,Total,_Z,Not applicable,_Z,Not applicable,V,Current prices,2014,,602.092,,,,,,,,,,,,0,Units,1,One
DATAFLOW,OECD.ELS.HD:DSD_SHA@DF_SHA(1.1),Health expenditure and financing,I,UKR,Ukraine,A,Annual,EXP_HEALTH,Expenditure,USD_PPP_PS,"US dollars per person, PPP converted",_T,Total,_Z,Not application,_T,Total,_T,Total,_T,Total,_Z,Not applicable,_Z,Not applicable,V,Current prices,2020,,1161.109,,,,,,,,,,,,0,Units,1,One
DATAFLOW,OECD.ELS.HD:DSD_SHA@DF_SHA(1.1),Health expenditure and financing,I,IDN,Indonesia,A,Annual,EXP_HEALTH,Expenditure,USD_PPP_PS,"US dollars per person, PPP converted",_T,Total,_Z,Not application,_T,Total,_T,Total,_T,Total,_Z,Not applicable,_Z,Not applicable,V,Current prices,2024,,439.307,,,,,,,,,,,,0,Units,1,One
DATAFLOW,OECD.ELS.HD:DSD_SHA@DF_SHA(1.1),Health expenditure and financing,I,IDN,Indonesia,A,Annual,EXP_HEALTH,Expenditure,USD_PPP_PS,"US dollars per person, PPP converted",_T,Total,_Z,Not application,_T,Total,_T,Total,_T,Total,_Z,Not applicable,_Z,Not applicable,V,Current prices,2023,,416.509,,,,,,,,,,,,0,Units,1,One
DATAFLOW,OECD.ELS.HD:DSD_SHA@DF_SHA(1.1),Health expenditure and financing,I,IDN,Indonesia,A,Annual,EXP_HEALTH,Expenditure,USD_PPP_PS,"US dollars per person, PPP converted",_T,Total,_Z,Not application,_T,Total,_T,Total,_T,Total,_Z,Not applicable,_Z,Not applicable,V,Current prices,2022,,385.633,,,,,,,,,,,,0,Units,1,One
DATAFLOW,OECD.ELS.HD:DSD_SHA@DF_SHA(1.1),Health expenditure and financing,I,IDN,Indonesia,A,Annual,EXP_HEALTH,Expenditure,USD_PPP_PS,"US dollars per person, PPP converted",_T,Total,_Z,Not application,_T,Total,_T,Total,_T,Total,_Z,Not applicable,_Z,Not applicable,V,Current prices,2021,,475.542,,,,,,,,,,,,0,Units,1,One
DATAFLOW,OECD.ELS.HD:DSD_SHA@DF_SHA(1.1),Health expenditure and financing,I,IDN,Indonesia,A,Annual,EXP_HEALTH,Expenditure,USD_PPP_PS,"US dollars per person, PPP converted",_T,Total,_Z,Not application,_T,Total,_T,Total,_T,Total,_Z,Not applicable,_Z,Not applicable,V,Current prices,2020,,401.751,,,,,,,,,,,,0,Units,1,One
DATAFLOW,OECD.ELS.HD:DSD_SHA@DF_SHA(1.1),Health expenditure and financing,I,IDN,Indonesia,A,Annual,EXP_HEALTH,Expenditure,USD_PPP_PS,"US dollars per person, PPP converted",_T,Total,_Z,Not application,_T,Total,_T,Total,_T,Total,_Z,Not applicable,_Z,Not applicable,V,Current prices,2019,,339.788,,,,,,,,,,,,0,Units,1,One
DATAFLOW,OECD.ELS.HD:DSD_SHA@DF_SHA(1.1),Health expenditure and financing,I,IDN,Indonesia,A,Annual,EXP_HEALTH,Expenditure,USD_PPP_PS,"US dollars per person, PPP converted",_T,Total,_Z,Not application,_T,Total,_T,Total,_T,Total,_Z,Not applicable,_Z,Not applicable,V,Current prices,2018,,320.971,,,,,,,,,,,,0,Units,1,One
DATAFLOW,OECD.ELS.HD:DSD_SHA@DF_SHA(1.1),Health expenditure and financing,I,IDN,Indonesia,A,Annual,EXP_HEALTH,Expenditure,USD_PPP_PS,"US dollars per person, PPP converted",_T,Total,_Z,Not application,_T,Total,_T,Total,_T,Total,_Z,Not applicable,_Z,Not applicable,V,Current prices,2017,,306.746,,,,,,,,,,,,0,Units,1,One
DATAFLOW,OECD.ELS.HD:DSD_SHA@DF_SHA(1.1),Health expenditure and financing,I,IDN,Indonesia,A,Annual,EXP_HEALTH,Expenditure,USD_PPP_PS,"US dollars per person, PPP converted",_T,Total,_Z,Not application,_T,Total,_T,Total,_T,Total,_Z,Not applicable,_Z,Not applicable,V,Current prices,2016,,316.748,,,,,,,,,,,,0,Units,1,One
DATAFLOW,OECD.ELS.HD:DSD_SHA@DF_SHA(1.1),Health expenditure and financing,I,IDN,Indonesia,A,Annual,EXP_HEALTH,Expenditure,USD_PPP_PS,"US dollars per person, PPP converted",_T,Total,_Z,Not application,_T,Total,_T,Total,_T,Total,_Z,Not applicable,_Z,Not applicable,V,Current prices,2015,,299.865,,,,,,,,,,,,0,Units,1,One
DATAFLOW,OECD.ELS.HD:DSD_SHA@DF_SHA(1.1),Health expenditure and financing,I,IDN,Indonesia,A,Annual,EXP_HEALTH,Expenditure,USD_PPP_PS,"US dollars per person, PPP converted",_T,Total,_Z,Not application,_T,Total,_T,Total,_T,Total,_Z,Not applicable,_Z,Not applicable,V,Current prices,2014,,304.352,,,,,,,,,,,,0,Units,1,One
DATAFLOW,OECD.ELS.HD:DSD_SHA@DF_SHA(1.1),Health expenditure and financing,I,IDN,Indonesia,A,Annual,EXP_HEALTH,Expenditure,USD_PPP_PS,"US dollars per person, PPP converted",_T,Total,_Z,Not application,_T,Total,_T,Total,_T,Total,_Z,Not applicable,_Z,Not applicable,V,Current prices,2013,,286.337,,,,,,,,,,,,0,Units,1,One
DATAFLOW,OECD.ELS.HD:DSD_SHA@DF_SHA(1.1),Health expenditure and financing,I,IDN,Indonesia,A,Annual,EXP_HEALTH,Expenditure,USD_PPP_PS,"US dollars per person, PPP converted",_T,Total,_Z,Not application,_T,Total,_T,Total,_T,Total,_Z,Not applicable,_Z,Not applicable,V,Current prices,2012,,283.269,,,,,,,,,,,,0,Units,1,One
DATAFLOW,OECD.ELS.HD:DSD_SHA@DF_SHA(1.1),Health expenditure and financing,I,IDN,Indonesia,A,Annual,EXP_HEALTH,Expenditure,USD_PPP_PS,"US dollars per person, PPP converted",_T,Total,_Z,Not application,_T,Total,_T,Total,_T,Total,_Z,Not applicable,_Z,Not applicable,V,Current prices,2011,,268.19,,,,,,,,,,,,0,Units,1,One
DATAFLOW,OECD.ELS.HD:DSD_SHA@DF_SHA(1.1),Health expenditure and financing,I,MLT,Malta,A,Annual,EXP_HEALTH,Expenditure,USD_PPP_PS,"US dollars per person, PPP converted",_T,Total,_Z,Not application,_T,Total,_T,Total,_T,Total,_Z,Not applicable,_Z,Not applicable,V,Current prices,2020,,4354.744,,,,,,,,,,,,0,Units,1,One
DATAFLOW,OECD.ELS.HD:DSD_SHA@DF_SHA(1.1),Health expenditure and financing,I,MLT,Malta,A,Annual,EXP_HEALTH,Expenditure,USD_PPP_PS,"US dollars per person, PPP converted",_T,Total,_Z,Not application,_T,Total,_T,Total,_T,Total,_Z,Not applicable,_Z,Not applicable,V,Current prices,2021,,4838.908,,,,,,,,,,,,0,Units,1,One
DATAFLOW,OECD.ELS.HD:DSD_SHA@DF_SHA(1.1),Health expenditure and financing,I,MLT,Malta,A,Annual,EXP_HEALTH,Expenditure,USD_PPP_PS,"US dollars per person, PPP converted",_T,Total,_Z,Not application,_T,Total,_T,Total,_T,Total,_Z,Not applicable,_Z,Not applicable,V,Current prices,2022,,5137.838,,,,,,,,,,,,0,Units,1,One
DATAFLOW,OECD.ELS.HD:DSD_SHA@DF_SHA(1.1),Health expenditure and financing,I,MLT,Malta,A,Annual,EXP_HEALTH,Expenditure,USD_PPP_PS,"US dollars per person, PPP converted",_T,Total,_Z,Not application,_T,Total,_T,Total,_T,Total,_Z,Not applicable,_Z,Not applicable,V,Current prices,2019,,4179.312,,,,,,,,,,,,0,Units,1,One
DATAFLOW,OECD.ELS.HD:DSD_SHA@DF_SHA(1.1),Health expenditure and financing,I,MLT,Malta,A,Annual,EXP_HEALTH,Expenditure,USD_PPP_PS,"US dollars per person, PPP converted",_T,Total,_Z,Not application,_T,Total,_T,Total,_T,Total,_Z,Not applicable,_Z,Not applicable,V,Current prices,2017,,3434.675,,,,,,,,,,,,0,Units,1,One
DATAFLOW,OECD.ELS.HD:DSD_SHA@DF_SHA(1.1),Health expenditure and financing,I,MLT,Malta,A,Annual,EXP_HEALTH,Expenditure,USD_PPP_PS,"US dollars per person, PPP converted",_T,Total,_Z,Not application,_T,Total,_T,Total,_T,Total,_Z,Not applicable,_Z,Not applicable,V,Current prices,2023,,5604.669,,,,,,,,,,,,0,Units,1,One
DATAFLOW,OECD.ELS.HD:DSD_SHA@DF_SHA(1.1),Health expenditure and financing,I,MLT,Malta,A,Annual,EXP_HEALTH,Expenditure,USD_PPP_PS,"US dollars per person, PPP converted",_T,Total,_Z,Not application,_T,Total,_T,Total,_T,Total,_Z,Not applicable,_Z,Not applicable,V,Current prices,2016,,3231.981,,,,,,,,,,,,0,Units,1,One
DATAFLOW,OECD.ELS.HD:DSD_SHA@DF_SHA(1.1),Health expenditure and financing,I,MDA,Moldova,A,Annual,EXP_HEALTH,Expenditure,USD_PPP_PS,"US dollars per person, PPP converted",_T,Total,_Z,Not application,_T,Total,_T,Total,_T,Total,_Z,Not applicable,_Z,Not applicable,V,Current prices,2021,,1288.115,,,,,,,,,,,,0,Units,1,One
DATAFLOW,OECD.ELS.HD:DSD_SHA@DF_SHA(1.1),Health expenditure and financing,I,MDA,Moldova,A,Annual,EXP_HEALTH,Expenditure,USD_PPP_PS,"US dollars per person, PPP converted",_T,Total,_Z,Not application,_T,Total,_T,Total,_T,Total,_Z,Not applicable,_Z,Not applicable,V,Current prices,2020,,976.292,,,,,,,,,,,,0,Units,1,One
DATAFLOW,OECD.ELS.HD:DSD_SHA@DF_SHA(1.1),Health expenditure and financing,I,MDA,Moldova,A,Annual,EXP_HEALTH,Expenditure,USD_PPP_PS,"US dollars per person, PPP converted",_T,Total,_Z,Not application,_T,Total,_T,Total,_T,Total,_Z,Not applicable,_Z,Not applicable,V,Current prices,2019,,903.025,,,,,,,,,,,,0,Units,1,One
DATAFLOW,OECD.ELS.HD:DSD_SHA@DF_SHA(1.1),Health expenditure and financing,I,MDA,Moldova,A,Annual,EXP_HEALTH,Expenditure,USD_PPP_PS,"US dollars per person, PPP converted",_T,Total,_Z,Not application,_T,Total,_T,Total,_T,Total,_Z,Not applicable,_Z,Not applicable,V,Current prices,2018,,832.648,,,,,,,,,,,,0,Units,1,One
DATAFLOW,OECD.ELS.HD:DSD_SHA@DF_SHA(1.1),Health expenditure and financing,I,MDA,Moldova,A,Annual,EXP_HEALTH,Expenditure,USD_PPP_PS,"US dollars per person, PPP converted",_T,Total,_Z,Not application,_T,Total,_T,Total,_T,Total,_Z,Not applicable,_Z,Not applicable,V,Current prices,2017,,832.848,,,,,,,,,,,,0,Units,1,One
DATAFLOW,OECD.ELS.HD:DSD_SHA@DF_SHA(1.1),Health expenditure and financing,I,MDA,Moldova,A,Annual,EXP_HEALTH,Expenditure,USD_PPP_PS,"US dollars per person, PPP converted",_T,Total,_Z,Not application,_T,Total,_T,Total,_T,Total,_Z,Not applicable,_Z,Not applicable,V,Current prices,2016,,850.102,,,,,,,,,,,,0,Units,1,One
DATAFLOW,OECD.ELS.HD:DSD_SHA@DF_SHA(1.1),Health expenditure and financing,I,MDA,Moldova,A,Annual,EXP_HEALTH,Expenditure,USD_PPP_PS,"US dollars per person, PPP converted",_T,Total,_Z,Not application,_T,Total,_T,Total,_T,Total,_Z,Not applicable,_Z,Not applicable,V,Current prices,2015,,751.304,,,,,,,,,,,,0,Units,1,One
DATAFLOW,OECD.ELS.HD:DSD_SHA@DF_SHA(1.1),Health expenditure and financing,I,MDA,Moldova,A,Annual,EXP_HEALTH,Expenditure,USD_PPP_PS,"US dollars per person, PPP converted",_T,Total,_Z,Not application,_T,Total,_T,Total,_T,Total,_Z,Not applicable,_Z,Not applicable,V,Current prices,2014,,638.612,,,,,,,,,,,,0,Units,1,One
DATAFLOW,OECD.ELS.HD:DSD_SHA@DF_SHA(1.1),Health expenditure and financing,I,MDA,Moldova,A,Annual,EXP_HEALTH,Expenditure,USD_PPP_PS,"US dollars per person, PPP converted",_T,Total,_Z,Not application,_T,Total,_T,Total,_T,Total,_Z,Not applicable,_Z,Not applicable,V,Current prices,2013,,589.794,,,,,,,,,,,,0,Units,1,One
DATAFLOW,OECD.ELS.HD:DSD_SHA@DF_SHA(1.1),Health expenditure and financing,I,MDA,Moldova,A,Annual,EXP_HEALTH,Expenditure,USD_PPP_PS,"US dollars per person, PPP converted",_T,Total,_Z,Not application,_T,Total,_T,Total,_T,Total,_Z,Not applicable,_Z,Not applicable,V,Current prices,2012,,555.367,,,,,,,,,,,,0,Units,1,One
DATAFLOW,OECD.ELS.HD:DSD_SHA@DF_SHA(1.1),Health expenditure and financing,I,MDA,Moldova,A,Annual,EXP_HEALTH,Expenditure,USD_PPP_PS,"US dollars per person, PPP converted",_T,Total,_Z,Not application,_T,Total,_T,Total,_T,Total,_Z,Not applicable,_Z,Not applicable,V,Current prices,2011,,524.576,,,,,,,,,,,,0,Units,1,One
DATAFLOW,OECD.ELS.HD:DSD_SHA@DF_SHA(1.1),Health expenditure and financing,I,MDA,Moldova,A,Annual,EXP_HEALTH,Expenditure,USD_PPP_PS,"US dollars per person, PPP converted",_T,Total,_Z,Not application,_T,Total,_T,Total,_T,Total,_Z,Not applicable,_Z,Not applicable,V,Current prices,2024,,1443.441,,,,,,,,,,,,0,Units,1,One
DATAFLOW,OECD.ELS.HD:DSD_SHA@DF_SHA(1.1),Health expenditure and financing,I,MDA,Moldova,A,Annual,EXP_HEALTH,Expenditure,USD_PPP_PS,"US dollars per person, PPP converted",_T,Total,_Z,Not application,_T,Total,_T,Total,_T,Total,_Z,Not applicable,_Z,Not applicable,V,Current prices,2023,,1267.081,,,,,,,,,,,,0,Units,1,One
DATAFLOW,OECD.ELS.HD:DSD_SHA@DF_SHA(1.1),Health expenditure and financing,I,MNE,Montenegro,A,Annual,EXP_HEALTH,Expenditure,USD_PPP_PS,"US dollars per person, PPP converted",_T,Total,_Z,Not application,_T,Total,_T,Total,_T,Total,_Z,Not applicable,_Z,Not applicable,V,Current prices,2017,,1516.019,,,,,,,,,,,,0,Units,1,One
DATAFLOW,OECD.ELS.HD:DSD_SHA@DF_SHA(1.1),Health expenditure and financing,I,PER,Peru,A,Annual,EXP_HEALTH,Expenditure,USD_PPP_PS,"US dollars per person, PPP converted",_T,Total,_Z,Not application,_T,Total,_T,Total,_T,Total,_Z,Not applicable,_Z,Not applicable,V,Current prices,2017,,617.645,,,,,,,,,,,,0,Units,1,One
DATAFLOW,OECD.ELS.HD:DSD_SHA@DF_SHA(1.1),Health expenditure and financing,I,PER,Peru,A,Annual,EXP_HEALTH,Expenditure,USD_PPP_PS,"US dollars per person, PPP converted",_T,Total,_Z,Not application,_T,Total,_T,Total,_T,Total,_Z,Not applicable,_Z,Not applicable,V,Current prices,2016,,622.484,,,,,,,,,,,,0,Units,1,One
DATAFLOW,OECD.ELS.HD:DSD_SHA@DF_SHA(1.1),Health expenditure and financing,I,PER,Peru,A,Annual,EXP_HEALTH,Expenditure,USD_PPP_PS,"US dollars per person, PPP converted",_T,Total,_Z,Not application,_T,Total,_T,Total,_T,Total,_Z,Not applicable,_Z,Not applicable,V,Current prices,2015,,605.277,,,,,,,,,,,,0,Units,1,One
DATAFLOW,OECD.ELS.HD:DSD_SHA@DF_SHA(1.1),Health expenditure and financing,I,ROU,Romania,A,Annual,EXP_HEALTH,Expenditure,USD_PPP_PS,"US dollars per person, PPP converted",_T,Total,_Z,Not application,_T,Total,_T,Total,_T,Total,_Z,Not applicable,_Z,Not applicable,V,Current prices,2024,,3066.539,,,,,,,,,,,,0,Units,1,One
DATAFLOW,OECD.ELS.HD:DSD_SHA@DF_SHA(1.1),Health expenditure and financing,I,ROU,Romania,A,Annual,EXP_HEALTH,Expenditure,USD_PPP_PS,"US dollars per person, PPP converted",_T,Total,_Z,Not application,_T,Total,_T,Total,_T,Total,_Z,Not applicable,_Z,Not applicable,V,Current prices,2023,,2711.138,,,,,,,,,,,,0,Units,1,One
DATAFLOW,OECD.ELS.HD:DSD_SHA@DF_SHA(1.1),Health expenditure and financing,I,MNE,Montenegro,A,Annual,EXP_HEALTH,Expenditure,USD_PPP_PS,"US dollars per person, PPP converted",_T,Total,_Z,Not application,_T,Total,_T,Total,_T,Total,_Z,Not applicable,_Z,Not applicable,V,Current prices,2011,,1099.182,,,,,,,,,,,,0,Units,1,One
DATAFLOW,OECD.ELS.HD:DSD_SHA@DF_SHA(1.1),Health expenditure and financing,I,MNE,Montenegro,A,Annual,EXP_HEALTH,Expenditure,USD_PPP_PS,"US dollars per person, PPP converted",_T,Total,_Z,Not application,_T,Total,_T,Total,_T,Total,_Z,Not applicable,_Z,Not applicable,V,Current prices,2024,,3219.332,,,,,,,,,,,,0,Units,1,One
DATAFLOW,OECD.ELS.HD:DSD_SHA@DF_SHA(1.1),Health expenditure and financing,I,MNE,Montenegro,A,Annual,EXP_HEALTH,Expenditure,USD_PPP_PS,"US dollars per person, PPP converted",_T,Total,_Z,Not application,_T,Total,_T,Total,_T,Total,_Z,Not applicable,_Z,Not applicable,V,Current prices,2023,,2842.068,,,,,,,,,,,,0,Units,1,One
DATAFLOW,OECD.ELS.HD:DSD_SHA@DF_SHA(1.1),Health expenditure and financing,I,MNE,Montenegro,A,Annual,EXP_HEALTH,Expenditure,USD_PPP_PS,"US dollars per person, PPP converted",_T,Total,_Z,Not application,_T,Total,_T,Total,_T,Total,_Z,Not applicable,_Z,Not applicable,V,Current prices,2022,,2761.563,,,,,,,,,,,,0,Units,1,One
DATAFLOW,OECD.ELS.HD:DSD_SHA@DF_SHA(1.1),Health expenditure and financing,I,MNE,Montenegro,A,Annual,EXP_HEALTH,Expenditure,USD_PPP_PS,"US dollars per person, PPP converted",_T,Total,_Z,Not application,_T,Total,_T,Total,_T,Total,_Z,Not applicable,_Z,Not applicable,V,Current prices,2021,,2494.319,,,,,,,,,,,,0,Units,1,One
DATAFLOW,OECD.ELS.HD:DSD_SHA@DF_SHA(1.1),Health expenditure and financing,I,SRB,Serbia,A,Annual,EXP_HEALTH,Expenditure,USD_PPP_PS,"US dollars per person, PPP converted",_T,Total,_Z,Not application,_T,Total,_T,Total,_T,Total,_Z,Not applicable,_Z,Not applicable,V,Current prices,2021,,2038.708,,,,,,B,Time series break,,,,,0,Units,1,One
DATAFLOW,OECD.ELS.HD:DSD_SHA@DF_SHA(1.1),Health expenditure and financing,I,SRB,Serbia,A,Annual,EXP_HEALTH,Expenditure,USD_PPP_PS,"US dollars per person, PPP converted",_T,Total,_Z,Not application,_T,Total,_T,Total,_T,Total,_Z,Not applicable,_Z,Not applicable,V,Current prices,2023,,2389.872,,,,,,,,,,,,0,Units,1,One
DATAFLOW,OECD.ELS.HD:DSD_SHA@DF_SHA(1.1),Health expenditure and financing,I,SRB,Serbia,A,Annual,EXP_HEALTH,Expenditure,USD_PPP_PS,"US dollars per person, PPP converted",_T,Total,_Z,Not application,_T,Total,_T,Total,_T,Total,_Z,Not applicable,_Z,Not applicable,V,Current prices,2022,,2117.659,,,,,,,,,,,,0,Units,1,One
DATAFLOW,OECD.ELS.HD:DSD_SHA@DF_SHA(1.1),Health expenditure and financing,I,BGR,Bulgaria,A,Annual,EXP_HEALTH,Expenditure,USD_PPP_PS,"US dollars per person, PPP converted",_T,Total,_Z,Not application,_T,Total,_T,Total,_T,Total,_Z,Not applicable,_Z,Not applicable,V,Current prices,2022,,2803.324,,,,,,,,,,,,0,Units,1,One
DATAFLOW,OECD.ELS.HD:DSD_SHA@DF_SHA(1.1),Health expenditure and financing,I,SVN,Slovenia,A,Annual,EXP_HEALTH,Expenditure,USD_PPP_PS,"US dollars per person, PPP converted",_T,Total,_Z,Not application,_T,Total,_T,Total,_T,Total,_Z,Not applicable,_Z,Not applicable,V,Current prices,2016,,2738.221,,,,,,,,,,,,0,Units,1,One
DATAFLOW,OECD.ELS.HD:DSD_SHA@DF_SHA(1.1),Health expenditure and financing,I,SVN,Slovenia,A,Annual,EXP_HEALTH,Expenditure,USD_PPP_PS,"US dollars per person, PPP converted",_T,Total,_Z,Not application,_T,Total,_T,Total,_T,Total,_Z,Not applicable,_Z,Not applicable,V,Current prices,2024,,5380.669,,,,,,,,,,,,0,Units,1,One
DATAFLOW,OECD.ELS.HD:DSD_SHA@DF_SHA(1.1),Health expenditure and financing,I,SVN,Slovenia,A,Annual,EXP_HEALTH,Expenditure,USD_PPP_PS,"US dollars per person, PPP converted",_T,Total,_Z,Not application,_T,Total,_T,Total,_T,Total,_Z,Not applicable,_Z,Not applicable,V,Current prices,2008,,2297.536,,,,,,,,,,,,0,Units,1,One
DATAFLOW,OECD.ELS.HD:DSD_SHA@DF_SHA(1.1),Health expenditure and financing,I,SVN,Slovenia,A,Annual,EXP_HEALTH,Expenditure,USD_PPP_PS,"US dollars per person, PPP converted",_T,Total,_Z,Not application,_T,Total,_T,Total,_T,Total,_Z,Not applicable,_Z,Not applicable,V,Current prices,2005,,1900.012,,,,,,,,,,,,0,Units,1,One
DATAFLOW,OECD.ELS.HD:DSD_SHA@DF_SHA(1.1),Health expenditure and financing,I,SVN,Slovenia,A,Annual,EXP_HEALTH,Expenditure,USD_PPP_PS,"US dollars per person, PPP converted",_T,Total,_Z,Not application,_T,Total,_T,Total,_T,Total,_Z,Not applicable,_Z,Not applicable,V,Current prices,2006,,1985.665,,,,,,,,,,,,0,Units,1,One
DATAFLOW,OECD.ELS.HD:DSD_SHA@DF_SHA(1.1),Health expenditure and financing,I,SVN,Slovenia,A,Annual,EXP_HEALTH,Expenditure,USD_PPP_PS,"US dollars per person, PPP converted",_T,Total,_Z,Not application,_T,Total,_T,Total,_T,Total,_Z,Not applicable,_Z,Not applicable,V,Current prices,2007,,2066.184,,,,,,,,,,,,0,Units,1,One
DATAFLOW,OECD.ELS.HD:DSD_SHA@DF_SHA(1.1),Health expenditure and financing,I,SVN,Slovenia,A,Annual,EXP_HEALTH,Expenditure,USD_PPP_PS,"US dollars per person, PPP converted",_T,Total,_Z,Not application,_T,Total,_T,Total,_T,Total,_Z,Not applicable,_Z,Not applicable,V,Current prices,2011,,2376.637,,,,,,,,,,,,0,Units,1,One
DATAFLOW,OECD.ELS.HD:DSD_SHA@DF_SHA(1.1),Health expenditure and financing,I,SVN,Slovenia,A,Annual,EXP_HEALTH,Expenditure,USD_PPP_PS,"US dollars per person, PPP converted",_T,Total,_Z,Not application,_T,Total,_T,Total,_T,Total,_Z,Not applicable,_Z,Not applicable,V,Current prices,2001,,1554.216,,,,,,E,Estimated value,,,,,0,Units,1,One
DATAFLOW,OECD.ELS.HD:DSD_SHA@DF_SHA(1.1),Health expenditure and financing,I,SVN,Slovenia,A,Annual,EXP_HEALTH,Expenditure,USD_PPP_PS,"US dollars per person, PPP converted",_T,Total,_Z,Not application,_T,Total,_T,Total,_T,Total,_Z,Not applicable,_Z,Not applicable,V,Current prices,2000,,1464.331,,,,,,E,Estimated value,,,,,0,Units,1,One
DATAFLOW,OECD.ELS.HD:DSD_SHA@DF_SHA(1.1),Health expenditure and financing,I,SVN,Slovenia,A,Annual,EXP_HEALTH,Expenditure,USD_PPP_PS,"US dollars per person, PPP converted",_T,Total,_Z,Not application,_T,Total,_T,Total,_T,Total,_Z,Not applicable,_Z,Not applicable,V,Current prices,2003,,1785.726,,,,,,,,,,,,0,Units,1,One
DATAFLOW,OECD.ELS.HD:DSD_SHA@DF_SHA(1.1),Health expenditure and financing,I,SVN,Slovenia,A,Annual,EXP_HEALTH,Expenditure,USD_PPP_PS,"US dollars per person, PPP converted",_T,Total,_Z,Not application,_T,Total,_T,Total,_T,Total,_Z,Not applicable,_Z,Not applicable,V,Current prices,2004,,1857.221,,,,,,,,,,,,0,Units,1,One
DATAFLOW,OECD.ELS.HD:DSD_SHA@DF_SHA(1.1),Health expenditure and financing,I,SVN,Slovenia,A,Annual,EXP_HEALTH,Expenditure,USD_PPP_PS,"US dollars per person, PPP converted",_T,Total,_Z,Not application,_T,Total,_T,Total,_T,Total,_Z,Not applicable,_Z,Not applicable,V,Current prices,2002,,1736.558,,,,,,,,,,,,0,Units,1,One
DATAFLOW,OECD.ELS.HD:DSD_SHA@DF_SHA(1.1),Health expenditure and financing,I,SVN,Slovenia,A,Annual,EXP_HEALTH,Expenditure,USD_PPP_PS,"US dollars per person, PPP converted",_T,Total,_Z,Not application,_T,Total,_T,Total,_T,Total,_Z,Not applicable,_Z,Not applicable,V,Current prices,2014,,2499.108,,,,,,B,Time series break,,,,,0,Units,1,One
DATAFLOW,OECD.ELS.HD:DSD_SHA@DF_SHA(1.1),Health expenditure and financing,I,SVN,Slovenia,A,Annual,EXP_HEALTH,Expenditure,USD_PPP_PS,"US dollars per person, PPP converted",_T,Total,_Z,Not application,_T,Total,_T,Total,_T,Total,_Z,Not applicable,_Z,Not applicable,V,Current prices,2025,,5689.616,,,,,,E,Estimated value,,,,,0,Units,1,One
DATAFLOW,OECD.ELS.HD:DSD_SHA@DF_SHA(1.1),Health expenditure and financing,I,SVN,Slovenia,A,Annual,EXP_HEALTH,Expenditure,USD_PPP_PS,"US dollars per person, PPP converted",_T,Total,_Z,Not application,_T,Total,_T,Total,_T,Total,_Z,Not applicable,_Z,Not applicable,V,Current prices,2023,,5183.874,,,,,,,,,,,,0,Units,1,One
DATAFLOW,OECD.ELS.HD:DSD_SHA@DF_SHA(1.1),Health expenditure and financing,I,SVN,Slovenia,A,Annual,EXP_HEALTH,Expenditure,USD_PPP_PS,"US dollars per person, PPP converted",_T,Total,_Z,Not application,_T,Total,_T,Total,_T,Total,_Z,Not applicable,_Z,Not applicable,V,Current prices,2021,,4204.48,,,,,,,,,,,,0,Units,1,One
DATAFLOW,OECD.ELS.HD:DSD_SHA@DF_SHA(1.1),Health expenditure and financing,I,SVN,Slovenia,A,Annual,EXP_HEALTH,Expenditure,USD_PPP_PS,"US dollars per person, PPP converted",_T,Total,_Z,Not application,_T,Total,_T,Total,_T,Total,_Z,Not applicable,_Z,Not applicable,V,Current prices,2022,,4814.227,,,,,,,,,,,,0,Units,1,One
DATAFLOW,OECD.ELS.HD:DSD_SHA@DF_SHA(1.1),Health expenditure and financing,I,ESP,Spain,A,Annual,EXP_HEALTH,Expenditure,USD_PPP_PS,"US dollars per person, PPP converted",_T,Total,_Z,Not application,_T,Total,_T,Total,_T,Total,_Z,Not applicable,_Z,Not applicable,V,Current prices,2022,,4841.01,,,,,,,,,,,,0,Units,1,One
DATAFLOW,OECD.ELS.HD:DSD_SHA@DF_SHA(1.1),Health expenditure and financing,I,ESP,Spain,A,Annual,EXP_HEALTH,Expenditure,USD_PPP_PS,"US dollars per person, PPP converted",_T,Total,_Z,Not application,_T,Total,_T,Total,_T,Total,_Z,Not applicable,_Z,Not applicable,V,Current prices,2005,,2227.509,,,,,,,,,,,,0,Units,1,One
DATAFLOW,OECD.ELS.HD:DSD_SHA@DF_SHA(1.1),Health expenditure and financing,I,ESP,Spain,A,Annual,EXP_HEALTH,Expenditure,USD_PPP_PS,"US dollars per person, PPP converted",_T,Total,_Z,Not application,_T,Total,_T,Total,_T,Total,_Z,Not applicable,_Z,Not applicable,V,Current prices,2006,,2408.628,,,,,,,,,,,,0,Units,1,One
DATAFLOW,OECD.ELS.HD:DSD_SHA@DF_SHA(1.1),Health expenditure and financing,I,ESP,Spain,A,Annual,EXP_HEALTH,Expenditure,USD_PPP_PS,"US dollars per person, PPP converted",_T,Total,_Z,Not application,_T,Total,_T,Total,_T,Total,_Z,Not applicable,_Z,Not applicable,V,Current prices,2021,,4405.28,,,,,,,,,,,,0,Units,1,One
DATAFLOW,OECD.ELS.HD:DSD_SHA@DF_SHA(1.1),Health expenditure and financing,I,ESP,Spain,A,Annual,EXP_HEALTH,Expenditure,USD_PPP_PS,"US dollars per person, PPP converted",_T,Total,_Z,Not application,_T,Total,_T,Total,_T,Total,_Z,Not applicable,_Z,Not applicable,V,Current prices,2020,,3996.229,,,,,,,,,,,,0,Units,1,One
DATAFLOW,OECD.ELS.HD:DSD_SHA@DF_SHA(1.1),Health expenditure and financing,I,ESP,Spain,A,Annual,EXP_HEALTH,Expenditure,USD_PPP_PS,"US dollars per person, PPP converted",_T,Total,_Z,Not application,_T,Total,_T,Total,_T,Total,_Z,Not applicable,_Z,Not applicable,V,Current prices,2019,,3822.099,,,,,,,,,,,,0,Units,1,One
DATAFLOW,OECD.ELS.HD:DSD_SHA@DF_SHA(1.1),Health expenditure and financing,I,ESP,Spain,A,Annual,EXP_HEALTH,Expenditure,USD_PPP_PS,"US dollars per person, PPP converted",_T,Total,_Z,Not application,_T,Total,_T,Total,_T,Total,_Z,Not applicable,_Z,Not applicable,V,Current prices,2018,,3480.979,,,,,,,,,,,,0,Units,1,One
DATAFLOW,OECD.ELS.HD:DSD_SHA@DF_SHA(1.1),Health expenditure and financing,I,ESP,Spain,A,Annual,EXP_HEALTH,Expenditure,USD_PPP_PS,"US dollars per person, PPP converted",_T,Total,_Z,Not application,_T,Total,_T,Total,_T,Total,_Z,Not applicable,_Z,Not applicable,V,Current prices,2017,,3369.692,,,,,,,,,,,,0,Units,1,One
DATAFLOW,OECD.ELS.HD:DSD_SHA@DF_SHA(1.1),Health expenditure and financing,I,ESP,Spain,A,Annual,EXP_HEALTH,Expenditure,USD_PPP_PS,"US dollars per person, PPP converted",_T,Total,_Z,Not application,_T,Total,_T,Total,_T,Total,_Z,Not applicable,_Z,Not applicable,V,Current prices,2016,,3198.021,,,,,,,,,,,,0,Units,1,One
DATAFLOW,OECD.ELS.HD:DSD_SHA@DF_SHA(1.1),Health expenditure and financing,I,ESP,Spain,A,Annual,EXP_HEALTH,Expenditure,USD_PPP_PS,"US dollars per person, PPP converted",_T,Total,_Z,Not application,_T,Total,_T,Total,_T,Total,_Z,Not applicable,_Z,Not applicable,V,Current prices,2015,,3064.122,,,,,,,,,,,,0,Units,1,One
DATAFLOW,OECD.ELS.HD:DSD_SHA@DF_SHA(1.1),Health expenditure and financing,I,ESP,Spain,A,Annual,EXP_HEALTH,Expenditure,USD_PPP_PS,"US dollars per person, PPP converted",_T,Total,_Z,Not application,_T,Total,_T,Total,_T,Total,_Z,Not applicable,_Z,Not applicable,V,Current prices,2007,,2503.294,,,,,,,,,,,,0,Units,1,One
DATAFLOW,OECD.ELS.HD:DSD_SHA@DF_SHA(1.1),Health expenditure and financing,I,ESP,Spain,A,Annual,EXP_HEALTH,Expenditure,USD_PPP_PS,"US dollars per person, PPP converted",_T,Total,_Z,Not application,_T,Total,_T,Total,_T,Total,_Z,Not applicable,_Z,Not applicable,V,Current prices,2008,,2693.857,,,,,,,,,,,,0,Units,1,One
DATAFLOW,OECD.ELS.HD:DSD_SHA@DF_SHA(1.1),Health expenditure and financing,I,ESP,Spain,A,Annual,EXP_HEALTH,Expenditure,USD_PPP_PS,"US dollars per person, PPP converted",_T,Total,_Z,Not application,_T,Total,_T,Total,_T,Total,_Z,Not applicable,_Z,Not applicable,V,Current prices,2012,,2760.393,,,,,,,,,,,,0,Units,1,One
DATAFLOW,OECD.ELS.HD:DSD_SHA@DF_SHA(1.1),Health expenditure and financing,I,ESP,Spain,A,Annual,EXP_HEALTH,Expenditure,USD_PPP_PS,"US dollars per person, PPP converted",_T,Total,_Z,Not application,_T,Total,_T,Total,_T,Total,_Z,Not applicable,_Z,Not applicable,V,Current prices,2011,,2761.446,,,,,,,,,,,,0,Units,1,One
DATAFLOW,OECD.ELS.HD:DSD_SHA@DF_SHA(1.1),Health expenditure and financing,I,ESP,Spain,A,Annual,EXP_HEALTH,Expenditure,USD_PPP_PS,"US dollars per person, PPP converted",_T,Total,_Z,Not application,_T,Total,_T,Total,_T,Total,_Z,Not applicable,_Z,Not applicable,V,Current prices,2010,,2762.449,,,,,,,,,,,,0,Units,1,One
DATAFLOW,OECD.ELS.HD:DSD_SHA@DF_SHA(1.1),Health expenditure and financing,I,BGR,Bulgaria,A,Annual,EXP_HEALTH,Expenditure,USD_PPP_PS,"US dollars per person, PPP converted",_T,Total,_Z,Not application,_T,Total,_T,Total,_T,Total,_Z,Not applicable,_Z,Not applicable,V,Current prices,2019,,1884.787,,,,,,,,,,,,0,Units,1,One
DATAFLOW,OECD.ELS.HD:DSD_SHA@DF_SHA(1.1),Health expenditure and financing,I,BGR,Bulgaria,A,Annual,EXP_HEALTH,Expenditure,USD_PPP_PS,"US dollars per person, PPP converted",_T,Total,_Z,Not application,_T,Total,_T,Total,_T,Total,_Z,Not applicable,_Z,Not applicable,V,Current prices,2018,,1755.498,,,,,,,,,,,,0,Units,1,One
DATAFLOW,OECD.ELS.HD:DSD_SHA@DF_SHA(1.1),Health expenditure and financing,I,BGR,Bulgaria,A,Annual,EXP_HEALTH,Expenditure,USD_PPP_PS,"US dollars per person, PPP converted",_T,Total,_Z,Not application,_T,Total,_T,Total,_T,Total,_Z,Not applicable,_Z,Not applicable,V,Current prices,2017,,1651.587,,,,,,,,,,,,0,Units,1,One
DATAFLOW,OECD.ELS.HD:DSD_SHA@DF_SHA(1.1),Health expenditure and financing,I,BGR,Bulgaria,A,Annual,EXP_HEALTH,Expenditure,USD_PPP_PS,"US dollars per person, PPP converted",_T,Total,_Z,Not application,_T,Total,_T,Total,_T,Total,_Z,Not applicable,_Z,Not applicable,V,Current prices,2016,,1544.533,,,,,,,,,,,,0,Units,1,One
DATAFLOW,OECD.ELS.HD:DSD_SHA@DF_SHA(1.1),Health expenditure and financing,I,BGR,Bulgaria,A,Annual,EXP_HEALTH,Expenditure,USD_PPP_PS,"US dollars per person, PPP converted",_T,Total,_Z,Not application,_T,Total,_T,Total,_T,Total,_Z,Not applicable,_Z,Not applicable,V,Current prices,2015,,1386.813,,,,,,,,,,,,0,Units,1,One
DATAFLOW,OECD.ELS.HD:DSD_SHA@DF_SHA(1.1),Health expenditure and financing,I,BGR,Bulgaria,A,Annual,EXP_HEALTH,Expenditure,USD_PPP_PS,"US dollars per person, PPP converted",_T,Total,_Z,Not application,_T,Total,_T,Total,_T,Total,_Z,Not applicable,_Z,Not applicable,V,Current prices,2014,,1357.076,,,,,,,,,,,,0,Units,1,One
DATAFLOW,OECD.ELS.HD:DSD_SHA@DF_SHA(1.1),Health expenditure and financing,I,BGR,Bulgaria,A,Annual,EXP_HEALTH,Expenditure,USD_PPP_PS,"US dollars per person, PPP converted",_T,Total,_Z,Not application,_T,Total,_T,Total,_T,Total,_Z,Not applicable,_Z,Not applicable,V,Current prices,2013,,1177.698,,,,,,,,,,,,0,Units,1,One
DATAFLOW,OECD.ELS.HD:DSD_SHA@DF_SHA(1.1),Health expenditure and financing,I,BGR,Bulgaria,A,Annual,EXP_HEALTH,Expenditure,USD_PPP_PS,"US dollars per person, PPP converted",_T,Total,_Z,Not application,_T,Total,_T,Total,_T,Total,_Z,Not applicable,_Z,Not applicable,V,Current prices,2012,,1180.308,,,,,,,,,,,,0,Units,1,One
DATAFLOW,OECD.ELS.HD:DSD_SHA@DF_SHA(1.1),Health expenditure and financing,I,BGR,Bulgaria,A,Annual,EXP_HEALTH,Expenditure,USD_PPP_PS,"US dollars per person, PPP converted",_T,Total,_Z,Not application,_T,Total,_T,Total,_T,Total,_Z,Not applicable,_Z,Not applicable,V,Current prices,2011,,1084.652,,,,,,,,,,,,0,Units,1,One
DATAFLOW,OECD.ELS.HD:DSD_SHA@DF_SHA(1.1),Health expenditure and financing,I,BGR,Bulgaria,A,Annual,EXP_HEALTH,Expenditure,USD_PPP_PS,"US dollars per person, PPP converted",_T,Total,_Z,Not application,_T,Total,_T,Total,_T,Total,_Z,Not applicable,_Z,Not applicable,V,Current prices,2010,,970.293,,,,,,,,,,,,0,Units,1,One
DATAFLOW,OECD.ELS.HD:DSD_SHA@DF_SHA(1.1),Health expenditure and financing,I,BGR,Bulgaria,A,Annual,EXP_HEALTH,Expenditure,USD_PPP_PS,"US dollars per person, PPP converted",_T,Total,_Z,Not application,_T,Total,_T,Total,_T,Total,_Z,Not applicable,_Z,Not applicable,V,Current prices,2009,,852.424,,,,,,,,,,,,0,Units,1,One
DATAFLOW,OECD.ELS.HD:DSD_SHA@DF_SHA(1.1),Health expenditure and financing,I,BGR,Bulgaria,A,Annual,EXP_HEALTH,Expenditure,USD_PPP_PS,"US dollars per person, PPP converted",_T,Total,_Z,Not application,_T,Total,_T,Total,_T,Total,_Z,Not applicable,_Z,Not applicable,V,Current prices,2008,,813.823,,,,,,,,,,,,0,Units,1,One
DATAFLOW,OECD.ELS.HD:DSD_SHA@DF_SHA(1.1),Health expenditure and financing,I,CHN,China (People’s Republic of),A,Annual,EXP_HEALTH,Expenditure,USD_PPP_PS,"US dollars per person, PPP converted",_T,Total,_Z,Not application,_T,Total,_T,Total,_T,Total,_Z,Not applicable,_Z,Not applicable,V,Current prices,2023,,1518.941,,,,,,,,,,,,0,Units,1,One
DATAFLOW,OECD.ELS.HD:DSD_SHA@DF_SHA(1.1),Health expenditure and financing,I,CHN,China (People’s Republic of),A,Annual,EXP_HEALTH,Expenditure,USD_PPP_PS,"US dollars per person, PPP converted",_T,Total,_Z,Not application,_T,Total,_T,Total,_T,Total,_Z,Not applicable,_Z,Not applicable,V,Current prices,2022,,1372.911,,,,,,,,,,,,0,Units,1,One
DATAFLOW,OECD.ELS.HD:DSD_SHA@DF_SHA(1.1),Health expenditure and financing,I,CHN,China (People’s Republic of),A,Annual,EXP_HEALTH,Expenditure,USD_PPP_PS,"US dollars per person, PPP converted",_T,Total,_Z,Not application,_T,Total,_T,Total,_T,Total,_Z,Not applicable,_Z,Not applicable,V,Current prices,2021,,1109.462,,,,,,,,,,,,0,Units,1,One
DATAFLOW,OECD.ELS.HD:DSD_SHA@DF_SHA(1.1),Health expenditure and financing,I,CHN,China (People’s Republic of),A,Annual,EXP_HEALTH,Expenditure,USD_PPP_PS,"US dollars per person, PPP converted",_T,Total,_Z,Not application,_T,Total,_T,Total,_T,Total,_Z,Not applicable,_Z,Not applicable,V,Current prices,2020,,1030.111,,,,,,,,,,,,0,Units,1,One
DATAFLOW,OECD.ELS.HD:DSD_SHA@DF_SHA(1.1),Health expenditure and financing,I,CHN,China (People’s Republic of),A,Annual,EXP_HEALTH,Expenditure,USD_PPP_PS,"US dollars per person, PPP converted",_T,Total,_Z,Not application,_T,Total,_T,Total,_T,Total,_Z,Not applicable,_Z,Not applicable,V,Current prices,2019,,949.352,,,,,,,,,,,,0,Units,1,One
DATAFLOW,OECD.ELS.HD:DSD_SHA@DF_SHA(1.1),Health expenditure and financing,I,CHN,China (People’s Republic of),A,Annual,EXP_HEALTH,Expenditure,USD_PPP_PS,"US dollars per person, PPP converted",_T,Total,_Z,Not application,_T,Total,_T,Total,_T,Total,_Z,Not applicable,_Z,Not applicable,V,Current prices,2018,,851.444,,,,,,,,,,,,0,Units,1,One
DATAFLOW,OECD.ELS.HD:DSD_SHA@DF_SHA(1.1),Health expenditure and financing,I,CHN,China (People’s Republic of),A,Annual,EXP_HEALTH,Expenditure,USD_PPP_PS,"US dollars per person, PPP converted",_T,Total,_Z,Not application,_T,Total,_T,Total,_T,Total,_Z,Not applicable,_Z,Not applicable,V,Current prices,2017,,772.763,,,,,,,,,,,,0,Units,1,One
DATAFLOW,OECD.ELS.HD:DSD_SHA@DF_SHA(1.1),Health expenditure and financing,I,CHN,China (People’s Republic of),A,Annual,EXP_HEALTH,Expenditure,USD_PPP_PS,"US dollars per person, PPP converted",_T,Total,_Z,Not application,_T,Total,_T,Total,_T,Total,_Z,Not applicable,_Z,Not applicable,V,Current prices,2016,,672.853,,,,,,,,,,,,0,Units,1,One
DATAFLOW,OECD.ELS.HD:DSD_SHA@DF_SHA(1.1),Health expenditure and financing,I,CHN,China (People’s Republic of),A,Annual,EXP_HEALTH,Expenditure,USD_PPP_PS,"US dollars per person, PPP converted",_T,Total,_Z,Not application,_T,Total,_T,Total,_T,Total,_Z,Not applicable,_Z,Not applicable,V,Current prices,2015,,640.023,,,,,,,,,,,,0,Units,1,One
DATAFLOW,OECD.ELS.HD:DSD_SHA@DF_SHA(1.1),Health expenditure and financing,I,CHN,China (People’s Republic of),A,Annual,EXP_HEALTH,Expenditure,USD_PPP_PS,"US dollars per person, PPP converted",_T,Total,_Z,Not application,_T,Total,_T,Total,_T,Total,_Z,Not applicable,_Z,Not applicable,V,Current prices,2014,,600.448,,,,,,,,,,,,0,Units,1,One
DATAFLOW,OECD.ELS.HD:DSD_SHA@DF_SHA(1.1),Health expenditure and financing,I,CHN,China (People’s Republic of),A,Annual,EXP_HEALTH,Expenditure,USD_PPP_PS,"US dollars per person, PPP converted",_T,Total,_Z,Not application,_T,Total,_T,Total,_T,Total,_Z,Not applicable,_Z,Not applicable,V,Current prices,2013,,566.904,,,,,,,,,,,,0,Units,1,One
DATAFLOW,OECD.ELS.HD:DSD_SHA@DF_SHA(1.1),Health expenditure and financing,I,CHN,China (People’s Republic of),A,Annual,EXP_HEALTH,Expenditure,USD_PPP_PS,"US dollars per person, PPP converted",_T,Total,_Z,Not application,_T,Total,_T,Total,_T,Total,_Z,Not applicable,_Z,Not applicable,V,Current prices,2012,,514.271,,,,,,,,,,,,0,Units,1,One
DATAFLOW,OECD.ELS.HD:DSD_SHA@DF_SHA(1.1),Health expenditure and financing,I,CHN,China (People’s Republic of),A,Annual,EXP_HEALTH,Expenditure,USD_PPP_PS,"US dollars per person, PPP converted",_T,Total,_Z,Not application,_T,Total,_T,Total,_T,Total,_Z,Not applicable,_Z,Not applicable,V,Current prices,2011,,443.965,,,,,,,,,,,,0,Units,1,One
DATAFLOW,OECD.ELS.HD:DSD_SHA@DF_SHA(1.1),Health expenditure and financing,I,HRV,Croatia,A,Annual,EXP_HEALTH,Expenditure,USD_PPP_PS,"US dollars per person, PPP converted",_T,Total,_Z,Not application,_T,Total,_T,Total,_T,Total,_Z,Not applicable,_Z,Not applicable,V,Current prices,2015,,1448.155,,,,,,,,,,,,0,Units,1,One
DATAFLOW,OECD.ELS.HD:DSD_SHA@DF_SHA(1.1),Health expenditure and financing,I,HRV,Croatia,A,Annual,EXP_HEALTH,Expenditure,USD_PPP_PS,"US dollars per person, PPP converted",_T,Total,_Z,Not application,_T,Total,_T,Total,_T,Total,_Z,Not applicable,_Z,Not applicable,V,Current prices,2016,,1591.633,,,,,,,,,,,,0,Units,1,One
DATAFLOW,OECD.ELS.HD:DSD_SHA@DF_SHA(1.1),Health expenditure and financing,I,HRV,Croatia,A,Annual,EXP_HEALTH,Expenditure,USD_PPP_PS,"US dollars per person, PPP converted",_T,Total,_Z,Not application,_T,Total,_T,Total,_T,Total,_Z,Not applicable,_Z,Not applicable,V,Current prices,2019,,2019.987,,,,,,,,,,,,0,Units,1,One
DATAFLOW,OECD.ELS.HD:DSD_SHA@DF_SHA(1.1),Health expenditure and financing,I,HRV,Croatia,A,Annual,EXP_HEALTH,Expenditure,USD_PPP_PS,"US dollars per person, PPP converted",_T,Total,_Z,Not application,_T,Total,_T,Total,_T,Total,_Z,Not applicable,_Z,Not applicable,V,Current prices,2013,,1296.204,,,,,,B,Time series break,,,,,0,Units,1,One
DATAFLOW,OECD.ELS.HD:DSD_SHA@DF_SHA(1.1),Health expenditure and financing,I,HRV,Croatia,A,Annual,EXP_HEALTH,Expenditure,USD_PPP_PS,"US dollars per person, PPP converted",_T,Total,_Z,Not application,_T,Total,_T,Total,_T,Total,_Z,Not applicable,_Z,Not applicable,V,Current prices,2020,,2166.711,,,,,,,,,,,,0,Units,1,One
DATAFLOW,OECD.ELS.HD:DSD_SHA@DF_SHA(1.1),Health expenditure and financing,I,HRV,Croatia,A,Annual,EXP_HEALTH,Expenditure,USD_PPP_PS,"US dollars per person, PPP converted",_T,Total,_Z,Not application,_T,Total,_T,Total,_T,Total,_Z,Not applicable,_Z,Not applicable,V,Current prices,2021,,2717.751,,,,,,,,,,,,0,Units,1,One
DATAFLOW,OECD.ELS.HD:DSD_SHA@DF_SHA(1.1),Health expenditure and financing,I,HRV,Croatia,A,Annual,EXP_HEALTH,Expenditure,USD_PPP_PS,"US dollars per person, PPP converted",_T,Total,_Z,Not application,_T,Total,_T,Total,_T,Total,_Z,Not applicable,_Z,Not applicable,V,Current prices,2018,,1830.834,,,,,,,,,,,,0,Units,1,One
DATAFLOW,OECD.ELS.HD:DSD_SHA@DF_SHA(1.1),Health expenditure and financing,I,HRV,Croatia,A,Annual,EXP_HEALTH,Expenditure,USD_PPP_PS,"US dollars per person, PPP converted",_T,Total,_Z,Not application,_T,Total,_T,Total,_T,Total,_Z,Not applicable,_Z,Not applicable,V,Current prices,2012,,1454.817,,,,,,,,,,,,0,Units,1,One
DATAFLOW,OECD.ELS.HD:DSD_SHA@DF_SHA(1.1),Health expenditure and financing,I,HRV,Croatia,A,Annual,EXP_HEALTH,Expenditure,USD_PPP_PS,"US dollars per person, PPP converted",_T,Total,_Z,Not application,_T,Total,_T,Total,_T,Total,_Z,Not applicable,_Z,Not applicable,V,Current prices,2011,,1434.654,,,,,,B,Time series break,,,,,0,Units,1,One
DATAFLOW,OECD.ELS.HD:DSD_SHA@DF_SHA(1.1),Health expenditure and financing,I,HRV,Croatia,A,Annual,EXP_HEALTH,Expenditure,USD_PPP_PS,"US dollars per person, PPP converted",_T,Total,_Z,Not application,_T,Total,_T,Total,_T,Total,_Z,Not applicable,_Z,Not applicable,V,Current prices,2010,,1467.538,,,,,,E,Estimated value,,,,,0,Units,1,One
DATAFLOW,OECD.ELS.HD:DSD_SHA@DF_SHA(1.1),Health expenditure and financing,I,HRV,Croatia,A,Annual,EXP_HEALTH,Expenditure,USD_PPP_PS,"US dollars per person, PPP converted",_T,Total,_Z,Not application,_T,Total,_T,Total,_T,Total,_Z,Not applicable,_Z,Not applicable,V,Current prices,2009,,1475.332,,,,,,E,Estimated value,,,,,0,Units,1,One
DATAFLOW,OECD.ELS.HD:DSD_SHA@DF_SHA(1.1),Health expenditure and financing,I,HRV,Croatia,A,Annual,EXP_HEALTH,Expenditure,USD_PPP_PS,"US dollars per person, PPP converted",_T,Total,_Z,Not application,_T,Total,_T,Total,_T,Total,_Z,Not applicable,_Z,Not applicable,V,Current prices,2008,,1445.84,,,,,,E,Estimated value,,,,,0,Units,1,One
DATAFLOW,OECD.ELS.HD:DSD_SHA@DF_SHA(1.1),Health expenditure and financing,I,HRV,Croatia,A,Annual,EXP_HEALTH,Expenditure,USD_PPP_PS,"US dollars per person, PPP converted",_T,Total,_Z,Not application,_T,Total,_T,Total,_T,Total,_Z,Not applicable,_Z,Not applicable,V,Current prices,2007,,1292.624,,,,,,E,Estimated value,,,,,0,Units,1,One
DATAFLOW,OECD.ELS.HD:DSD_SHA@DF_SHA(1.1),Health expenditure and financing,I,HRV,Croatia,A,Annual,EXP_HEALTH,Expenditure,USD_PPP_PS,"US dollars per person, PPP converted",_T,Total,_Z,Not application,_T,Total,_T,Total,_T,Total,_Z,Not applicable,_Z,Not applicable,V,Current prices,2006,,1099.74,,,,,,E,Estimated value,,,,,0,Units,1,One
DATAFLOW,OECD.ELS.HD:DSD_SHA@DF_SHA(1.1),Health expenditure and financing,I,THA,Thailand,A,Annual,EXP_HEALTH,Expenditure,USD_PPP_PS,"US dollars per person, PPP converted",_T,Total,_Z,Not application,_T,Total,_T,Total,_T,Total,_Z,Not applicable,_Z,Not applicable,V,Current prices,2015,,626.957,,,,,,,,,,,,0,Units,1,One
DATAFLOW,OECD.ELS.HD:DSD_SHA@DF_SHA(1.1),Health expenditure and financing,I,THA,Thailand,A,Annual,EXP_HEALTH,Expenditure,USD_PPP_PS,"US dollars per person, PPP converted",_T,Total,_Z,Not application,_T,Total,_T,Total,_T,Total,_Z,Not applicable,_Z,Not applicable,V,Current prices,2014,,583.88,,,,,,,,,,,,0,Units,1,One
DATAFLOW,OECD.ELS.HD:DSD_SHA@DF_SHA(1.1),Health expenditure and financing,I,THA,Thailand,A,Annual,EXP_HEALTH,Expenditure,USD_PPP_PS,"US dollars per person, PPP converted",_T,Total,_Z,Not application,_T,Total,_T,Total,_T,Total,_Z,Not applicable,_Z,Not applicable,V,Current prices,2013,,545.365,,,,,,,,,,,,0,Units,1,One
DATAFLOW,OECD.ELS.HD:DSD_SHA@DF_SHA(1.1),Health expenditure and financing,I,THA,Thailand,A,Annual,EXP_HEALTH,Expenditure,USD_PPP_PS,"US dollars per person, PPP converted",_T,Total,_Z,Not application,_T,Total,_T,Total,_T,Total,_Z,Not applicable,_Z,Not applicable,V,Current prices,2012,,542.657,,,,,,,,,,,,0,Units,1,One
DATAFLOW,OECD.ELS.HD:DSD_SHA@DF_SHA(1.1),Health expenditure and financing,I,THA,Thailand,A,Annual,EXP_HEALTH,Expenditure,USD_PPP_PS,"US dollars per person, PPP converted",_T,Total,_Z,Not application,_T,Total,_T,Total,_T,Total,_Z,Not applicable,_Z,Not applicable,V,Current prices,2011,,495.601,,,,,,,,,,,,0,Units,1,One
DATAFLOW,OECD.ELS.HD:DSD_SHA@DF_SHA(1.1),Health expenditure and financing,I,SRB,Serbia,A,Annual,EXP_HEALTH,Expenditure,USD_PPP_PS,"US dollars per person, PPP converted",_T,Total,_Z,Not application,_T,Total,_T,Total,_T,Total,_Z,Not applicable,_Z,Not applicable,V,Current prices,2015,,1240.665,,,,,,,,,,,,0,Units,1,One
DATAFLOW,OECD.ELS.HD:DSD_SHA@DF_SHA(1.1),Health expenditure and financing,I,CYP,Cyprus,A,Annual,EXP_HEALTH,Expenditure,USD_PPP_PS,"US dollars per person, PPP converted",_T,Total,_Z,Not application,_T,Total,_T,Total,_T,Total,_Z,Not applicable,_Z,Not applicable,V,Current prices,2020,,3266.498,,,,,,,,,,,,0,Units,1,One
DATAFLOW,OECD.ELS.HD:DSD_SHA@DF_SHA(1.1),Health expenditure and financing,I,TUR,Türkiye,A,Annual,EXP_HEALTH,Expenditure,USD_PPP_PS,"US dollars per person, PPP converted",_T,Total,_Z,Not application,_T,Total,_T,Total,_T,Total,_Z,Not applicable,_Z,Not applicable,V,Current prices,2007,,733.393,,,,,,,,,,,,0,Units,1,One
DATAFLOW,OECD.ELS.HD:DSD_SHA@DF_SHA(1.1),Health expenditure and financing,I,TUR,Türkiye,A,Annual,EXP_HEALTH,Expenditure,USD_PPP_PS,"US dollars per person, PPP converted",_T,Total,_Z,Not application,_T,Total,_T,Total,_T,Total,_Z,Not applicable,_Z,Not applicable,V,Current prices,2006,,677.859,,,,,,,,,,,,0,Units,1,One
DATAFLOW,OECD.ELS.HD:DSD_SHA@DF_SHA(1.1),Health expenditure and financing,I,GBR,United Kingdom,A,Annual,EXP_HEALTH,Expenditure,USD_PPP_PS,"US dollars per person, PPP converted",_T,Total,_Z,Not application,_T,Total,_T,Total,_T,Total,_Z,Not applicable,_Z,Not applicable,V,Current prices,2024,,7008.285,,,,,,,,,,,,0,Units,1,One
DATAFLOW,OECD.ELS.HD:DSD_SHA@DF_SHA(1.1),Health expenditure and financing,I,GBR,United Kingdom,A,Annual,EXP_HEALTH,Expenditure,USD_PPP_PS,"US dollars per person, PPP converted",_T,Total,_Z,Not application,_T,Total,_T,Total,_T,Total,_Z,Not applicable,_Z,Not applicable,V,Current prices,2023,,6664.45,,,,,,,,,,,,0,Units,1,One
DATAFLOW,OECD.ELS.HD:DSD_SHA@DF_SHA(1.1),Health expenditure and financing,I,GBR,United Kingdom,A,Annual,EXP_HEALTH,Expenditure,USD_PPP_PS,"US dollars per person, PPP converted",_T,Total,_Z,Not application,_T,Total,_T,Total,_T,Total,_Z,Not applicable,_Z,Not applicable,V,Current prices,2025,,7327.645,,,,,,P,Provisional value,,,,,0,Units,1,One
DATAFLOW,OECD.ELS.HD:DSD_SHA@DF_SHA(1.1),Health expenditure and financing,I,GBR,United Kingdom,A,Annual,EXP_HEALTH,Expenditure,USD_PPP_PS,"US dollars per person, PPP converted",_T,Total,_Z,Not application,_T,Total,_T,Total,_T,Total,_Z,Not applicable,_Z,Not applicable,V,Current prices,2022,,6274.233,,,,,,,,,,,,0,Units,1,One
DATAFLOW,OECD.ELS.HD:DSD_SHA@DF_SHA(1.1),Health expenditure and financing,I,GBR,United Kingdom,A,Annual,EXP_HEALTH,Expenditure,USD_PPP_PS,"US dollars per person, PPP converted",_T,Total,_Z,Not application,_T,Total,_T,Total,_T,Total,_Z,Not applicable,_Z,Not applicable,V,Current prices,2021,,5823.679,,,,,,,,,,,,0,Units,1,One
DATAFLOW,OECD.ELS.HD:DSD_SHA@DF_SHA(1.1),Health expenditure and financing,I,GBR,United Kingdom,A,Annual,EXP_HEALTH,Expenditure,USD_PPP_PS,"US dollars per person, PPP converted",_T,Total,_Z,Not application,_T,Total,_T,Total,_T,Total,_Z,Not applicable,_Z,Not applicable,V,Current prices,2020,,5408.519,,,,,,,,,,,,0,Units,1,One
DATAFLOW,OECD.ELS.HD:DSD_SHA@DF_SHA(1.1),Health expenditure and financing,I,GBR,United Kingdom,A,Annual,EXP_HEALTH,Expenditure,USD_PPP_PS,"US dollars per person, PPP converted",_T,Total,_Z,Not application,_T,Total,_T,Total,_T,Total,_Z,Not applicable,_Z,Not applicable,V,Current prices,2019,,4572.812,,,,,,,,,,,,0,Units,1,One
DATAFLOW,OECD.ELS.HD:DSD_SHA@DF_SHA(1.1),Health expenditure and financing,I,GBR,United Kingdom,A,Annual,EXP_HEALTH,Expenditure,USD_PPP_PS,"US dollars per person, PPP converted",_T,Total,_Z,Not application,_T,Total,_T,Total,_T,Total,_Z,Not applicable,_Z,Not applicable,V,Current prices,2018,,4223.095,,,,,,,,,,,,0,Units,1,One
DATAFLOW,OECD.ELS.HD:DSD_SHA@DF_SHA(1.1),Health expenditure and financing,I,GBR,United Kingdom,A,Annual,EXP_HEALTH,Expenditure,USD_PPP_PS,"US dollars per person, PPP converted",_T,Total,_Z,Not application,_T,Total,_T,Total,_T,Total,_Z,Not applicable,_Z,Not applicable,V,Current prices,2017,,4101.825,,,,,,,,,,,,0,Units,1,One
DATAFLOW,OECD.ELS.HD:DSD_SHA@DF_SHA(1.1),Health expenditure and financing,I,GBR,United Kingdom,A,Annual,EXP_HEALTH,Expenditure,USD_PPP_PS,"US dollars per person, PPP converted",_T,Total,_Z,Not application,_T,Total,_T,Total,_T,Total,_Z,Not applicable,_Z,Not applicable,V,Current prices,2016,,3997.019,,,,,,,,,,,,0,Units,1,One
DATAFLOW,OECD.ELS.HD:DSD_SHA@DF_SHA(1.1),Health expenditure and financing,I,GBR,United Kingdom,A,Annual,EXP_HEALTH,Expenditure,USD_PPP_PS,"US dollars per person, PPP converted",_T,Total,_Z,Not application,_T,Total,_T,Total,_T,Total,_Z,Not applicable,_Z,Not applicable,V,Current prices,2015,,3847.832,,,,,,,,,,,,0,Units,1,One
DATAFLOW,OECD.ELS.HD:DSD_SHA@DF_SHA(1.1),Health expenditure and financing,I,GBR,United Kingdom,A,Annual,EXP_HEALTH,Expenditure,USD_PPP_PS,"US dollars per person, PPP converted",_T,Total,_Z,Not application,_T,Total,_T,Total,_T,Total,_Z,Not applicable,_Z,Not applicable,V,Current prices,2014,,3787.138,,,,,,,,,,,,0,Units,1,One
DATAFLOW,OECD.ELS.HD:DSD_SHA@DF_SHA(1.1),Health expenditure and financing,I,GBR,United Kingdom,A,Annual,EXP_HEALTH,Expenditure,USD_PPP_PS,"US dollars per person, PPP converted",_T,Total,_Z,Not application,_T,Total,_T,Total,_T,Total,_Z,Not applicable,_Z,Not applicable,V,Current prices,2013,,3690.732,,,,,,,,,,,,0,Units,1,One
DATAFLOW,OECD.ELS.HD:DSD_SHA@DF_SHA(1.1),Health expenditure and financing,I,GBR,United Kingdom,A,Annual,EXP_HEALTH,Expenditure,USD_PPP_PS,"US dollars per person, PPP converted",_T,Total,_Z,Not application,_T,Total,_T,Total,_T,Total,_Z,Not applicable,_Z,Not applicable,V,Current prices,2012,,3630.305,,,,,,,,,,,,0,Units,1,One
DATAFLOW,OECD.ELS.HD:DSD_SHA@DF_SHA(1.1),Health expenditure and financing,I,GBR,United Kingdom,A,Annual,EXP_HEALTH,Expenditure,USD_PPP_PS,"US dollars per person, PPP converted",_T,Total,_Z,Not application,_T,Total,_T,Total,_T,Total,_Z,Not applicable,_Z,Not applicable,V,Current prices,2011,,3456.35,,,,,,,,,,,,0,Units,1,One
DATAFLOW,OECD.ELS.HD:DSD_SHA@DF_SHA(1.1),Health expenditure and financing,I,GBR,United Kingdom,A,Annual,EXP_HEALTH,Expenditure,USD_PPP_PS,"US dollars per person, PPP converted",_T,Total,_Z,Not application,_T,Total,_T,Total,_T,Total,_Z,Not applicable,_Z,Not applicable,V,Current prices,2010,,3406.949,,,,,,,,,,,,0,Units,1,One
DATAFLOW,OECD.ELS.HD:DSD_SHA@DF_SHA(1.1),Health expenditure and financing,I,GBR,United Kingdom,A,Annual,EXP_HEALTH,Expenditure,USD_PPP_PS,"US dollars per person, PPP converted",_T,Total,_Z,Not application,_T,Total,_T,Total,_T,Total,_Z,Not applicable,_Z,Not applicable,V,Current prices,2009,,3274.501,,,,,,,,,,,,0,Units,1,One
DATAFLOW,OECD.ELS.HD:DSD_SHA@DF_SHA(1.1),Health expenditure and financing,I,GBR,United Kingdom,A,Annual,EXP_HEALTH,Expenditure,USD_PPP_PS,"US dollars per person, PPP converted",_T,Total,_Z,Not application,_T,Total,_T,Total,_T,Total,_Z,Not applicable,_Z,Not applicable,V,Current prices,2008,,3225.398,,,,,,,,,,,,0,Units,1,One
DATAFLOW,OECD.ELS.HD:DSD_SHA@DF_SHA(1.1),Health expenditure and financing,I,GBR,United Kingdom,A,Annual,EXP_HEALTH,Expenditure,USD_PPP_PS,"US dollars per person, PPP converted",_T,Total,_Z,Not application,_T,Total,_T,Total,_T,Total,_Z,Not applicable,_Z,Not applicable,V,Current prices,2007,,3095.653,,,,,,,,,,,,0,Units,1,One
DATAFLOW,OECD.ELS.HD:DSD_SHA@DF_SHA(1.1),Health expenditure and financing,I,GBR,United Kingdom,A,Annual,EXP_HEALTH,Expenditure,USD_PPP_PS,"US dollars per person, PPP converted",_T,Total,_Z,Not application,_T,Total,_T,Total,_T,Total,_Z,Not applicable,_Z,Not applicable,V,Current prices,2006,,2943.98,,,,,,,,,,,,0,Units,1,One
DATAFLOW,OECD.ELS.HD:DSD_SHA@DF_SHA(1.1),Health expenditure and financing,I,GBR,United Kingdom,A,Annual,EXP_HEALTH,Expenditure,USD_PPP_PS,"US dollars per person, PPP converted",_T,Total,_Z,Not application,_T,Total,_T,Total,_T,Total,_Z,Not applicable,_Z,Not applicable,V,Current prices,2005,,2759.466,,,,,,,,,,,,0,Units,1,One
DATAFLOW,OECD.ELS.HD:DSD_SHA@DF_SHA(1.1),Health expenditure and financing,I,GBR,United Kingdom,A,Annual,EXP_HEALTH,Expenditure,USD_PPP_PS,"US dollars per person, PPP converted",_T,Total,_Z,Not application,_T,Total,_T,Total,_T,Total,_Z,Not applicable,_Z,Not applicable,V,Current prices,2004,,2756.626,,,,,,,,,,,,0,Units,1,One
DATAFLOW,OECD.ELS.HD:DSD_SHA@DF_SHA(1.1),Health expenditure and financing,I,GBR,United Kingdom,A,Annual,EXP_HEALTH,Expenditure,USD_PPP_PS,"US dollars per person, PPP converted",_T,Total,_Z,Not application,_T,Total,_T,Total,_T,Total,_Z,Not applicable,_Z,Not applicable,V,Current prices,2003,,2487.596,,,,,,,,,,,,0,Units,1,One
DATAFLOW,OECD.ELS.HD:DSD_SHA@DF_SHA(1.1),Health expenditure and financing,I,GBR,United Kingdom,A,Annual,EXP_HEALTH,Expenditure,USD_PPP_PS,"US dollars per person, PPP converted",_T,Total,_Z,Not application,_T,Total,_T,Total,_T,Total,_Z,Not applicable,_Z,Not applicable,V,Current prices,2002,,2370.239,,,,,,,,,,,,0,Units,1,One
DATAFLOW,OECD.ELS.HD:DSD_SHA@DF_SHA(1.1),Health expenditure and financing,I,GBR,United Kingdom,A,Annual,EXP_HEALTH,Expenditure,USD_PPP_PS,"US dollars per person, PPP converted",_T,Total,_Z,Not application,_T,Total,_T,Total,_T,Total,_Z,Not applicable,_Z,Not applicable,V,Current prices,2001,,2114.794,,,,,,,,,,,,0,Units,1,One
DATAFLOW,OECD.ELS.HD:DSD_SHA@DF_SHA(1.1),Health expenditure and financing,I,GBR,United Kingdom,A,Annual,EXP_HEALTH,Expenditure,USD_PPP_PS,"US dollars per person, PPP converted",_T,Total,_Z,Not application,_T,Total,_T,Total,_T,Total,_Z,Not applicable,_Z,Not applicable,V,Current prices,2000,,1909.329,,,,,,,,,,,,0,Units,1,One
DATAFLOW,OECD.ELS.HD:DSD_SHA@DF_SHA(1.1),Health expenditure and financing,I,USA,United States,A,Annual,EXP_HEALTH,Expenditure,USD_PPP_PS,"US dollars per person, PPP converted",_T,Total,_Z,Not application,_T,Total,_T,Total,_T,Total,_Z,Not applicable,_Z,Not applicable,V,Current prices,2001,,4886.511,,,,,,,,,,,,0,Units,1,One
DATAFLOW,OECD.ELS.HD:DSD_SHA@DF_SHA(1.1),Health expenditure and financing,I,USA,United States,A,Annual,EXP_HEALTH,Expenditure,USD_PPP_PS,"US dollars per person, PPP converted",_T,Total,_Z,Not application,_T,Total,_T,Total,_T,Total,_Z,Not applicable,_Z,Not applicable,V,Current prices,2025,,15843.279,,,,,,E,Estimated value,,,,,0,Units,1,One
DATAFLOW,OECD.ELS.HD:DSD_SHA@DF_SHA(1.1),Health expenditure and financing,I,USA,United States,A,Annual,EXP_HEALTH,Expenditure,USD_PPP_PS,"US dollars per person, PPP converted",_T,Total,_Z,Not application,_T,Total,_T,Total,_T,Total,_Z,Not applicable,_Z,Not applicable,V,Current prices,2000,,4534.731,,,,,,,,,,,,0,Units,1,One
DATAFLOW,OECD.ELS.HD:DSD_SHA@DF_SHA(1.1),Health expenditure and financing,I,USA,United States,A,Annual,EXP_HEALTH,Expenditure,USD_PPP_PS,"US dollars per person, PPP converted",_T,Total,_Z,Not application,_T,Total,_T,Total,_T,Total,_Z,Not applicable,_Z,Not applicable,V,Current prices,2024,,14823.139,,,,,,,,,,,,0,Units,1,One
DATAFLOW,OECD.ELS.HD:DSD_SHA@DF_SHA(1.1),Health expenditure and financing,I,USA,United States,A,Annual,EXP_HEALTH,Expenditure,USD_PPP_PS,"US dollars per person, PPP converted",_T,Total,_Z,Not application,_T,Total,_T,Total,_T,Total,_Z,Not applicable,_Z,Not applicable,V,Current prices,2023,,13932.605,,,,,,,,,,,,0,Units,1,One
DATAFLOW,OECD.ELS.HD:DSD_SHA@DF_SHA(1.1),Health expenditure and financing,I,USA,United States,A,Annual,EXP_HEALTH,Expenditure,USD_PPP_PS,"US dollars per person, PPP converted",_T,Total,_Z,Not application,_T,Total,_T,Total,_T,Total,_Z,Not applicable,_Z,Not applicable,V,Current prices,2022,,13061.949,,,,,,,,,,,,0,Units,1,One
DATAFLOW,OECD.ELS.HD:DSD_SHA@DF_SHA(1.1),Health expenditure and financing,I,USA,United States,A,Annual,EXP_HEALTH,Expenditure,USD_PPP_PS,"US dollars per person, PPP converted",_T,Total,_Z,Not application,_T,Total,_T,Total,_T,Total,_Z,Not applicable,_Z,Not applicable,V,Current prices,2021,,12523.743,,,,,,,,,,,,0,Units,1,One
DATAFLOW,OECD.ELS.HD:DSD_SHA@DF_SHA(1.1),Health expenditure and financing,I,USA,United States,A,Annual,EXP_HEALTH,Expenditure,USD_PPP_PS,"US dollars per person, PPP converted",_T,Total,_Z,Not application,_T,Total,_T,Total,_T,Total,_Z,Not applicable,_Z,Not applicable,V,Current prices,2020,,12076.794,,,,,,,,,,,,0,Units,1,One
DATAFLOW,OECD.ELS.HD:DSD_SHA@DF_SHA(1.1),Health expenditure and financing,I,USA,United States,A,Annual,EXP_HEALTH,Expenditure,USD_PPP_PS,"US dollars per person, PPP converted",_T,Total,_Z,Not application,_T,Total,_T,Total,_T,Total,_Z,Not applicable,_Z,Not applicable,V,Current prices,2019,,10922.221,,,,,,,,,,,,0,Units,1,One
DATAFLOW,OECD.ELS.HD:DSD_SHA@DF_SHA(1.1),Health expenditure and financing,I,USA,United States,A,Annual,EXP_HEALTH,Expenditure,USD_PPP_PS,"US dollars per person, PPP converted",_T,Total,_Z,Not application,_T,Total,_T,Total,_T,Total,_Z,Not applicable,_Z,Not applicable,V,Current prices,2018,,10486.068,,,,,,,,,,,,0,Units,1,One
DATAFLOW,OECD.ELS.HD:DSD_SHA@DF_SHA(1.1),Health expenditure and financing,I,USA,United States,A,Annual,EXP_HEALTH,Expenditure,USD_PPP_PS,"US dollars per person, PPP converted",_T,Total,_Z,Not application,_T,Total,_T,Total,_T,Total,_Z,Not applicable,_Z,Not applicable,V,Current prices,2017,,10045.443,,,,,,,,,,,,0,Units,1,One
DATAFLOW,OECD.ELS.HD:DSD_SHA@DF_SHA(1.1),Health expenditure and financing,I,USA,United States,A,Annual,EXP_HEALTH,Expenditure,USD_PPP_PS,"US dollars per person, PPP converted",_T,Total,_Z,Not application,_T,Total,_T,Total,_T,Total,_Z,Not applicable,_Z,Not applicable,V,Current prices,2016,,9727.216,,,,,,,,,,,,0,Units,1,One
DATAFLOW,OECD.ELS.HD:DSD_SHA@DF_SHA(1.1),Health expenditure and financing,I,USA,United States,A,Annual,EXP_HEALTH,Expenditure,USD_PPP_PS,"US dollars per person, PPP converted",_T,Total,_Z,Not application,_T,Total,_T,Total,_T,Total,_Z,Not applicable,_Z,Not applicable,V,Current prices,2015,,9360.445,,,,,,,,,,,,0,Units,1,One
DATAFLOW,OECD.ELS.HD:DSD_SHA@DF_SHA(1.1),Health expenditure and financing,I,USA,United States,A,Annual,EXP_HEALTH,Expenditure,USD_PPP_PS,"US dollars per person, PPP converted",_T,Total,_Z,Not application,_T,Total,_T,Total,_T,Total,_Z,Not applicable,_Z,Not applicable,V,Current prices,2014,,8928.283,,,,,,,,,,,,0,Units,1,One
DATAFLOW,OECD.ELS.HD:DSD_SHA@DF_SHA(1.1),Health expenditure and financing,I,MNE,Montenegro,A,Annual,EXP_HEALTH,Expenditure,USD_PPP_PS,"US dollars per person, PPP converted",_T,Total,_Z,Not application,_T,Total,_T,Total,_T,Total,_Z,Not applicable,_Z,Not applicable,V,Current prices,2014,,1184.72,,,,,,,,,,,,0,Units,1,One
DATAFLOW,OECD.ELS.HD:DSD_SHA@DF_SHA(1.1),Health expenditure and financing,I,MNE,Montenegro,A,Annual,EXP_HEALTH,Expenditure,USD_PPP_PS,"US dollars per person, PPP converted",_T,Total,_Z,Not application,_T,Total,_T,Total,_T,Total,_Z,Not applicable,_Z,Not applicable,V,Current prices,2013,,1203.387,,,,,,,,,,,,0,Units,1,One
DATAFLOW,OECD.ELS.HD:DSD_SHA@DF_SHA(1.1),Health expenditure and financing,I,MNE,Montenegro,A,Annual,EXP_HEALTH,Expenditure,USD_PPP_PS,"US dollars per person, PPP converted",_T,Total,_Z,Not application,_T,Total,_T,Total,_T,Total,_Z,Not applicable,_Z,Not applicable,V,Current prices,2012,,1100.447,,,,,,,,,,,,0,Units,1,One
DATAFLOW,OECD.ELS.HD:DSD_SHA@DF_SHA(1.1),Health expenditure and financing,I,BGR,Bulgaria,A,Annual,EXP_HEALTH,Expenditure,USD_PPP_PS,"US dollars per person, PPP converted",_T,Total,_Z,Not application,_T,Total,_T,Total,_T,Total,_Z,Not applicable,_Z,Not applicable,V,Current prices,2006,,678.042,,,,,,,,,,,,0,Units,1,One
DATAFLOW,OECD.ELS.HD:DSD_SHA@DF_SHA(1.1),Health expenditure and financing,I,BGR,Bulgaria,A,Annual,EXP_HEALTH,Expenditure,USD_PPP_PS,"US dollars per person, PPP converted",_T,Total,_Z,Not application,_T,Total,_T,Total,_T,Total,_Z,Not applicable,_Z,Not applicable,V,Current prices,2005,,662.588,,,,,,,,,,,,0,Units,1,One
DATAFLOW,OECD.ELS.HD:DSD_SHA@DF_SHA(1.1),Health expenditure and financing,I,BGR,Bulgaria,A,Annual,EXP_HEALTH,Expenditure,USD_PPP_PS,"US dollars per person, PPP converted",_T,Total,_Z,Not application,_T,Total,_T,Total,_T,Total,_Z,Not applicable,_Z,Not applicable,V,Current prices,2004,,599.083,,,,,,,,,,,,0,Units,1,One
DATAFLOW,OECD.ELS.HD:DSD_SHA@DF_SHA(1.1),Health expenditure and financing,I,BGR,Bulgaria,A,Annual,EXP_HEALTH,Expenditure,USD_PPP_PS,"US dollars per person, PPP converted",_T,Total,_Z,Not application,_T,Total,_T,Total,_T,Total,_Z,Not applicable,_Z,Not applicable,V,Current prices,2003,,571.26,,,,,,,,,,,,0,Units,1,One
DATAFLOW,OECD.ELS.HD:DSD_SHA@DF_SHA(1.1),Health expenditure and financing,I,BGR,Bulgaria,A,Annual,EXP_HEALTH,Expenditure,USD_PPP_PS,"US dollars per person, PPP converted",_T,Total,_Z,Not application,_T,Total,_T,Total,_T,Total,_Z,Not applicable,_Z,Not applicable,V,Current prices,2021,,2654.428,,,,,,,,,,,,0,Units,1,One
